Peptide,-10lgP,Mass,Length,ppm,m/z,RT,1/k0 Range,Area Sample 3,Fraction,Precursor Id,Source File,#Feature,#Feature Sample 3,Accession,PTM,AScore,Found By
EEAPSLRPVAPPISAGGYQPRPA,69.57,2359.2283,23,10.2,787.4208,41.70,0.9432-0.9711,3.946E3,3,14405,FF_T_2404_Pig_Rerun_Sample_C_S1-A3_1_493.d,2,2,tr|F1RX37|F1RX37_PIG,,,PEAKS DB
EEAPSLRPVAPPISAGGYQPRP,67.79,2288.1912,22,11.2,763.7424,41.71,0.9064-0.9343,1.9948E4,3,14428,FF_T_2404_Pig_Rerun_Sample_C_S1-A3_1_493.d,2,2,tr|F1RX37|F1RX37_PIG,,,PEAKS DB
EVQDKGEFLAEGGGVR,66.66,1689.8322,16,0.6,564.2822,41.71,0.8662-0.8941,1.6365E5,3,14398,FF_T_2404_Pig_Rerun_Sample_C_S1-A3_1_493.d,6,6,tr|F1RX36|F1RX36_PIG,,,PEAKS DB
AEVQDKGEFLAEGGGVR,66.57,1760.8693,17,-0.3,587.9606,41.71,0.8840-0.9120,4.0159E4,3,14406,FF_T_2404_Pig_Rerun_Sample_C_S1-A3_1_493.d,6,6,tr|F1RX36|F1RX36_PIG,,,PEAKS DB
AIDYDEDEDGRPKVHVDA,65.48,2042.9181,18,9.7,1022.4711,41.75,1.1953-1.2230,7.7999E4,3,14518,FF_T_2404_Pig_Rerun_Sample_C_S1-A3_1_493.d,7,7,tr|F1RX37|F1RX37_PIG,,,PEAKS DB
FTDFWDYTPKPEPSSS,64.84,1902.8312,16,9.3,952.4270,41.62,1.1278-1.1555,2.5272E2,3,14162,FF_T_2404_Pig_Rerun_Sample_C_S1-A3_1_493.d,1,1,P27917|APOC3_PIG,,,PEAKS DB
EVQDKGEFLAEGGGV,64.82,1533.7311,15,7.3,767.8746,21.60,1.0267-1.0545,5.0761E3,3,4431,FF_T_2404_Pig_Rerun_Sample_C_S1-A3_1_493.d,3,3,tr|F1RX36|F1RX36_PIG,,,PEAKS DB
AEVQDKGEFLAEGGGV,62.45,1604.7682,16,4.5,803.3910,21.98,1.0556-1.0834,8.3673E4,3,4507,FF_T_2404_Pig_Rerun_Sample_C_S1-A3_1_493.d,9,9,tr|F1RX36|F1RX36_PIG,,,PEAKS DB
EDTSLLDKM(+15.99)QDYVKQAT,62.23,1999.9408,17,3.0,667.6529,20.02,0.8538-0.8818,1.9098E4,3,4057,FF_T_2404_Pig_Rerun_Sample_C_S1-A3_1_493.d,4,4,P27917|APOC3_PIG,Oxidation (M),M9:Oxidation (M):1000.00,PEAKS DB
TAQDALTSVKESEVAQQA,61.51,1874.9221,18,4.0,938.4675,19.20,1.1466-1.1743,2.0819E4,3,3881,FF_T_2404_Pig_Rerun_Sample_C_S1-A3_1_493.d,2,2,P27917|APOC3_PIG,,,PEAKS DB
APSLRPVAPPISAGGYQPRP,61.17,2030.1061,20,1.3,677.7068,23.34,0.8617-0.8896,0,3,4769,FF_T_2404_Pig_Rerun_Sample_C_S1-A3_1_493.d,0,0,tr|F1RX37|F1RX37_PIG,,,PEAKS DB
DYDEDEDGRPKV,60.70,1436.6055,12,3.8,719.3092,9.49,0.9688-0.9967,2.6079E2,3,1646,FF_T_2404_Pig_Rerun_Sample_C_S1-A3_1_493.d,1,1,tr|F1RX37|F1RX37_PIG,,,PEAKS DB
EAPSLRPVAPPISAGGYQPRP,60.53,2159.1487,21,8.0,720.7257,41.71,0.9053-0.9332,2.1317E3,3,14460,FF_T_2404_Pig_Rerun_Sample_C_S1-A3_1_493.d,1,1,tr|F1RX37|F1RX37_PIG,,,PEAKS DB
DNEEQEYIKTV,60.52,1366.6252,11,3.3,684.3188,19.37,0.9466-0.9744,5.1146E2,3,3932,FF_T_2404_Pig_Rerun_Sample_C_S1-A3_1_493.d,1,1,P19619|ANXA1_PIG,,,PEAKS DB
M(+15.99)EDEADSEEGLDLKGGHV,60.26,1945.8210,18,1.3,649.6119,16.49,0.9220-0.9499,4.7664E2,3,3362,FF_T_2404_Pig_Rerun_Sample_C_S1-A3_1_493.d,1,1,tr|F1RX36|F1RX36_PIG,Oxidation (M),M1:Oxidation (M):1000.00,PEAKS DB
DEDEDGRPKVHVDA,60.15,1580.7067,14,10.5,791.3650,41.74,1.0323-1.0601,1.589E5,3,14521,FF_T_2404_Pig_Rerun_Sample_C_S1-A3_1_493.d,5,5,tr|F1RX37|F1RX37_PIG,,,PEAKS DB
TAQDALTSVKESEV,59.75,1476.7307,14,1.0,739.3697,18.75,1.0034-1.0312,2.6749E2,3,3818,FF_T_2404_Pig_Rerun_Sample_C_S1-A3_1_493.d,1,1,P27917|APOC3_PIG,,,PEAKS DB
EAPSLRPVAPPISAGGYQPRPA,59.35,2230.1858,22,2.4,744.4006,23.78,0.8885-0.9164,2.4639E2,3,4819,FF_T_2404_Pig_Rerun_Sample_C_S1-A3_1_493.d,1,1,tr|F1RX37|F1RX37_PIG,,,PEAKS DB
YDEDEDGRPKVHVDA,59.19,1743.7699,15,7.1,872.8941,41.75,1.0879-1.1156,4.9453E4,3,14568,FF_T_2404_Pig_Rerun_Sample_C_S1-A3_1_493.d,9,9,tr|F1RX37|F1RX37_PIG,,,PEAKS DB
APPISAGGYQPRPA,59.01,1380.7150,14,0.9,691.3619,15.35,0.9454-0.9733,1.6479E3,3,3107,FF_T_2404_Pig_Rerun_Sample_C_S1-A3_1_493.d,1,1,tr|F1RX37|F1RX37_PIG,,,PEAKS DB
DKGEFLAEGGGVR,58.40,1333.6626,13,4.4,667.8382,41.68,0.9655-0.9934,5.2065E4,3,14336,FF_T_2404_Pig_Rerun_Sample_C_S1-A3_1_493.d,4,4,tr|F1RX36|F1RX36_PIG,,,PEAKS DB
DYDEDEDGRPKVHVDA,58.27,1858.7969,16,8.0,930.4086,41.75,1.1056-1.1333,1.3156E4,3,14531,FF_T_2404_Pig_Rerun_Sample_C_S1-A3_1_493.d,3,3,tr|F1RX37|F1RX37_PIG,,,PEAKS DB
DKGEFLAEGGGV,57.62,1177.5615,12,-2.7,589.7835,21.60,0.8974-0.9254,4.3312E5,3,4432,FF_T_2404_Pig_Rerun_Sample_C_S1-A3_1_493.d,2,2,tr|F1RX36|F1RX36_PIG,,,PEAKS DB
AQDALTSVKESEVAQQA,57.42,1773.8744,17,8.6,887.9477,17.73,1.1089-1.1367,0,3,3655,FF_T_2404_Pig_Rerun_Sample_C_S1-A3_1_493.d,0,0,P27917|APOC3_PIG,,,PEAKS DB
QDKGEFLAEGGGV,56.89,1305.6200,13,2.2,653.8155,20.13,0.9387-0.9666,3.7717E4,3,4040,FF_T_2404_Pig_Rerun_Sample_C_S1-A3_1_493.d,6,6,tr|F1RX36|F1RX36_PIG,,,PEAKS DB
VGGQAGAHGAEAL,56.57,1136.5574,13,-0.3,569.2830,9.87,0.8606-0.8885,4.8234E3,3,1733,FF_T_2404_Pig_Rerun_Sample_C_S1-A3_1_493.d,1,1,P01965|HBA_PIG,,,PEAKS DB
RTAQDALTSVKESEVAQQA,56.21,2031.0232,19,4.0,678.0143,41.65,0.8538-0.8818,2.3379E3,3,14206,FF_T_2404_Pig_Rerun_Sample_C_S1-A3_1_493.d,2,2,P27917|APOC3_PIG,,,PEAKS DB
VGGQAGAHGAEALE,56.18,1265.6000,14,1.1,633.8048,9.84,0.9108-0.9387,1.1713E4,3,1696,FF_T_2404_Pig_Rerun_Sample_C_S1-A3_1_493.d,2,2,P01965|HBA_PIG,,,PEAKS DB
DEDEDGRPKV,56.14,1158.5153,10,0.9,580.2626,37.84,0.8650-0.8930,3.8209E4,3,8253,FF_T_2404_Pig_Rerun_Sample_C_S1-A3_1_493.d,4,4,tr|F1RX37|F1RX37_PIG,,,PEAKS DB
EDTSLLDKM(+15.99)QD,56.00,1309.5708,11,2.0,655.7908,13.08,0.9521-0.9800,5.7268E2,3,2497,FF_T_2404_Pig_Rerun_Sample_C_S1-A3_1_493.d,1,1,P27917|APOC3_PIG,Oxidation (M),M9:Oxidation (M):1000.00,PEAKS DB
TRTAQDALTSVKESEVAQQA,55.90,2132.0708,20,3.8,711.6967,41.64,0.8952-0.9231,1.5642E3,3,14252,FF_T_2404_Pig_Rerun_Sample_C_S1-A3_1_493.d,2,2,P27917|APOC3_PIG,,,PEAKS DB
DETSLSRDPFPDFFSPV,55.65,1954.8948,17,2.6,978.4523,41.81,1.1311-1.1588,4.7241E3,3,14829,FF_T_2404_Pig_Rerun_Sample_C_S1-A3_1_493.d,2,2,tr|F1RX36|F1RX36_PIG,,,PEAKS DB
VQDKGEFLAEGGGV,55.36,1404.6885,14,3.2,703.3503,20.77,0.9666-0.9945,9.2758E4,3,4164,FF_T_2404_Pig_Rerun_Sample_C_S1-A3_1_493.d,7,7,tr|F1RX36|F1RX36_PIG,,,PEAKS DB
GSDLAGFFHPDGPEYSSSS,55.32,1955.8173,19,9.8,978.9207,30.78,1.1511-1.1787,0,3,6085,FF_T_2404_Pig_Rerun_Sample_C_S1-A3_1_493.d,0,0,tr|F1RX36|F1RX36_PIG,,,PEAKS DB
EEAPSLRPVAPPISA,55.30,1532.8198,15,6.8,767.4186,25.96,1.0056-1.0334,1.2745E3,3,5130,FF_T_2404_Pig_Rerun_Sample_C_S1-A3_1_493.d,1,1,tr|F1RX37|F1RX37_PIG,,,PEAKS DB
DNEEQEYIKT,55.11,1267.5568,10,1.7,634.7836,13.81,0.9153-0.9432,7.9016E2,3,2634,FF_T_2404_Pig_Rerun_Sample_C_S1-A3_1_493.d,1,1,P19619|ANXA1_PIG,,,PEAKS DB
ESFGDLSNADAVM(+15.99)GNPK,54.95,1766.7781,17,5.8,884.3971,20.05,1.1034-1.1311,1.9486E3,3,4047,FF_T_2404_Pig_Rerun_Sample_C_S1-A3_1_493.d,1,1,P02067|HBB_PIG,Oxidation (M),M13:Oxidation (M):1000.00,PEAKS DB
TAQDALTSVKESEVAQQ,54.87,1803.8850,17,6.2,902.9509,17.30,1.1001-1.1278,0,3,3560,FF_T_2404_Pig_Rerun_Sample_C_S1-A3_1_493.d,0,0,P27917|APOC3_PIG,,,PEAKS DB
EGLQGHAVQETDVPR,54.44,1634.8013,15,-2.0,545.9373,11.72,0.7990-0.8270,0,3,2247,FF_T_2404_Pig_Rerun_Sample_C_S1-A3_1_493.d,0,0,P50447|A1AT_PIG,,,PEAKS DB
TDFWDYTPKPEPSSS,54.28,1755.7627,15,-1.4,878.8831,28.99,1.0767-1.1045,3.1722E1,3,5811,FF_T_2404_Pig_Rerun_Sample_C_S1-A3_1_493.d,1,1,P27917|APOC3_PIG,,,PEAKS DB
EEAPSLRPVAPPISAGGYQPRPAKVAIGQ,54.14,2955.5930,29,1.1,739.9027,24.89,0.9956-1.0234,5.4252E2,3,4980,FF_T_2404_Pig_Rerun_Sample_C_S1-A3_1_493.d,1,1,tr|F1RX37|F1RX37_PIG,,,PEAKS DB
FTKDNPVKGSPGAPSFAAGPPISEG,53.90,2427.2070,25,3.0,810.0747,22.43,0.9276-0.9555,1.3984E2,3,4593,FF_T_2404_Pig_Rerun_Sample_C_S1-A3_1_493.d,1,1,O19084|CDSN_PIG,,,PEAKS DB
DTSLLDKM(+15.99)QDYV,53.67,1442.6599,12,0.7,722.3342,24.10,0.9922-1.0201,7.2864E2,3,4868,FF_T_2404_Pig_Rerun_Sample_C_S1-A3_1_493.d,1,1,P27917|APOC3_PIG,Oxidation (M),M8:Oxidation (M):1000.00,PEAKS DB
DYDEDEDGRPK,53.47,1337.5371,11,5.4,669.7761,5.37,0.9276-0.9555,2.7575E3,3,479,FF_T_2404_Pig_Rerun_Sample_C_S1-A3_1_493.d,4,4,tr|F1RX37|F1RX37_PIG,,,PEAKS DB
TQARETPPEWKALLETRQV,53.39,2252.1912,19,7.1,751.7393,41.76,0.9466-0.9744,6.3556E2,3,14663,FF_T_2404_Pig_Rerun_Sample_C_S1-A3_1_493.d,1,1,tr|F1RX36|F1RX36_PIG,,,PEAKS DB
DDFQNKWQEEM(+15.99)ET,53.35,1714.6781,13,9.0,858.3498,18.29,1.0323-1.0601,3.1969E2,3,3743,FF_T_2404_Pig_Rerun_Sample_C_S1-A3_1_493.d,1,1,P18648|APOA1_PIG,Oxidation (M),M11:Oxidation (M):1000.00,PEAKS DB
DSEEGLDLKGGHV,53.34,1354.6365,13,8.3,678.3278,15.75,0.9811-1.0089,1.2282E2,3,3208,FF_T_2404_Pig_Rerun_Sample_C_S1-A3_1_493.d,1,1,tr|F1RX36|F1RX36_PIG,,,PEAKS DB
DGPEYSSSSKISSHS,53.20,1566.6798,15,9.5,784.3508,7.39,1.0078-1.0356,0,3,1136,FF_T_2404_Pig_Rerun_Sample_C_S1-A3_1_493.d,0,0,tr|F1RX36|F1RX36_PIG,,,PEAKS DB
VLSAADKANVKAA,52.99,1256.7087,13,3.5,629.3607,8.35,0.9164-0.9443,3.8503E2,3,1343,FF_T_2404_Pig_Rerun_Sample_C_S1-A3_1_493.d,1,1,P01965|HBA_PIG,,,PEAKS DB
DYTPKPEPSSS,52.94,1206.5404,11,1.4,604.2753,8.65,0.8706-0.8986,1.657E3,3,1435,FF_T_2404_Pig_Rerun_Sample_C_S1-A3_1_493.d,1,1,P27917|APOC3_PIG,,,PEAKS DB
EDTSLLDKM(+15.99)QDY,52.79,1472.6340,12,0.9,737.3213,18.40,0.9822-1.0101,8.0979E2,3,3757,FF_T_2404_Pig_Rerun_Sample_C_S1-A3_1_493.d,1,1,P27917|APOC3_PIG,Oxidation (M),M9:Oxidation (M):1000.00,PEAKS DB
DLSNADAVM(+15.99)GNPKV,52.62,1445.6820,14,1.0,723.8455,15.89,0.9532-0.9811,4.2974E2,3,3251,FF_T_2404_Pig_Rerun_Sample_C_S1-A3_1_493.d,1,1,P02067|HBB_PIG,Oxidation (M),M9:Oxidation (M):1000.00,PEAKS DB
LAWIQEHTTS,52.56,1184.5825,10,0.6,593.2960,21.02,0.8885-0.9164,9.2298E3,3,4286,FF_T_2404_Pig_Rerun_Sample_C_S1-A3_1_493.d,3,3,O97507|FA12_PIG,,,PEAKS DB
IEAEDTSLLDKM(+15.99)QDYVKQAT,52.44,2313.1045,20,3.1,772.0407,22.61,0.9053-0.9332,0,3,4625,FF_T_2404_Pig_Rerun_Sample_C_S1-A3_1_493.d,0,0,P27917|APOC3_PIG,Oxidation (M),M12:Oxidation (M):1000.00,PEAKS DB
QDALTSVKESEVAQQA,52.32,1702.8373,16,4.4,852.4254,17.69,1.0945-1.1222,5.0186E2,3,3646,FF_T_2404_Pig_Rerun_Sample_C_S1-A3_1_493.d,1,1,P27917|APOC3_PIG,,,PEAKS DB
DGPEYSSSSKISS,52.28,1342.5889,13,-0.1,672.2983,9.54,0.9187-0.9466,1.1411E2,3,1653,FF_T_2404_Pig_Rerun_Sample_C_S1-A3_1_493.d,1,1,tr|F1RX36|F1RX36_PIG,,,PEAKS DB
GGLGGGLGGGLGGGGG,52.21,1098.5417,16,-6.2,550.2720,22.66,0.8538-0.8818,0,3,4632,FF_T_2404_Pig_Rerun_Sample_C_S1-A3_1_493.d,0,0,O02773|MA1A1_PIG,,,PEAKS DB
M(+15.99)QSAVSISSSTSAPSDNQ,52.17,1811.7843,18,3.9,906.8985,13.99,1.0934-1.1211,0,3,2686,FF_T_2404_Pig_Rerun_Sample_C_S1-A3_1_493.d,0,0,P18650|APOE_PIG,Oxidation (M),M1:Oxidation (M):1000.00,PEAKS DB
DTSLLDKM(+15.99)QDY,51.91,1343.5914,11,-3.0,672.7977,19.18,0.9309-0.9588,1.8572E2,3,3893,FF_T_2404_Pig_Rerun_Sample_C_S1-A3_1_493.d,1,1,P27917|APOC3_PIG,Oxidation (M),M8:Oxidation (M):1000.00,PEAKS DB
NPTDLLAIDSKTGIIT,51.79,1670.9091,16,5.4,836.4622,41.65,1.1123-1.1400,3.1054E2,3,14228,FF_T_2404_Pig_Rerun_Sample_C_S1-A3_1_493.d,1,1,Q3BDI7|DSG1_PIG,,,PEAKS DB
REEAPSLRPVAPPISAGGYQPRP,51.74,2444.2922,23,1.2,612.0781,21.91,0.9254-0.9532,4.8704E2,3,4522,FF_T_2404_Pig_Rerun_Sample_C_S1-A3_1_493.d,1,1,tr|F1RX37|F1RX37_PIG,,,PEAKS DB
EDEDGRPKVHVDA,51.73,1465.6797,13,4.5,733.8468,41.75,0.9967-1.0245,9.9724E3,3,14562,FF_T_2404_Pig_Rerun_Sample_C_S1-A3_1_493.d,2,2,tr|F1RX37|F1RX37_PIG,,,PEAKS DB
DEDGRPKVHVDA,51.40,1336.6371,12,6.8,669.3271,41.75,0.9622-0.9900,1.8179E4,3,14534,FF_T_2404_Pig_Rerun_Sample_C_S1-A3_1_493.d,3,3,tr|F1RX37|F1RX37_PIG,,,PEAKS DB
EEAPSLRPVAPPISAGGYQP,51.21,2035.0374,20,1.4,1018.5223,28.19,1.1776-1.2053,0,3,5633,FF_T_2404_Pig_Rerun_Sample_C_S1-A3_1_493.d,0,0,tr|F1RX37|F1RX37_PIG,,,PEAKS DB
TINREGGAVESKSY,51.16,1509.7423,14,-0.5,504.2520,7.19,0.7350-0.7631,0,3,1084,FF_T_2404_Pig_Rerun_Sample_C_S1-A3_1_493.d,0,0,tr|F1RX36|F1RX36_PIG,,,PEAKS DB
QDKGEFLAEGGGVR,51.13,1461.7212,14,5.4,731.8682,41.71,1.0045-1.0323,9.3501E2,3,14468,FF_T_2404_Pig_Rerun_Sample_C_S1-A3_1_493.d,1,1,tr|F1RX36|F1RX36_PIG,,,PEAKS DB
DYDEDEDGRP,51.10,1209.4421,10,1.5,605.7263,7.78,0.8684-0.8963,4.3512E2,3,1227,FF_T_2404_Pig_Rerun_Sample_C_S1-A3_1_493.d,1,1,tr|F1RX37|F1RX37_PIG,,,PEAKS DB
ALTSVKESEVAQQA,50.88,1459.7518,14,4.7,730.8830,13.42,0.9945-1.0223,2.7406E2,3,2573,FF_T_2404_Pig_Rerun_Sample_C_S1-A3_1_493.d,1,1,P27917|APOC3_PIG,,,PEAKS DB
TAQDALTSVKESEVAQ,50.77,1675.8264,16,-1.8,838.9149,17.39,1.0823-1.1100,1.4493E2,3,3585,FF_T_2404_Pig_Rerun_Sample_C_S1-A3_1_493.d,1,1,P27917|APOC3_PIG,,,PEAKS DB
YDEDEDGRPKV,50.73,1321.5786,11,4.2,661.7961,7.75,0.9365-0.9644,0,3,1231,FF_T_2404_Pig_Rerun_Sample_C_S1-A3_1_493.d,0,0,tr|F1RX37|F1RX37_PIG,,,PEAKS DB
YDEDEDGRP,50.56,1094.4152,9,0.0,548.2122,7.55,0.8203-0.8483,1.9366E3,3,1165,FF_T_2404_Pig_Rerun_Sample_C_S1-A3_1_493.d,1,1,tr|F1RX37|F1RX37_PIG,,,PEAKS DB
IDYDEDEDGRPKVHVDA,50.36,1971.8810,17,4.9,658.3009,41.73,0.8919-0.9198,3.9331E3,3,14586,FF_T_2404_Pig_Rerun_Sample_C_S1-A3_1_493.d,2,2,tr|F1RX37|F1RX37_PIG,,,PEAKS DB
VQDKGEFLAEGGGVR,50.28,1560.7896,15,0.9,521.2684,14.30,0.8292-0.8572,1.5683E3,3,2740,FF_T_2404_Pig_Rerun_Sample_C_S1-A3_1_493.d,2,2,tr|F1RX36|F1RX36_PIG,,,PEAKS DB
DEDEDGRPK,50.12,1059.4468,9,-4.4,530.7257,4.37,0.8192-0.8471,1.409E4,3,113,FF_T_2404_Pig_Rerun_Sample_C_S1-A3_1_493.d,4,4,tr|F1RX37|F1RX37_PIG,,,PEAKS DB
TKDNPVKGSPGAPSFAAGPPISEG,50.11,2280.1384,24,-1.0,761.0489,20.70,0.8796-0.9075,0,3,4230,FF_T_2404_Pig_Rerun_Sample_C_S1-A3_1_493.d,0,0,O19084|CDSN_PIG,,,PEAKS DB
QATRTAQDALTSVKESEVAQQA,50.05,2331.1665,22,-0.4,778.0586,18.27,0.9287-0.9566,0,3,3748,FF_T_2404_Pig_Rerun_Sample_C_S1-A3_1_493.d,0,0,P27917|APOC3_PIG,,,PEAKS DB
DLSNADAVM(+15.99)GNPK,49.98,1346.6136,13,2.1,674.3122,10.54,0.9153-0.9432,2.8848E3,3,1881,FF_T_2404_Pig_Rerun_Sample_C_S1-A3_1_493.d,1,1,P02067|HBB_PIG,Oxidation (M),M9:Oxidation (M):1000.00,PEAKS DB
DNPVKGSPGAPS,49.95,1124.5461,12,0.4,563.2778,7.74,0.8292-0.8572,2.3568E3,3,1210,FF_T_2404_Pig_Rerun_Sample_C_S1-A3_1_493.d,1,1,O19084|CDSN_PIG,,,PEAKS DB
SISSSTSAPSDNQ,49.92,1279.5527,13,1.1,640.7812,7.43,0.9086-0.9365,1.0094E3,3,1137,FF_T_2404_Pig_Rerun_Sample_C_S1-A3_1_493.d,1,1,P18650|APOE_PIG,,,PEAKS DB
DTTPSNPDWGT,49.87,1189.4888,11,-2.6,595.7472,17.94,0.8281-0.8561,6.6355E2,3,3685,FF_T_2404_Pig_Rerun_Sample_C_S1-A3_1_493.d,1,1,tr|F1RX36|F1RX36_PIG,,,PEAKS DB
DTSLLDKM(+15.99)QDYVKQAT,49.84,1870.8982,16,-0.1,624.6368,20.60,0.8236-0.8516,1.1736E3,3,4206,FF_T_2404_Pig_Rerun_Sample_C_S1-A3_1_493.d,1,1,P27917|APOC3_PIG,Oxidation (M),M8:Oxidation (M):1000.00,PEAKS DB
VGM(+15.99)GQKDSYVGDEAQS,49.63,1685.7202,16,2.6,843.8654,8.52,1.0401-1.0679,3.8086E1,3,1399,FF_T_2404_Pig_Rerun_Sample_C_S1-A3_1_493.d,1,1,Q6QAQ1|ACTB_PIG,Oxidation (M),M3:Oxidation (M):1000.00,PEAKS DB
VGGQAGAHGAEA,49.50,1023.4733,12,-2.8,512.7400,4.62,0.7979-0.8259,0,3,163,FF_T_2404_Pig_Rerun_Sample_C_S1-A3_1_493.d,0,0,P01965|HBA_PIG,,,PEAKS DB
YDEDEDGRPK,49.46,1222.5101,10,3.0,612.2612,4.66,0.8930-0.9209,0,3,177,FF_T_2404_Pig_Rerun_Sample_C_S1-A3_1_493.d,0,0,tr|F1RX37|F1RX37_PIG,,,PEAKS DB
GARPPPPPPPPADEPQQGP,49.46,1900.9431,19,-4.9,634.6487,13.01,0.8382-0.8662,0,3,2498,FF_T_2404_Pig_Rerun_Sample_C_S1-A3_1_493.d,0,0,Q95JC9|PRP_PIG,,,PEAKS DB
AIDYDEDEDGRPK,49.43,1521.6582,13,-4.1,508.2221,8.47,0.7889-0.8169,0,3,1396,FF_T_2404_Pig_Rerun_Sample_C_S1-A3_1_493.d,0,0,tr|F1RX37|F1RX37_PIG,,,PEAKS DB
DALTSVKESEVAQQA,49.28,1574.7787,15,5.2,788.3968,18.58,1.0556-1.0834,5.0936E3,3,3779,FF_T_2404_Pig_Rerun_Sample_C_S1-A3_1_493.d,1,1,P27917|APOC3_PIG,,,PEAKS DB
EVSGSVSPGTKSEVHTS,49.09,1686.8060,17,-1.0,563.2726,6.90,0.8046-0.8326,3.0173E3,3,972,FF_T_2404_Pig_Rerun_Sample_C_S1-A3_1_493.d,1,1,tr|F1RX36|F1RX36_PIG,,,PEAKS DB
EDEADSEEGLDLKGGHV,49.02,1798.7856,17,-2.7,600.5979,16.61,0.8863-0.9142,0,3,3412,FF_T_2404_Pig_Rerun_Sample_C_S1-A3_1_493.d,0,0,tr|F1RX36|F1RX36_PIG,,,PEAKS DB
SPLPDITPADF,48.71,1171.5760,11,3.7,586.7946,36.82,0.8952-0.9231,8.9739E2,3,8401,FF_T_2404_Pig_Rerun_Sample_C_S1-A3_1_493.d,1,1,tr|F1RX36|F1RX36_PIG,,,PEAKS DB
VGGQAGAHGAEALER,48.65,1421.7010,15,2.1,474.9063,7.54,0.7440-0.7721,0,3,1183,FF_T_2404_Pig_Rerun_Sample_C_S1-A3_1_493.d,0,0,P01965|HBA_PIG,,,PEAKS DB
DSGDGVTHTVPIYEG,48.56,1545.6947,15,5.1,773.8547,21.69,0.9945-1.0223,1.6183E2,3,4477,FF_T_2404_Pig_Rerun_Sample_C_S1-A3_1_493.d,1,1,Q6QAQ1|ACTB_PIG,,,PEAKS DB
DDFNPSVHASLD,48.48,1315.5680,12,1.2,658.7888,21.11,0.9254-0.9532,2.2035E2,3,4299,FF_T_2404_Pig_Rerun_Sample_C_S1-A3_1_493.d,1,1,P01965|HBA_PIG,,,PEAKS DB
WDYTPKPEPSSS,48.43,1392.6198,12,4.5,697.3168,15.98,0.9477-0.9755,2.2844E2,3,3259,FF_T_2404_Pig_Rerun_Sample_C_S1-A3_1_493.d,1,1,P27917|APOC3_PIG,,,PEAKS DB
KGEFLAEGGGV,48.41,1062.5345,11,-0.6,532.2716,19.35,0.8337-0.8617,2.2651E4,3,3911,FF_T_2404_Pig_Rerun_Sample_C_S1-A3_1_493.d,6,6,tr|F1RX36|F1RX36_PIG,,,PEAKS DB
FFESFGDLSNADAV,48.41,1517.6674,14,5.7,759.8416,36.84,1.0234-1.0512,1.2939E3,3,8399,FF_T_2404_Pig_Rerun_Sample_C_S1-A3_1_493.d,1,1,P02067|HBB_PIG,,,PEAKS DB
VLSAADKANVKA,48.25,1185.6716,12,0.2,593.8403,8.34,0.9075-0.9354,1.0172E3,3,1338,FF_T_2404_Pig_Rerun_Sample_C_S1-A3_1_493.d,2,2,P01965|HBA_PIG,,,PEAKS DB
RPPPGPPPPGPPPPGP,48.23,1509.8091,16,4.0,755.9111,15.04,0.9811-1.0089,2.3285E3,3,2882,FF_T_2404_Pig_Rerun_Sample_C_S1-A3_1_493.d,2,2,Q95JC9|PRP_PIG,,,PEAKS DB
DDLPGALSALSD,48.14,1172.5560,12,2.9,587.2841,34.48,0.8852-0.9131,1.6816E2,3,7098,FF_T_2404_Pig_Rerun_Sample_C_S1-A3_1_493.d,1,1,P01965|HBA_PIG,,,PEAKS DB
RVDPVNFKLLSH,48.11,1423.7936,12,-3.4,475.6012,41.77,0.7979-0.8259,0,3,14710,FF_T_2404_Pig_Rerun_Sample_C_S1-A3_1_493.d,0,0,P01965|HBA_PIG,,,PEAKS DB
NEEQEYIKT,48.05,1152.5299,9,-0.7,577.2690,11.72,0.8673-0.8952,0,3,2246,FF_T_2404_Pig_Rerun_Sample_C_S1-A3_1_493.d,0,0,P19619|ANXA1_PIG,,,PEAKS DB
EEAEERADIAESQVN,47.95,1688.7489,15,-1.3,845.3765,11.89,1.0279-1.0556,0,3,2298,FF_T_2404_Pig_Rerun_Sample_C_S1-A3_1_493.d,0,0,Q9TV63|MYH2_PIG:Q9TV62|MYH4_PIG:Q9TV61|MYH1_PIG,,,PEAKS DB
VHLSAEEKEAV,47.83,1210.6194,11,-7.8,606.3093,10.35,0.9108-0.9387,0,3,1847,FF_T_2404_Pig_Rerun_Sample_C_S1-A3_1_493.d,0,0,P02067|HBB_PIG,,,PEAKS DB
ESFGDLSNADAV,47.81,1223.5305,12,-1.0,612.7689,27.44,0.9131-0.9410,0,3,5496,FF_T_2404_Pig_Rerun_Sample_C_S1-A3_1_493.d,0,0,P02067|HBB_PIG,,,PEAKS DB
DEDGRPKV,47.66,914.4457,8,-4.0,458.2261,38.69,0.7844-0.8124,1.0418E5,3,10613,FF_T_2404_Pig_Rerun_Sample_C_S1-A3_1_493.d,5,5,tr|F1RX37|F1RX37_PIG,,,PEAKS DB
ESFGDLSNADAVM(+15.99)GNPKV,47.59,1865.8466,18,5.7,933.9313,23.95,1.1333-1.1610,5.0555E2,3,4840,FF_T_2404_Pig_Rerun_Sample_C_S1-A3_1_493.d,1,1,P02067|HBB_PIG,Oxidation (M),M13:Oxidation (M):1000.00,PEAKS DB
DLLAIDSKTGIIT,47.51,1358.7656,13,-5.3,680.3831,32.86,0.9677-0.9956,0,3,6519,FF_T_2404_Pig_Rerun_Sample_C_S1-A3_1_493.d,0,0,Q3BDI7|DSG1_PIG,,,PEAKS DB
EDTSLLDKM(+15.99)QDYV,47.42,1571.7025,13,3.9,786.8577,23.17,1.0434-1.0712,6.3918E2,3,4719,FF_T_2404_Pig_Rerun_Sample_C_S1-A3_1_493.d,1,1,P27917|APOC3_PIG,Oxidation (M),M9:Oxidation (M):1000.00,PEAKS DB
SAVSISSSTSAPSDNQ,47.39,1536.6903,16,3.1,769.3510,13.20,1.0123-1.0401,0,3,2533,FF_T_2404_Pig_Rerun_Sample_C_S1-A3_1_493.d,0,0,P18650|APOE_PIG,,,PEAKS DB
DFWDYTPKPEPSSS,47.28,1654.7151,14,3.9,828.3640,29.58,1.0434-1.0712,6.3676E2,3,5893,FF_T_2404_Pig_Rerun_Sample_C_S1-A3_1_493.d,2,2,P27917|APOC3_PIG,,,PEAKS DB
TAQDALTSVKE,47.20,1161.5876,11,-7.6,581.7938,12.94,0.8628-0.8907,0,3,2474,FF_T_2404_Pig_Rerun_Sample_C_S1-A3_1_493.d,0,0,P27917|APOC3_PIG,,,PEAKS DB
EDTSLLDKM(+15.99)QDYVKQA,47.07,1898.8931,16,0.9,633.9691,41.63,0.8225-0.8505,7.3789E2,3,14193,FF_T_2404_Pig_Rerun_Sample_C_S1-A3_1_493.d,2,2,P27917|APOC3_PIG,Oxidation (M),M9:Oxidation (M):1000.00,PEAKS DB
FPPPNFPGPRFPPPNFPGPR,47.01,2231.1428,20,7.2,744.7232,41.77,0.9209-0.9488,5.2406E3,3,14616,FF_T_2404_Pig_Rerun_Sample_C_S1-A3_1_493.d,1,1,P51524|PF11_PIG,,,PEAKS DB
TINREGGAVES,46.88,1131.5520,11,-0.9,566.7800,6.00,0.8270-0.8550,7.2845E3,3,644,FF_T_2404_Pig_Rerun_Sample_C_S1-A3_1_493.d,1,1,tr|F1RX36|F1RX36_PIG,,,PEAKS DB
GGQAGAHGAEAL,46.86,1037.4890,12,-14.3,519.7418,7.77,0.8080-0.8359,4.4788E2,3,1237,FF_T_2404_Pig_Rerun_Sample_C_S1-A3_1_493.d,1,1,P01965|HBA_PIG,,,PEAKS DB
EEIPPADLSDQVPDTESETKILLQGTPVAQM(+15.99)VEDA,46.47,3780.8137,35,0.3,1261.2727,41.44,1.2274-1.2550,0,3,13747,FF_T_2404_Pig_Rerun_Sample_C_S1-A3_1_493.d,0,0,P01025|CO3_PIG,Oxidation (M),M31:Oxidation (M):1000.00,PEAKS DB
FESFGDLSNADAVM(+15.99)GNPK,46.42,1913.8464,18,2.2,957.9279,25.33,1.1344-1.1621,0,3,5039,FF_T_2404_Pig_Rerun_Sample_C_S1-A3_1_493.d,0,0,P02067|HBB_PIG,Oxidation (M),M14:Oxidation (M):1000.00,PEAKS DB
RPVAPPISAGGYQP,46.22,1408.7462,14,1.1,705.3777,19.95,0.9499-0.9778,0,3,4044,FF_T_2404_Pig_Rerun_Sample_C_S1-A3_1_493.d,0,0,tr|F1RX37|F1RX37_PIG,,,PEAKS DB
EEAPSLRPVAPPIS,46.13,1461.7827,14,3.0,731.8972,24.49,0.9844-1.0123,1.1847E2,3,4915,FF_T_2404_Pig_Rerun_Sample_C_S1-A3_1_493.d,1,1,tr|F1RX37|F1RX37_PIG,,,PEAKS DB
FTDFWDYTPKPEPS,46.10,1728.7671,14,9.6,865.3948,41.65,1.0934-1.1211,0,3,14290,FF_T_2404_Pig_Rerun_Sample_C_S1-A3_1_493.d,0,0,P27917|APOC3_PIG,,,PEAKS DB
NVDEVGGEALGR,46.07,1214.5891,12,6.0,608.3025,14.30,0.8896-0.9175,0,3,2752,FF_T_2404_Pig_Rerun_Sample_C_S1-A3_1_493.d,0,0,P02067|HBB_PIG,,,PEAKS DB
EVSGSVSPGTKSEVHT,45.73,1599.7740,16,-1.9,534.2617,7.81,0.7766-0.8046,0,3,1246,FF_T_2404_Pig_Rerun_Sample_C_S1-A3_1_493.d,0,0,tr|F1RX36|F1RX36_PIG,,,PEAKS DB
LANVSTVLTSKYR,45.66,1450.8143,13,-0.6,484.6094,20.63,0.7867-0.8147,0,3,4208,FF_T_2404_Pig_Rerun_Sample_C_S1-A3_1_493.d,0,0,P01965|HBA_PIG,,,PEAKS DB
GGSISHGPGSVPGTGSPGGLKPGSY,45.65,2209.0762,25,2.3,737.3641,16.98,0.8673-0.8952,0,3,3483,FF_T_2404_Pig_Rerun_Sample_C_S1-A3_1_493.d,0,0,tr|F1RX36|F1RX36_PIG,,,PEAKS DB
EDEDGRPKV,45.59,1043.4883,9,-0.2,522.7487,5.32,0.8057-0.8337,1.3852E3,3,462,FF_T_2404_Pig_Rerun_Sample_C_S1-A3_1_493.d,2,2,tr|F1RX37|F1RX37_PIG,,,PEAKS DB
FPPPNFPGPRFPPPN,45.58,1676.8463,15,8.5,839.4334,41.62,1.0690-1.0967,1.7745E3,3,14045,FF_T_2404_Pig_Rerun_Sample_C_S1-A3_1_493.d,1,1,P51524|PF11_PIG,,,PEAKS DB
FPPPNFPGPRFPPPNFPGP,45.45,2075.0417,19,10.9,1038.5343,41.72,1.2097-1.2373,8.3966E3,3,14342,FF_T_2404_Pig_Rerun_Sample_C_S1-A3_1_493.d,1,1,P51524|PF11_PIG,,,PEAKS DB
ESFGDLSNADAVM(+15.99)GN,45.37,1541.6304,15,2.9,771.8209,23.86,1.0112-1.0390,1.646E2,3,4828,FF_T_2404_Pig_Rerun_Sample_C_S1-A3_1_493.d,1,1,P02067|HBB_PIG,Oxidation (M),M13:Oxidation (M):1000.00,PEAKS DB
GGSISHGPGSVPGTGSPGGLKPGS,45.28,2046.0129,24,4.1,683.0110,13.52,0.8494-0.8773,0,3,2597,FF_T_2404_Pig_Rerun_Sample_C_S1-A3_1_493.d,0,0,tr|F1RX36|F1RX36_PIG,,,PEAKS DB
DDFNPSVHA,45.14,1000.4250,9,4.1,501.2193,15.03,0.8035-0.8315,2.3962E2,3,2943,FF_T_2404_Pig_Rerun_Sample_C_S1-A3_1_493.d,1,1,P01965|HBA_PIG,,,PEAKS DB
DALTSVKESEVAQ,44.99,1375.6831,13,6.8,688.8501,16.55,0.9711-0.9989,1.8417E2,3,3387,FF_T_2404_Pig_Rerun_Sample_C_S1-A3_1_493.d,1,1,P27917|APOC3_PIG,,,PEAKS DB
VLSAADKANVK,44.91,1114.6345,11,-2.0,558.3207,6.51,0.8762-0.9041,1.4904E3,3,850,FF_T_2404_Pig_Rerun_Sample_C_S1-A3_1_493.d,3,3,P01965|HBA_PIG,,,PEAKS DB
DTSLLDKM(+15.99)QD,44.78,1180.5282,10,0.9,591.2690,13.36,0.8717-0.8997,3.0368E2,3,2551,FF_T_2404_Pig_Rerun_Sample_C_S1-A3_1_493.d,1,1,P27917|APOC3_PIG,Oxidation (M),M8:Oxidation (M):1000.00,PEAKS DB
EEAPSLRPV,44.68,996.5240,9,-1.3,499.2662,15.73,0.8012-0.8292,4.6507E2,3,3200,FF_T_2404_Pig_Rerun_Sample_C_S1-A3_1_493.d,1,1,tr|F1RX37|F1RX37_PIG,,,PEAKS DB
YDEDEDGRPKVH,44.32,1458.6375,12,-1.6,487.2166,5.37,0.7564-0.7844,0,3,493,FF_T_2404_Pig_Rerun_Sample_C_S1-A3_1_493.d,0,0,tr|F1RX37|F1RX37_PIG,,,PEAKS DB
FESFGDLSNADAV,44.21,1370.5990,13,1.6,686.3045,32.15,0.9744-1.0023,1.5081E3,3,6316,FF_T_2404_Pig_Rerun_Sample_C_S1-A3_1_493.d,1,1,P02067|HBB_PIG,,,PEAKS DB
GEFLAEGGGVR,44.14,1090.5406,11,1.1,546.2755,16.84,0.8538-0.8818,3.0293E3,3,3441,FF_T_2404_Pig_Rerun_Sample_C_S1-A3_1_493.d,2,2,tr|F1RX36|F1RX36_PIG,,,PEAKS DB
HLSAEEKEAV,43.96,1111.5509,10,2.7,556.7815,6.93,0.8527-0.8807,8.8161E2,3,960,FF_T_2404_Pig_Rerun_Sample_C_S1-A3_1_493.d,1,1,P02067|HBB_PIG,,,PEAKS DB
DEADSEEGLDLKGGHV,43.92,1669.7430,16,-0.5,557.5853,17.10,0.8516-0.8796,0,3,3505,FF_T_2404_Pig_Rerun_Sample_C_S1-A3_1_493.d,0,0,tr|F1RX36|F1RX36_PIG,,,PEAKS DB
QAFPPPNVPGPRFPPPNFPGP,43.61,2226.1375,21,2.2,1114.0730,40.38,1.2307-1.2583,4.2426E3,3,12222,FF_T_2404_Pig_Rerun_Sample_C_S1-A3_1_493.d,3,3,P51524|PF11_PIG,,,PEAKS DB
DYDEDEDGRPKVH,43.47,1573.6644,13,6.6,525.5629,6.24,0.7732-0.8012,3.0516E2,3,773,FF_T_2404_Pig_Rerun_Sample_C_S1-A3_1_493.d,1,1,tr|F1RX37|F1RX37_PIG,,,PEAKS DB
DGPEYSSSSKI,43.37,1168.5248,11,3.3,585.2687,11.74,0.8684-0.8963,0,3,2255,FF_T_2404_Pig_Rerun_Sample_C_S1-A3_1_493.d,0,0,tr|F1RX36|F1RX36_PIG,,,PEAKS DB
EEIPPADLSDQVPDTESETKILLQGTPVA,43.33,3091.5447,29,10.9,1031.5283,41.51,1.0756-1.1034,1.1728E2,3,13850,FF_T_2404_Pig_Rerun_Sample_C_S1-A3_1_493.d,1,1,P01025|CO3_PIG,,,PEAKS DB
DEDGRPKVH,43.07,1051.5046,9,-1.6,526.7562,41.74,0.8337-0.8617,9.956E2,3,14536,FF_T_2404_Pig_Rerun_Sample_C_S1-A3_1_493.d,1,1,tr|F1RX37|F1RX37_PIG,,,PEAKS DB
EFLAEGGGVR,43.02,1033.5192,10,-1.3,517.7636,16.38,0.8192-0.8471,4.7904E4,3,3312,FF_T_2404_Pig_Rerun_Sample_C_S1-A3_1_493.d,3,3,tr|F1RX36|F1RX36_PIG,,,PEAKS DB
DSLDDYVNTQGA,42.99,1296.5470,12,5.7,649.2812,23.38,0.9231-0.9510,0,3,4773,FF_T_2404_Pig_Rerun_Sample_C_S1-A3_1_493.d,0,0,P06867|PLMN_PIG,,,PEAKS DB
GDTTPSNPDWGT,42.72,1246.5103,12,-1.8,624.2582,16.94,0.8818-0.9097,0,3,3477,FF_T_2404_Pig_Rerun_Sample_C_S1-A3_1_493.d,0,0,tr|F1RX36|F1RX36_PIG,,,PEAKS DB
GQAGAHGAEALE,42.63,1109.5101,12,11.0,555.7657,7.67,0.8303-0.8583,0,3,1215,FF_T_2404_Pig_Rerun_Sample_C_S1-A3_1_493.d,0,0,P01965|HBA_PIG,,,PEAKS DB
GLGGGLGGGLGGGGG,42.55,1041.5203,15,2.8,521.7663,22.22,0.8147-0.8427,0,3,4572,FF_T_2404_Pig_Rerun_Sample_C_S1-A3_1_493.d,0,0,O02773|MA1A1_PIG,,,PEAKS DB
RPPPGPPPPGPPPP,42.40,1355.7349,14,3.3,678.8736,13.36,0.9488-0.9766,4.268E2,3,2568,FF_T_2404_Pig_Rerun_Sample_C_S1-A3_1_493.d,1,1,Q95JC9|PRP_PIG,,,PEAKS DB
EVSGSVSPGTK,42.34,1046.5244,11,-0.8,524.2665,5.69,0.8091-0.8371,1.14E2,3,576,FF_T_2404_Pig_Rerun_Sample_C_S1-A3_1_493.d,1,1,tr|F1RX36|F1RX36_PIG,,,PEAKS DB
ADALTKAVG,42.34,844.4654,9,-2.3,423.2369,11.59,0.7384-0.7665,0,3,2219,FF_T_2404_Pig_Rerun_Sample_C_S1-A3_1_493.d,0,0,P01965|HBA_PIG,,,PEAKS DB
NNPTDLLAIDSKTGIIT,42.32,1784.9519,17,3.8,893.4822,33.20,1.1256-1.1533,0,3,6601,FF_T_2404_Pig_Rerun_Sample_C_S1-A3_1_493.d,0,0,Q3BDI7|DSG1_PIG,,,PEAKS DB
EEAPSLRPVAPPISAGGYQPRPAKV,42.21,2586.3916,25,-2.5,647.6003,22.71,0.9766-1.0045,0,3,4640,FF_T_2404_Pig_Rerun_Sample_C_S1-A3_1_493.d,0,0,tr|F1RX37|F1RX37_PIG,,,PEAKS DB
TSVKESEVAQQA,42.21,1275.6306,12,5.7,638.8231,7.72,0.9053-0.9332,4.7683E2,3,1214,FF_T_2404_Pig_Rerun_Sample_C_S1-A3_1_493.d,1,1,P27917|APOC3_PIG,,,PEAKS DB
GGSISHGPGSVPGTGSPGGLKPGSYGP,42.14,2363.1504,27,3.5,788.7229,18.24,0.9108-0.9387,0,3,3744,FF_T_2404_Pig_Rerun_Sample_C_S1-A3_1_493.d,0,0,tr|F1RX36|F1RX36_PIG,,,PEAKS DB
DETSLSRDP,42.11,1018.4567,9,1.1,510.2337,8.87,0.8012-0.8292,1.9659E2,3,1517,FF_T_2404_Pig_Rerun_Sample_C_S1-A3_1_493.d,1,1,tr|F1RX36|F1RX36_PIG,,,PEAKS DB
PPPGPPPPGPPPPGP,42.10,1353.7080,15,0.9,677.8585,19.49,0.9220-0.9499,5.4196E3,3,3937,FF_T_2404_Pig_Rerun_Sample_C_S1-A3_1_493.d,2,2,Q95JC9|PRP_PIG,,,PEAKS DB
DEDEDGRPKVH,41.96,1295.5742,11,-7.5,432.8600,4.54,0.7204-0.7485,1.8823E3,3,131,FF_T_2404_Pig_Rerun_Sample_C_S1-A3_1_493.d,1,1,tr|F1RX37|F1RX37_PIG,,,PEAKS DB
GGQAGAHGAEALE,41.94,1166.5316,13,2.7,584.2718,7.77,0.8303-0.8583,0,3,1236,FF_T_2404_Pig_Rerun_Sample_C_S1-A3_1_493.d,0,0,P01965|HBA_PIG,,,PEAKS DB
EVQDKGEFLAEGGG,41.93,1434.6626,14,6.0,718.3394,16.32,0.9677-0.9956,7.006E2,3,3333,FF_T_2404_Pig_Rerun_Sample_C_S1-A3_1_493.d,1,1,tr|F1RX36|F1RX36_PIG,,,PEAKS DB
VLSAADKANV,41.69,986.5396,10,-0.1,494.2746,10.85,0.8057-0.8337,1.4277E3,3,1975,FF_T_2404_Pig_Rerun_Sample_C_S1-A3_1_493.d,1,1,P01965|HBA_PIG,,,PEAKS DB
FPPPNFPGPR,41.55,1124.5767,10,0.1,563.2929,38.97,0.8907-0.9187,6.0615E4,3,10519,FF_T_2404_Pig_Rerun_Sample_C_S1-A3_1_493.d,8,8,P51524|PF11_PIG,,,PEAKS DB
VSTVLTSKY,41.44,996.5491,9,-6.3,499.2762,16.05,0.8270-0.8550,0,3,3299,FF_T_2404_Pig_Rerun_Sample_C_S1-A3_1_493.d,0,0,P01965|HBA_PIG,,,PEAKS DB
LTSVKESEVAQQA,41.18,1388.7147,13,2.8,695.3632,11.16,0.9499-0.9778,0,3,2108,FF_T_2404_Pig_Rerun_Sample_C_S1-A3_1_493.d,0,0,P27917|APOC3_PIG,,,PEAKS DB
APPISAGGYQPRPAKVAIGQ,41.17,1977.0795,20,3.5,660.0328,18.60,0.8404-0.8684,0,3,3803,FF_T_2404_Pig_Rerun_Sample_C_S1-A3_1_493.d,0,0,tr|F1RX37|F1RX37_PIG,,,PEAKS DB
VLERVGGDE,41.13,972.4876,9,12.3,487.2547,9.08,0.7911-0.8192,0,3,1567,FF_T_2404_Pig_Rerun_Sample_C_S1-A3_1_493.d,0,0,tr|F1RX36|F1RX36_PIG,,,PEAKS DB
DGRPKVHVDA,41.08,1092.5676,10,0.0,547.2884,41.75,0.8807-0.9086,2.0292E3,3,14598,FF_T_2404_Pig_Rerun_Sample_C_S1-A3_1_493.d,1,1,tr|F1RX37|F1RX37_PIG,,,PEAKS DB
FPPPNFPGPRFPPPNFP,40.89,1920.9674,17,14.8,961.5004,41.74,1.1610-1.1887,6.1622E2,3,14646,FF_T_2404_Pig_Rerun_Sample_C_S1-A3_1_493.d,1,1,P51524|PF11_PIG,,,PEAKS DB
VGGQAGAHGAEALERM(+15.99),40.69,1568.7365,16,-3.2,523.9152,8.44,0.8080-0.8359,3.0064E2,3,1380,FF_T_2404_Pig_Rerun_Sample_C_S1-A3_1_493.d,1,1,P01965|HBA_PIG,Oxidation (M),M16:Oxidation (M):1000.00,PEAKS DB
GGSISHGPGSVPGTGSPGGLKPG,40.53,1958.9810,23,2.6,653.9994,13.76,0.8326-0.8606,0,3,2640,FF_T_2404_Pig_Rerun_Sample_C_S1-A3_1_493.d,0,0,tr|F1RX36|F1RX36_PIG,,,PEAKS DB
IPPADLSDQVPDTESET,40.52,1812.8264,17,9.4,907.4245,24.37,1.1145-1.1422,7.193E2,3,4904,FF_T_2404_Pig_Rerun_Sample_C_S1-A3_1_493.d,1,1,P01025|CO3_PIG,,,PEAKS DB
EEIPPADLSDQVPDTESETKILLQGTPV,40.50,3020.5076,28,6.1,1007.8443,41.56,1.0645-1.0923,0,3,13961,FF_T_2404_Pig_Rerun_Sample_C_S1-A3_1_493.d,0,0,P01025|CO3_PIG,,,PEAKS DB
GRPKVHVDA,40.49,977.5406,9,-1.4,489.7745,41.75,0.8516-0.8796,2.607E3,3,14617,FF_T_2404_Pig_Rerun_Sample_C_S1-A3_1_493.d,1,1,tr|F1RX37|F1RX37_PIG,,,PEAKS DB
EVQDKGEFL,40.13,1063.5186,9,-0.6,532.7636,18.37,0.8438-0.8717,0,3,3766,FF_T_2404_Pig_Rerun_Sample_C_S1-A3_1_493.d,0,0,tr|F1RX36|F1RX36_PIG,,,PEAKS DB
APPISAGGYQP,39.91,1056.5239,11,-2.2,529.2654,19.65,0.8348-0.8628,0,3,3996,FF_T_2404_Pig_Rerun_Sample_C_S1-A3_1_493.d,0,0,tr|F1RX37|F1RX37_PIG,,,PEAKS DB
DTSLLDKM(+15.99)QDYVKQA,39.91,1769.8506,15,-2.9,590.9528,19.22,0.8012-0.8292,0,3,3913,FF_T_2404_Pig_Rerun_Sample_C_S1-A3_1_493.d,0,0,P27917|APOC3_PIG,Oxidation (M),M8:Oxidation (M):1000.00,PEAKS DB
VGHLDDLPGALSA,39.79,1263.6459,13,4.6,632.8300,27.34,0.9120-0.9399,2.4055E2,3,5467,FF_T_2404_Pig_Rerun_Sample_C_S1-A3_1_493.d,1,1,P01965|HBA_PIG,,,PEAKS DB
PPPGPPPPGPPPP,39.58,1199.6338,13,2.5,600.8227,17.91,0.8572-0.8852,8.4518E3,3,3707,FF_T_2404_Pig_Rerun_Sample_C_S1-A3_1_493.d,2,2,Q95JC9|PRP_PIG,,,PEAKS DB
SNPIIPSHSSSSSNI,39.43,1525.7372,15,7.1,763.8775,16.58,0.9844-1.0123,0,3,3403,FF_T_2404_Pig_Rerun_Sample_C_S1-A3_1_493.d,0,0,O19084|CDSN_PIG,,,PEAKS DB
SVKESEVAQQA,39.33,1174.5830,11,2.7,588.2975,6.82,0.8606-0.8885,1.4977E2,3,941,FF_T_2404_Pig_Rerun_Sample_C_S1-A3_1_493.d,1,1,P27917|APOC3_PIG,,,PEAKS DB
DEDEDGRPKVHVD,39.22,1509.6696,13,-1.0,504.2275,6.96,0.7698-0.7979,5.7555E2,3,979,FF_T_2404_Pig_Rerun_Sample_C_S1-A3_1_493.d,1,1,tr|F1RX37|F1RX37_PIG,,,PEAKS DB
QAFPPPNVPGPR,39.21,1275.6724,12,1.6,638.8413,26.99,0.9008-0.9287,7.8833E2,3,5407,FF_T_2404_Pig_Rerun_Sample_C_S1-A3_1_493.d,1,1,P51524|PF11_PIG,,,PEAKS DB
DEDEDGRP,38.78,931.3519,8,0.8,466.6813,4.47,0.7642-0.7923,0,3,125,FF_T_2404_Pig_Rerun_Sample_C_S1-A3_1_493.d,0,0,tr|F1RX37|F1RX37_PIG,,,PEAKS DB
NPIIPSHSSSSSNI,38.77,1438.7052,14,2.1,720.3578,16.34,0.9811-1.0089,2.003E2,3,3340,FF_T_2404_Pig_Rerun_Sample_C_S1-A3_1_493.d,1,1,O19084|CDSN_PIG,,,PEAKS DB
EVVGGSSDSYLVPGM(+15.99)T,38.70,1612.7290,16,3.9,807.3710,25.58,1.0612-1.0890,3.1494E2,3,5056,FF_T_2404_Pig_Rerun_Sample_C_S1-A3_1_493.d,1,1,O19084|CDSN_PIG,Oxidation (M),M15:Oxidation (M):1000.00,PEAKS DB
NPLPSKETIEQEKQAGES,38.65,1983.9749,18,-7.6,662.3239,11.81,0.8292-0.8572,0,3,2272,FF_T_2404_Pig_Rerun_Sample_C_S1-A3_1_493.d,0,0,Q95274|TYB4_PIG,,,PEAKS DB
DYTPKPEPS,38.58,1032.4763,9,-3.9,517.2408,8.87,0.8068-0.8348,5.3343E2,3,1508,FF_T_2404_Pig_Rerun_Sample_C_S1-A3_1_493.d,1,1,P27917|APOC3_PIG,,,PEAKS DB
DTTPSNPDWGTF,38.50,1336.5571,12,-4.5,669.2795,31.30,0.8919-0.9198,0,3,6187,FF_T_2404_Pig_Rerun_Sample_C_S1-A3_1_493.d,0,0,tr|F1RX36|F1RX36_PIG,,,PEAKS DB
GKVNVDEVGGEALG,38.48,1342.6729,14,-0.4,672.3401,18.07,0.9309-0.9588,2.2253E2,3,3712,FF_T_2404_Pig_Rerun_Sample_C_S1-A3_1_493.d,1,1,P02067|HBB_PIG,,,PEAKS DB
EFIATDLDTGLPSTTV,38.44,1678.8301,16,2.3,840.4201,36.04,1.0867-1.1145,4.1532E2,3,7838,FF_T_2404_Pig_Rerun_Sample_C_S1-A3_1_493.d,1,1,Q3BDI7|DSG1_PIG,,,PEAKS DB
GQAGAHGAEAL,38.38,980.4675,11,4.0,491.2406,7.72,0.7911-0.8192,0,3,1228,FF_T_2404_Pig_Rerun_Sample_C_S1-A3_1_493.d,0,0,P01965|HBA_PIG,,,PEAKS DB
DSSTLSRNIIEL,38.10,1346.7041,12,0.8,674.3566,31.58,0.9544-0.9822,0,3,6224,FF_T_2404_Pig_Rerun_Sample_C_S1-A3_1_493.d,0,0,tr|F1RX36|F1RX36_PIG,,,PEAKS DB
DYEEVKNLQ,37.94,1136.5349,9,1.9,569.2730,14.53,0.8650-0.8930,0,3,2817,FF_T_2404_Pig_Rerun_Sample_C_S1-A3_1_493.d,0,0,Q3BDI7|DSG1_PIG,,,PEAKS DB
EEIPPADLSDQVPDTESET,37.88,2070.9116,19,0.7,1036.4587,26.54,1.1721-1.1998,0,3,5303,FF_T_2404_Pig_Rerun_Sample_C_S1-A3_1_493.d,0,0,P01025|CO3_PIG,,,PEAKS DB
FPPPNFPGPRFPPP,37.85,1562.8033,14,7.9,782.4113,41.68,1.0390-1.0668,4.9474E2,3,14345,FF_T_2404_Pig_Rerun_Sample_C_S1-A3_1_493.d,1,1,P51524|PF11_PIG,,,PEAKS DB
KVGGQAGAHGAEALE,37.59,1393.6949,15,-10.0,465.5653,7.37,0.6991-0.7272,0,3,1133,FF_T_2404_Pig_Rerun_Sample_C_S1-A3_1_493.d,0,0,P01965|HBA_PIG,,,PEAKS DB
PGPRFPPP,37.50,863.4653,8,-3.0,432.7365,36.98,0.7541-0.7822,0,3,8610,FF_T_2404_Pig_Rerun_Sample_C_S1-A3_1_493.d,0,0,P51524|PF11_PIG,,,PEAKS DB
IDYDEDEDGRP,37.46,1322.5262,11,-1.6,662.2661,12.69,0.9555-0.9833,0,3,2441,FF_T_2404_Pig_Rerun_Sample_C_S1-A3_1_493.d,0,0,tr|F1RX37|F1RX37_PIG,,,PEAKS DB
GM(+15.99)GQKDSYVGDEAQS,37.28,1586.6519,15,3.4,794.3320,7.35,0.9989-1.0267,0,3,1120,FF_T_2404_Pig_Rerun_Sample_C_S1-A3_1_493.d,0,0,Q6QAQ1|ACTB_PIG,Oxidation (M),M2:Oxidation (M):1000.00,PEAKS DB
TETQEKNPLPSKETIEQEKQAGES,37.17,2700.3088,24,7.0,676.0859,11.36,0.9041-0.9321,0,3,2164,FF_T_2404_Pig_Rerun_Sample_C_S1-A3_1_493.d,0,0,Q95274|TYB4_PIG,,,PEAKS DB
DKGEFLAEGG,37.17,1021.4716,10,-1.6,511.7397,15.84,0.8281-0.8561,0,3,3240,FF_T_2404_Pig_Rerun_Sample_C_S1-A3_1_493.d,0,0,tr|F1RX36|F1RX36_PIG,,,PEAKS DB
TEAPLNPK,37.05,868.4654,8,-5.1,435.2356,7.79,0.7687-0.7967,0,3,1243,FF_T_2404_Pig_Rerun_Sample_C_S1-A3_1_493.d,0,0,Q6QAQ1|ACTB_PIG,,,PEAKS DB
DKGEFLAEGGG,37.04,1078.4930,11,-10.4,540.2455,15.41,0.8449-0.8729,0,3,3125,FF_T_2404_Pig_Rerun_Sample_C_S1-A3_1_493.d,0,0,tr|F1RX36|F1RX36_PIG,,,PEAKS DB
GPPPPGPPPP,36.78,908.4755,10,-5.9,455.2401,13.38,0.7519-0.7799,0,3,2572,FF_T_2404_Pig_Rerun_Sample_C_S1-A3_1_493.d,0,0,Q95JC9|PRP_PIG,,,PEAKS DB
DGRGAAQNIIPASTGAA,36.68,1568.7906,17,7.8,785.4048,19.44,0.9856-1.0134,9.1631E1,3,3949,FF_T_2404_Pig_Rerun_Sample_C_S1-A3_1_493.d,1,1,P00355|G3P_PIG,,,PEAKS DB
PPPNFPGPRFPPPNFPGP,36.22,1927.9733,18,9.2,964.9980,41.65,1.1344-1.1621,1.0128E3,3,14202,FF_T_2404_Pig_Rerun_Sample_C_S1-A3_1_493.d,1,1,P51524|PF11_PIG,,,PEAKS DB
ETIEQEKQAGES,36.16,1347.6154,12,4.8,674.8149,5.83,0.9220-0.9499,0,3,627,FF_T_2404_Pig_Rerun_Sample_C_S1-A3_1_493.d,0,0,Q95274|TYB4_PIG,,,PEAKS DB
YNRTGPPPPG,36.13,1054.5195,10,-6.2,528.2612,14.18,0.8023-0.8303,0,3,2713,FF_T_2404_Pig_Rerun_Sample_C_S1-A3_1_493.d,0,0,Q29073|PTGR1_PIG,,,PEAKS DB
GGPGTASRPSSSRSYVTTST,36.05,1954.9344,20,-1.2,652.6481,7.99,0.8270-0.8550,0,3,1275,FF_T_2404_Pig_Rerun_Sample_C_S1-A3_1_493.d,0,0,P02543|VIME_PIG,,,PEAKS DB
VLSAADKAN,35.99,887.4712,9,-4.7,444.7386,5.62,0.7564-0.7844,0,3,551,FF_T_2404_Pig_Rerun_Sample_C_S1-A3_1_493.d,0,0,P01965|HBA_PIG,,,PEAKS DB
DTDQVDKKEDQIDPR,35.73,1800.8489,15,4.7,601.2901,7.68,0.8527-0.8807,2.3921E2,3,1208,FF_T_2404_Pig_Rerun_Sample_C_S1-A3_1_493.d,1,1,Q9GLP2|PROC_PIG,,,PEAKS DB
DYDEDEDGRPKVHVD,35.67,1787.7598,15,3.7,596.9265,9.78,0.8348-0.8628,0,3,1735,FF_T_2404_Pig_Rerun_Sample_C_S1-A3_1_493.d,0,0,tr|F1RX37|F1RX37_PIG,,,PEAKS DB
WGKVGGQAGAHGAEALE,35.58,1636.7957,17,-1.2,546.6025,13.67,0.7687-0.7967,0,3,2626,FF_T_2404_Pig_Rerun_Sample_C_S1-A3_1_493.d,0,0,P01965|HBA_PIG,,,PEAKS DB
NLNWLHE,35.49,924.4454,7,-6.8,463.2245,9.71,0.7710-0.7990,1.6525E3,3,1691,FF_T_2404_Pig_Rerun_Sample_C_S1-A3_1_493.d,1,1,Q33BP8|FOXN3_PIG,,,PEAKS DB
SGSVSPGTKSEVHTS,35.28,1458.6951,15,-7.1,487.2331,5.18,0.7328-0.7609,0,3,413,FF_T_2404_Pig_Rerun_Sample_C_S1-A3_1_493.d,0,0,tr|F1RX36|F1RX36_PIG,,,PEAKS DB
LGEAYEGAKDM(+15.99)L,35.21,1311.6017,12,2.9,656.8068,17.08,0.9477-0.9755,0,3,3499,FF_T_2404_Pig_Rerun_Sample_C_S1-A3_1_493.d,0,0,P0DSO0|SAA2_PIG,Oxidation (M),M11:Oxidation (M):1000.00,PEAKS DB
