Protein Group,Protein ID,Protein Accession,Peptide,Unique,-10lgP,Mass,Length,ppm,m/z,z,RT,1/k0 Range,Area Sample 3,Fraction,Precursor Id,Source File,#Feature,#Feature Sample 3,Start,End,PTM,AScore,Found By
2,30,tr|F1RX37|F1RX37_PIG,R.EEAPSLRPVAPPISAGGYQPRPA.K,Y,69.57,2359.2283,23,10.2,787.4208,3,41.70,0.9432-0.9711,3.946E3,3,14405,FF_T_2404_Pig_Rerun_Sample_C_S1-A3_1_493.d,2,2,58,80,,,PEAKS DB
2,30,tr|F1RX37|F1RX37_PIG,R.EEAPSLRPVAPPISAGGYQPRP.A,Y,67.79,2288.1912,22,11.2,763.7424,3,41.71,0.9064-0.9343,1.9948E4,3,14428,FF_T_2404_Pig_Rerun_Sample_C_S1-A3_1_493.d,2,2,58,79,,,PEAKS DB
2,30,tr|F1RX37|F1RX37_PIG,A.AIDYDEDEDGRPKVHVDA.R,Y,65.48,2042.9181,18,9.7,1022.4711,2,41.75,1.1953-1.2230,7.7999E4,3,14518,FF_T_2404_Pig_Rerun_Sample_C_S1-A3_1_493.d,7,7,30,47,,,PEAKS DB
2,30,tr|F1RX37|F1RX37_PIG,E.APSLRPVAPPISAGGYQPRP.A,Y,61.17,2030.1061,20,1.3,677.7068,3,23.34,0.8617-0.8896,0,3,4769,FF_T_2404_Pig_Rerun_Sample_C_S1-A3_1_493.d,0,0,60,79,,,PEAKS DB
2,30,tr|F1RX37|F1RX37_PIG,I.DYDEDEDGRPKV.H,Y,60.70,1436.6055,12,3.8,719.3092,2,9.49,0.9688-0.9967,2.6079E2,3,1646,FF_T_2404_Pig_Rerun_Sample_C_S1-A3_1_493.d,1,1,32,43,,,PEAKS DB
2,30,tr|F1RX37|F1RX37_PIG,E.EAPSLRPVAPPISAGGYQPRP.A,Y,60.53,2159.1487,21,8.0,720.7257,3,41.71,0.9053-0.9332,2.1317E3,3,14460,FF_T_2404_Pig_Rerun_Sample_C_S1-A3_1_493.d,1,1,59,79,,,PEAKS DB
2,30,tr|F1RX37|F1RX37_PIG,Y.DEDEDGRPKVHVDA.R,Y,60.15,1580.7067,14,10.5,791.3650,2,41.74,1.0323-1.0601,1.589E5,3,14521,FF_T_2404_Pig_Rerun_Sample_C_S1-A3_1_493.d,5,5,34,47,,,PEAKS DB
2,30,tr|F1RX37|F1RX37_PIG,E.EAPSLRPVAPPISAGGYQPRPA.K,Y,59.35,2230.1858,22,2.4,744.4006,3,23.78,0.8885-0.9164,2.4639E2,3,4819,FF_T_2404_Pig_Rerun_Sample_C_S1-A3_1_493.d,1,1,59,80,,,PEAKS DB
2,30,tr|F1RX37|F1RX37_PIG,D.YDEDEDGRPKVHVDA.R,Y,59.19,1743.7699,15,7.1,872.8941,2,41.75,1.0879-1.1156,4.9453E4,3,14568,FF_T_2404_Pig_Rerun_Sample_C_S1-A3_1_493.d,9,9,33,47,,,PEAKS DB
2,30,tr|F1RX37|F1RX37_PIG,V.APPISAGGYQPRPA.K,Y,59.01,1380.7150,14,0.9,691.3619,2,15.35,0.9454-0.9733,1.6479E3,3,3107,FF_T_2404_Pig_Rerun_Sample_C_S1-A3_1_493.d,1,1,67,80,,,PEAKS DB
2,30,tr|F1RX37|F1RX37_PIG,I.DYDEDEDGRPKVHVDA.R,Y,58.27,1858.7969,16,8.0,930.4086,2,41.75,1.1056-1.1333,1.3156E4,3,14531,FF_T_2404_Pig_Rerun_Sample_C_S1-A3_1_493.d,3,3,32,47,,,PEAKS DB
2,30,tr|F1RX37|F1RX37_PIG,Y.DEDEDGRPKV.H,Y,56.14,1158.5153,10,0.9,580.2626,2,37.84,0.8650-0.8930,3.8209E4,3,8253,FF_T_2404_Pig_Rerun_Sample_C_S1-A3_1_493.d,4,4,34,43,,,PEAKS DB
2,30,tr|F1RX37|F1RX37_PIG,R.EEAPSLRPVAPPISA.G,Y,55.30,1532.8198,15,6.8,767.4186,2,25.96,1.0056-1.0334,1.2745E3,3,5130,FF_T_2404_Pig_Rerun_Sample_C_S1-A3_1_493.d,1,1,58,72,,,PEAKS DB
2,30,tr|F1RX37|F1RX37_PIG,R.EEAPSLRPVAPPISAGGYQPRPAKVAIGQ.K,Y,54.14,2955.5930,29,1.1,739.9027,4,24.89,0.9956-1.0234,5.4252E2,3,4980,FF_T_2404_Pig_Rerun_Sample_C_S1-A3_1_493.d,1,1,58,86,,,PEAKS DB
2,30,tr|F1RX37|F1RX37_PIG,I.DYDEDEDGRPK.V,Y,53.47,1337.5371,11,5.4,669.7761,2,5.37,0.9276-0.9555,2.7575E3,3,479,FF_T_2404_Pig_Rerun_Sample_C_S1-A3_1_493.d,4,4,32,42,,,PEAKS DB
2,30,tr|F1RX37|F1RX37_PIG,R.REEAPSLRPVAPPISAGGYQPRP.A,Y,51.74,2444.2922,23,1.2,612.0781,4,21.91,0.9254-0.9532,4.8704E2,3,4522,FF_T_2404_Pig_Rerun_Sample_C_S1-A3_1_493.d,1,1,57,79,,,PEAKS DB
2,30,tr|F1RX37|F1RX37_PIG,D.EDEDGRPKVHVDA.R,Y,51.73,1465.6797,13,4.5,733.8468,2,41.75,0.9967-1.0245,9.9724E3,3,14562,FF_T_2404_Pig_Rerun_Sample_C_S1-A3_1_493.d,2,2,35,47,,,PEAKS DB
2,30,tr|F1RX37|F1RX37_PIG,E.DEDGRPKVHVDA.R,Y,51.40,1336.6371,12,6.8,669.3271,2,41.75,0.9622-0.9900,1.8179E4,3,14534,FF_T_2404_Pig_Rerun_Sample_C_S1-A3_1_493.d,3,3,36,47,,,PEAKS DB
2,30,tr|F1RX37|F1RX37_PIG,R.EEAPSLRPVAPPISAGGYQP.R,Y,51.21,2035.0374,20,1.4,1018.5223,2,28.19,1.1776-1.2053,0,3,5633,FF_T_2404_Pig_Rerun_Sample_C_S1-A3_1_493.d,0,0,58,77,,,PEAKS DB
2,30,tr|F1RX37|F1RX37_PIG,I.DYDEDEDGRP.K,Y,51.10,1209.4421,10,1.5,605.7263,2,7.78,0.8684-0.8963,4.3512E2,3,1227,FF_T_2404_Pig_Rerun_Sample_C_S1-A3_1_493.d,1,1,32,41,,,PEAKS DB
2,30,tr|F1RX37|F1RX37_PIG,D.YDEDEDGRPKV.H,Y,50.73,1321.5786,11,4.2,661.7961,2,7.75,0.9365-0.9644,0,3,1231,FF_T_2404_Pig_Rerun_Sample_C_S1-A3_1_493.d,0,0,33,43,,,PEAKS DB
2,30,tr|F1RX37|F1RX37_PIG,D.YDEDEDGRP.K,Y,50.56,1094.4152,9,0.0,548.2122,2,7.55,0.8203-0.8483,1.9366E3,3,1165,FF_T_2404_Pig_Rerun_Sample_C_S1-A3_1_493.d,1,1,33,41,,,PEAKS DB
2,30,tr|F1RX37|F1RX37_PIG,A.IDYDEDEDGRPKVHVDA.R,Y,50.36,1971.8810,17,4.9,658.3009,3,41.73,0.8919-0.9198,3.9331E3,3,14586,FF_T_2404_Pig_Rerun_Sample_C_S1-A3_1_493.d,2,2,31,47,,,PEAKS DB
2,30,tr|F1RX37|F1RX37_PIG,Y.DEDEDGRPK.V,Y,50.12,1059.4468,9,-4.4,530.7257,2,4.37,0.8192-0.8471,1.409E4,3,113,FF_T_2404_Pig_Rerun_Sample_C_S1-A3_1_493.d,4,4,34,42,,,PEAKS DB
2,30,tr|F1RX37|F1RX37_PIG,D.YDEDEDGRPK.V,Y,49.46,1222.5101,10,3.0,612.2612,2,4.66,0.8930-0.9209,0,3,177,FF_T_2404_Pig_Rerun_Sample_C_S1-A3_1_493.d,0,0,33,42,,,PEAKS DB
2,30,tr|F1RX37|F1RX37_PIG,A.AIDYDEDEDGRPK.V,Y,49.43,1521.6582,13,-4.1,508.2221,3,8.47,0.7889-0.8169,0,3,1396,FF_T_2404_Pig_Rerun_Sample_C_S1-A3_1_493.d,0,0,30,42,,,PEAKS DB
2,30,tr|F1RX37|F1RX37_PIG,E.DEDGRPKV.H,Y,47.66,914.4457,8,-4.0,458.2261,2,38.69,0.7844-0.8124,1.0418E5,3,10613,FF_T_2404_Pig_Rerun_Sample_C_S1-A3_1_493.d,5,5,36,43,,,PEAKS DB
2,30,tr|F1RX37|F1RX37_PIG,L.RPVAPPISAGGYQP.R,Y,46.22,1408.7462,14,1.1,705.3777,2,19.95,0.9499-0.9778,0,3,4044,FF_T_2404_Pig_Rerun_Sample_C_S1-A3_1_493.d,0,0,64,77,,,PEAKS DB
2,30,tr|F1RX37|F1RX37_PIG,R.EEAPSLRPVAPPIS.A,Y,46.13,1461.7827,14,3.0,731.8972,2,24.49,0.9844-1.0123,1.1847E2,3,4915,FF_T_2404_Pig_Rerun_Sample_C_S1-A3_1_493.d,1,1,58,71,,,PEAKS DB
2,30,tr|F1RX37|F1RX37_PIG,D.EDEDGRPKV.H,Y,45.59,1043.4883,9,-0.2,522.7487,2,5.32,0.8057-0.8337,1.3852E3,3,462,FF_T_2404_Pig_Rerun_Sample_C_S1-A3_1_493.d,2,2,35,43,,,PEAKS DB
2,30,tr|F1RX37|F1RX37_PIG,R.EEAPSLRPV.A,Y,44.68,996.5240,9,-1.3,499.2662,2,15.73,0.8012-0.8292,4.6507E2,3,3200,FF_T_2404_Pig_Rerun_Sample_C_S1-A3_1_493.d,1,1,58,66,,,PEAKS DB
2,30,tr|F1RX37|F1RX37_PIG,D.YDEDEDGRPKVH.V,Y,44.32,1458.6375,12,-1.6,487.2166,3,5.37,0.7564-0.7844,0,3,493,FF_T_2404_Pig_Rerun_Sample_C_S1-A3_1_493.d,0,0,33,44,,,PEAKS DB
2,30,tr|F1RX37|F1RX37_PIG,I.DYDEDEDGRPKVH.V,Y,43.47,1573.6644,13,6.6,525.5629,3,6.24,0.7732-0.8012,3.0516E2,3,773,FF_T_2404_Pig_Rerun_Sample_C_S1-A3_1_493.d,1,1,32,44,,,PEAKS DB
2,30,tr|F1RX37|F1RX37_PIG,E.DEDGRPKVH.V,Y,43.07,1051.5046,9,-1.6,526.7562,2,41.74,0.8337-0.8617,9.956E2,3,14536,FF_T_2404_Pig_Rerun_Sample_C_S1-A3_1_493.d,1,1,36,44,,,PEAKS DB
2,30,tr|F1RX37|F1RX37_PIG,R.EEAPSLRPVAPPISAGGYQPRPAKV.A,Y,42.21,2586.3916,25,-2.5,647.6003,4,22.71,0.9766-1.0045,0,3,4640,FF_T_2404_Pig_Rerun_Sample_C_S1-A3_1_493.d,0,0,58,82,,,PEAKS DB
2,30,tr|F1RX37|F1RX37_PIG,Y.DEDEDGRPKVH.V,Y,41.96,1295.5742,11,-7.5,432.8600,3,4.54,0.7204-0.7485,1.8823E3,3,131,FF_T_2404_Pig_Rerun_Sample_C_S1-A3_1_493.d,1,1,34,44,,,PEAKS DB
2,30,tr|F1RX37|F1RX37_PIG,V.APPISAGGYQPRPAKVAIGQ.K,Y,41.17,1977.0795,20,3.5,660.0328,3,18.60,0.8404-0.8684,0,3,3803,FF_T_2404_Pig_Rerun_Sample_C_S1-A3_1_493.d,0,0,67,86,,,PEAKS DB
2,30,tr|F1RX37|F1RX37_PIG,E.DGRPKVHVDA.R,Y,41.08,1092.5676,10,0.0,547.2884,2,41.75,0.8807-0.9086,2.0292E3,3,14598,FF_T_2404_Pig_Rerun_Sample_C_S1-A3_1_493.d,1,1,38,47,,,PEAKS DB
2,30,tr|F1RX37|F1RX37_PIG,D.GRPKVHVDA.R,Y,40.49,977.5406,9,-1.4,489.7745,2,41.75,0.8516-0.8796,2.607E3,3,14617,FF_T_2404_Pig_Rerun_Sample_C_S1-A3_1_493.d,1,1,39,47,,,PEAKS DB
2,30,tr|F1RX37|F1RX37_PIG,V.APPISAGGYQP.R,Y,39.91,1056.5239,11,-2.2,529.2654,2,19.65,0.8348-0.8628,0,3,3996,FF_T_2404_Pig_Rerun_Sample_C_S1-A3_1_493.d,0,0,67,77,,,PEAKS DB
2,30,tr|F1RX37|F1RX37_PIG,Y.DEDEDGRPKVHVD.A,Y,39.22,1509.6696,13,-1.0,504.2275,3,6.96,0.7698-0.7979,5.7555E2,3,979,FF_T_2404_Pig_Rerun_Sample_C_S1-A3_1_493.d,1,1,34,46,,,PEAKS DB
2,30,tr|F1RX37|F1RX37_PIG,Y.DEDEDGRP.K,Y,38.78,931.3519,8,0.8,466.6813,2,4.47,0.7642-0.7923,0,3,125,FF_T_2404_Pig_Rerun_Sample_C_S1-A3_1_493.d,0,0,34,41,,,PEAKS DB
2,30,tr|F1RX37|F1RX37_PIG,A.IDYDEDEDGRP.K,Y,37.46,1322.5262,11,-1.6,662.2661,2,12.69,0.9555-0.9833,0,3,2441,FF_T_2404_Pig_Rerun_Sample_C_S1-A3_1_493.d,0,0,31,41,,,PEAKS DB
2,30,tr|F1RX37|F1RX37_PIG,I.DYDEDEDGRPKVHVD.A,Y,35.67,1787.7598,15,3.7,596.9265,3,9.78,0.8348-0.8628,0,3,1735,FF_T_2404_Pig_Rerun_Sample_C_S1-A3_1_493.d,0,0,32,46,,,PEAKS DB
1,1,tr|F1RX36|F1RX36_PIG,A.EVQDKGEFLAEGGGVR.G,Y,66.66,1689.8322,16,0.6,564.2822,3,41.71,0.8662-0.8941,1.6365E5,3,14398,FF_T_2404_Pig_Rerun_Sample_C_S1-A3_1_493.d,6,6,48,63,,,PEAKS DB
1,1,tr|F1RX36|F1RX36_PIG,M.AEVQDKGEFLAEGGGVR.G,Y,66.57,1760.8693,17,-0.3,587.9606,3,41.71,0.8840-0.9120,4.0159E4,3,14406,FF_T_2404_Pig_Rerun_Sample_C_S1-A3_1_493.d,6,6,47,63,,,PEAKS DB
1,1,tr|F1RX36|F1RX36_PIG,A.EVQDKGEFLAEGGGV.R,Y,64.82,1533.7311,15,7.3,767.8746,2,21.60,1.0267-1.0545,5.0761E3,3,4431,FF_T_2404_Pig_Rerun_Sample_C_S1-A3_1_493.d,3,3,48,62,,,PEAKS DB
1,1,tr|F1RX36|F1RX36_PIG,M.AEVQDKGEFLAEGGGV.R,Y,62.45,1604.7682,16,4.5,803.3910,2,21.98,1.0556-1.0834,8.3673E4,3,4507,FF_T_2404_Pig_Rerun_Sample_C_S1-A3_1_493.d,9,9,47,62,,,PEAKS DB
1,1,tr|F1RX36|F1RX36_PIG,K.M(+15.99)EDEADSEEGLDLKGGHV.I,Y,60.26,1945.8210,18,1.3,649.6119,3,16.49,0.9220-0.9499,4.7664E2,3,3362,FF_T_2404_Pig_Rerun_Sample_C_S1-A3_1_493.d,1,1,659,676,Oxidation (M),M1:Oxidation (M):1000.00,PEAKS DB
1,1,tr|F1RX36|F1RX36_PIG,Q.DKGEFLAEGGGVR.G,Y,58.40,1333.6626,13,4.4,667.8382,2,41.68,0.9655-0.9934,5.2065E4,3,14336,FF_T_2404_Pig_Rerun_Sample_C_S1-A3_1_493.d,4,4,51,63,,,PEAKS DB
1,1,tr|F1RX36|F1RX36_PIG,Q.DKGEFLAEGGGV.R,Y,57.62,1177.5615,12,-2.7,589.7835,2,21.60,0.8974-0.9254,4.3312E5,3,4432,FF_T_2404_Pig_Rerun_Sample_C_S1-A3_1_493.d,2,2,51,62,,,PEAKS DB
1,1,tr|F1RX36|F1RX36_PIG,V.QDKGEFLAEGGGV.R,Y,56.89,1305.6200,13,2.2,653.8155,2,20.13,0.9387-0.9666,3.7717E4,3,4040,FF_T_2404_Pig_Rerun_Sample_C_S1-A3_1_493.d,6,6,50,62,,,PEAKS DB
1,1,tr|F1RX36|F1RX36_PIG,R.DETSLSRDPFPDFFSPV.L,Y,55.65,1954.8948,17,2.6,978.4523,2,41.81,1.1311-1.1588,4.7241E3,3,14829,FF_T_2404_Pig_Rerun_Sample_C_S1-A3_1_493.d,2,2,583,599,,,PEAKS DB
1,1,tr|F1RX36|F1RX36_PIG,E.VQDKGEFLAEGGGV.R,Y,55.36,1404.6885,14,3.2,703.3503,2,20.77,0.9666-0.9945,9.2758E4,3,4164,FF_T_2404_Pig_Rerun_Sample_C_S1-A3_1_493.d,7,7,49,62,,,PEAKS DB
1,1,tr|F1RX36|F1RX36_PIG,P.GSDLAGFFHPDGPEYSSSS.K,Y,55.32,1955.8173,19,9.8,978.9207,2,30.78,1.1511-1.1787,0,3,6085,FF_T_2404_Pig_Rerun_Sample_C_S1-A3_1_493.d,0,0,613,631,,,PEAKS DB
1,1,tr|F1RX36|F1RX36_PIG,K.TQARETPPEWKALLETRQV.K,Y,53.39,2252.1912,19,7.1,751.7393,3,41.76,0.9466-0.9744,6.3556E2,3,14663,FF_T_2404_Pig_Rerun_Sample_C_S1-A3_1_493.d,1,1,267,285,,,PEAKS DB
1,1,tr|F1RX36|F1RX36_PIG,A.DSEEGLDLKGGHV.I,Y,53.34,1354.6365,13,8.3,678.3278,2,15.75,0.9811-1.0089,1.2282E2,3,3208,FF_T_2404_Pig_Rerun_Sample_C_S1-A3_1_493.d,1,1,664,676,,,PEAKS DB
1,1,tr|F1RX36|F1RX36_PIG,P.DGPEYSSSSKISSHS.K,Y,53.20,1566.6798,15,9.5,784.3508,2,7.39,1.0078-1.0356,0,3,1136,FF_T_2404_Pig_Rerun_Sample_C_S1-A3_1_493.d,0,0,623,637,,,PEAKS DB
1,1,tr|F1RX36|F1RX36_PIG,P.DGPEYSSSSKISS.H,Y,52.28,1342.5889,13,-0.1,672.2983,2,9.54,0.9187-0.9466,1.1411E2,3,1653,FF_T_2404_Pig_Rerun_Sample_C_S1-A3_1_493.d,1,1,623,635,,,PEAKS DB
1,1,tr|F1RX36|F1RX36_PIG,K.TINREGGAVESKSY.K,Y,51.16,1509.7423,14,-0.5,504.2520,3,7.19,0.7350-0.7631,0,3,1084,FF_T_2404_Pig_Rerun_Sample_C_S1-A3_1_493.d,0,0,644,657,,,PEAKS DB
1,1,tr|F1RX36|F1RX36_PIG,V.QDKGEFLAEGGGVR.G,Y,51.13,1461.7212,14,5.4,731.8682,2,41.71,1.0045-1.0323,9.3501E2,3,14468,FF_T_2404_Pig_Rerun_Sample_C_S1-A3_1_493.d,1,1,50,63,,,PEAKS DB
1,1,tr|F1RX36|F1RX36_PIG,E.VQDKGEFLAEGGGVR.G,Y,50.28,1560.7896,15,0.9,521.2684,3,14.30,0.8292-0.8572,1.5683E3,3,2740,FF_T_2404_Pig_Rerun_Sample_C_S1-A3_1_493.d,2,2,49,63,,,PEAKS DB
1,1,tr|F1RX36|F1RX36_PIG,G.DTTPSNPDWGT.F,Y,49.87,1189.4888,11,-2.6,595.7472,2,17.94,0.8281-0.8561,6.6355E2,3,3685,FF_T_2404_Pig_Rerun_Sample_C_S1-A3_1_493.d,1,1,468,478,,,PEAKS DB
1,1,tr|F1RX36|F1RX36_PIG,K.EVSGSVSPGTKSEVHTS.K,Y,49.09,1686.8060,17,-1.0,563.2726,3,6.90,0.8046-0.8326,3.0173E3,3,972,FF_T_2404_Pig_Rerun_Sample_C_S1-A3_1_493.d,1,1,481,497,,,PEAKS DB
1,1,tr|F1RX36|F1RX36_PIG,M.EDEADSEEGLDLKGGHV.I,Y,49.02,1798.7856,17,-2.7,600.5979,3,16.61,0.8863-0.9142,0,3,3412,FF_T_2404_Pig_Rerun_Sample_C_S1-A3_1_493.d,0,0,660,676,,,PEAKS DB
1,1,tr|F1RX36|F1RX36_PIG,I.SPLPDITPADF.K,Y,48.71,1171.5760,11,3.7,586.7946,2,36.82,0.8952-0.9231,8.9739E2,3,8401,FF_T_2404_Pig_Rerun_Sample_C_S1-A3_1_493.d,1,1,255,265,,,PEAKS DB
1,1,tr|F1RX36|F1RX36_PIG,D.KGEFLAEGGGV.R,Y,48.41,1062.5345,11,-0.6,532.2716,2,19.35,0.8337-0.8617,2.2651E4,3,3911,FF_T_2404_Pig_Rerun_Sample_C_S1-A3_1_493.d,6,6,52,62,,,PEAKS DB
1,1,tr|F1RX36|F1RX36_PIG,K.TINREGGAVES.K,Y,46.88,1131.5520,11,-0.9,566.7800,2,6.00,0.8270-0.8550,7.2845E3,3,644,FF_T_2404_Pig_Rerun_Sample_C_S1-A3_1_493.d,1,1,644,654,,,PEAKS DB
1,1,tr|F1RX36|F1RX36_PIG,K.EVSGSVSPGTKSEVHT.S,Y,45.73,1599.7740,16,-1.9,534.2617,3,7.81,0.7766-0.8046,0,3,1246,FF_T_2404_Pig_Rerun_Sample_C_S1-A3_1_493.d,0,0,481,496,,,PEAKS DB
1,1,tr|F1RX36|F1RX36_PIG,R.GGSISHGPGSVPGTGSPGGLKPGSY.G,Y,45.65,2209.0762,25,2.3,737.3641,3,16.98,0.8673-0.8952,0,3,3483,FF_T_2404_Pig_Rerun_Sample_C_S1-A3_1_493.d,0,0,300,324,,,PEAKS DB
1,1,tr|F1RX36|F1RX36_PIG,R.GGSISHGPGSVPGTGSPGGLKPGS.Y,Y,45.28,2046.0129,24,4.1,683.0110,3,13.52,0.8494-0.8773,0,3,2597,FF_T_2404_Pig_Rerun_Sample_C_S1-A3_1_493.d,0,0,300,323,,,PEAKS DB
1,1,tr|F1RX36|F1RX36_PIG,K.GEFLAEGGGVR.G,Y,44.14,1090.5406,11,1.1,546.2755,2,16.84,0.8538-0.8818,3.0293E3,3,3441,FF_T_2404_Pig_Rerun_Sample_C_S1-A3_1_493.d,2,2,53,63,,,PEAKS DB
1,1,tr|F1RX36|F1RX36_PIG,E.DEADSEEGLDLKGGHV.I,Y,43.92,1669.7430,16,-0.5,557.5853,3,17.10,0.8516-0.8796,0,3,3505,FF_T_2404_Pig_Rerun_Sample_C_S1-A3_1_493.d,0,0,661,676,,,PEAKS DB
1,1,tr|F1RX36|F1RX36_PIG,P.DGPEYSSSSKI.S,Y,43.37,1168.5248,11,3.3,585.2687,2,11.74,0.8684-0.8963,0,3,2255,FF_T_2404_Pig_Rerun_Sample_C_S1-A3_1_493.d,0,0,623,633,,,PEAKS DB
1,1,tr|F1RX36|F1RX36_PIG,G.EFLAEGGGVR.G,Y,43.02,1033.5192,10,-1.3,517.7636,2,16.38,0.8192-0.8471,4.7904E4,3,3312,FF_T_2404_Pig_Rerun_Sample_C_S1-A3_1_493.d,3,3,54,63,,,PEAKS DB
1,1,tr|F1RX36|F1RX36_PIG,P.GDTTPSNPDWGT.F,Y,42.72,1246.5103,12,-1.8,624.2582,2,16.94,0.8818-0.9097,0,3,3477,FF_T_2404_Pig_Rerun_Sample_C_S1-A3_1_493.d,0,0,467,478,,,PEAKS DB
1,1,tr|F1RX36|F1RX36_PIG,K.EVSGSVSPGTK.S,Y,42.34,1046.5244,11,-0.8,524.2665,2,5.69,0.8091-0.8371,1.14E2,3,576,FF_T_2404_Pig_Rerun_Sample_C_S1-A3_1_493.d,1,1,481,491,,,PEAKS DB
1,1,tr|F1RX36|F1RX36_PIG,R.GGSISHGPGSVPGTGSPGGLKPGSYGP.G,Y,42.14,2363.1504,27,3.5,788.7229,3,18.24,0.9108-0.9387,0,3,3744,FF_T_2404_Pig_Rerun_Sample_C_S1-A3_1_493.d,0,0,300,326,,,PEAKS DB
1,1,tr|F1RX36|F1RX36_PIG,R.DETSLSRDP.F,Y,42.11,1018.4567,9,1.1,510.2337,2,8.87,0.8012-0.8292,1.9659E2,3,1517,FF_T_2404_Pig_Rerun_Sample_C_S1-A3_1_493.d,1,1,583,591,,,PEAKS DB
1,1,tr|F1RX36|F1RX36_PIG,A.EVQDKGEFLAEGGG.V,Y,41.93,1434.6626,14,6.0,718.3394,2,16.32,0.9677-0.9956,7.006E2,3,3333,FF_T_2404_Pig_Rerun_Sample_C_S1-A3_1_493.d,1,1,48,61,,,PEAKS DB
1,1,tr|F1RX36|F1RX36_PIG,M.VLERVGGDE.R,Y,41.13,972.4876,9,12.3,487.2547,2,9.08,0.7911-0.8192,0,3,1567,FF_T_2404_Pig_Rerun_Sample_C_S1-A3_1_493.d,0,0,288,296,,,PEAKS DB
1,1,tr|F1RX36|F1RX36_PIG,R.GGSISHGPGSVPGTGSPGGLKPG.S,Y,40.53,1958.9810,23,2.6,653.9994,3,13.76,0.8326-0.8606,0,3,2640,FF_T_2404_Pig_Rerun_Sample_C_S1-A3_1_493.d,0,0,300,322,,,PEAKS DB
1,1,tr|F1RX36|F1RX36_PIG,A.EVQDKGEFL.A,Y,40.13,1063.5186,9,-0.6,532.7636,2,18.37,0.8438-0.8717,0,3,3766,FF_T_2404_Pig_Rerun_Sample_C_S1-A3_1_493.d,0,0,48,56,,,PEAKS DB
1,1,tr|F1RX36|F1RX36_PIG,G.DTTPSNPDWGTF.K,Y,38.50,1336.5571,12,-4.5,669.2795,2,31.30,0.8919-0.9198,0,3,6187,FF_T_2404_Pig_Rerun_Sample_C_S1-A3_1_493.d,0,0,468,479,,,PEAKS DB
1,1,tr|F1RX36|F1RX36_PIG,K.DSSTLSRNIIEL.L,Y,38.10,1346.7041,12,0.8,674.3566,2,31.58,0.9544-0.9822,0,3,6224,FF_T_2404_Pig_Rerun_Sample_C_S1-A3_1_493.d,0,0,129,140,,,PEAKS DB
1,1,tr|F1RX36|F1RX36_PIG,Q.DKGEFLAEGG.G,Y,37.17,1021.4716,10,-1.6,511.7397,2,15.84,0.8281-0.8561,0,3,3240,FF_T_2404_Pig_Rerun_Sample_C_S1-A3_1_493.d,0,0,51,60,,,PEAKS DB
1,1,tr|F1RX36|F1RX36_PIG,Q.DKGEFLAEGGG.V,Y,37.04,1078.4930,11,-10.4,540.2455,2,15.41,0.8449-0.8729,0,3,3125,FF_T_2404_Pig_Rerun_Sample_C_S1-A3_1_493.d,0,0,51,61,,,PEAKS DB
1,1,tr|F1RX36|F1RX36_PIG,V.SGSVSPGTKSEVHTS.K,Y,35.28,1458.6951,15,-7.1,487.2331,3,5.18,0.7328-0.7609,0,3,413,FF_T_2404_Pig_Rerun_Sample_C_S1-A3_1_493.d,0,0,483,497,,,PEAKS DB
3,9,P27917|APOC3_PIG,K.FTDFWDYTPKPEPSSS,Y,64.84,1902.8312,16,9.3,952.4270,2,41.62,1.1278-1.1555,2.5272E2,3,14162,FF_T_2404_Pig_Rerun_Sample_C_S1-A3_1_493.d,1,1,81,96,,,PEAKS DB
3,9,P27917|APOC3_PIG,A.EDTSLLDKM(+15.99)QDYVKQAT.R,Y,62.23,1999.9408,17,3.0,667.6529,3,20.02,0.8538-0.8818,1.9098E4,3,4057,FF_T_2404_Pig_Rerun_Sample_C_S1-A3_1_493.d,4,4,24,40,Oxidation (M),M9:Oxidation (M):1000.00,PEAKS DB
3,9,P27917|APOC3_PIG,R.TAQDALTSVKESEVAQQA.R,Y,61.51,1874.9221,18,4.0,938.4675,2,19.20,1.1466-1.1743,2.0819E4,3,3881,FF_T_2404_Pig_Rerun_Sample_C_S1-A3_1_493.d,2,2,42,59,,,PEAKS DB
3,9,P27917|APOC3_PIG,R.TAQDALTSVKESEV.A,Y,59.75,1476.7307,14,1.0,739.3697,2,18.75,1.0034-1.0312,2.6749E2,3,3818,FF_T_2404_Pig_Rerun_Sample_C_S1-A3_1_493.d,1,1,42,55,,,PEAKS DB
3,9,P27917|APOC3_PIG,T.AQDALTSVKESEVAQQA.R,Y,57.42,1773.8744,17,8.6,887.9477,2,17.73,1.1089-1.1367,0,3,3655,FF_T_2404_Pig_Rerun_Sample_C_S1-A3_1_493.d,0,0,43,59,,,PEAKS DB
3,9,P27917|APOC3_PIG,T.RTAQDALTSVKESEVAQQA.R,Y,56.21,2031.0232,19,4.0,678.0143,3,41.65,0.8538-0.8818,2.3379E3,3,14206,FF_T_2404_Pig_Rerun_Sample_C_S1-A3_1_493.d,2,2,41,59,,,PEAKS DB
3,9,P27917|APOC3_PIG,A.EDTSLLDKM(+15.99)QD.Y,Y,56.00,1309.5708,11,2.0,655.7908,2,13.08,0.9521-0.9800,5.7268E2,3,2497,FF_T_2404_Pig_Rerun_Sample_C_S1-A3_1_493.d,1,1,24,34,Oxidation (M),M9:Oxidation (M):1000.00,PEAKS DB
3,9,P27917|APOC3_PIG,A.TRTAQDALTSVKESEVAQQA.R,Y,55.90,2132.0708,20,3.8,711.6967,3,41.64,0.8952-0.9231,1.5642E3,3,14252,FF_T_2404_Pig_Rerun_Sample_C_S1-A3_1_493.d,2,2,40,59,,,PEAKS DB
3,9,P27917|APOC3_PIG,R.TAQDALTSVKESEVAQQ.A,Y,54.87,1803.8850,17,6.2,902.9509,2,17.30,1.1001-1.1278,0,3,3560,FF_T_2404_Pig_Rerun_Sample_C_S1-A3_1_493.d,0,0,42,58,,,PEAKS DB
3,9,P27917|APOC3_PIG,F.TDFWDYTPKPEPSSS,Y,54.28,1755.7627,15,-1.4,878.8831,2,28.99,1.0767-1.1045,3.1722E1,3,5811,FF_T_2404_Pig_Rerun_Sample_C_S1-A3_1_493.d,1,1,82,96,,,PEAKS DB
3,9,P27917|APOC3_PIG,E.DTSLLDKM(+15.99)QDYV.K,Y,53.67,1442.6599,12,0.7,722.3342,2,24.10,0.9922-1.0201,7.2864E2,3,4868,FF_T_2404_Pig_Rerun_Sample_C_S1-A3_1_493.d,1,1,25,36,Oxidation (M),M8:Oxidation (M):1000.00,PEAKS DB
3,9,P27917|APOC3_PIG,W.DYTPKPEPSSS,Y,52.94,1206.5404,11,1.4,604.2753,2,8.65,0.8706-0.8986,1.657E3,3,1435,FF_T_2404_Pig_Rerun_Sample_C_S1-A3_1_493.d,1,1,86,96,,,PEAKS DB
3,9,P27917|APOC3_PIG,A.EDTSLLDKM(+15.99)QDY.V,Y,52.79,1472.6340,12,0.9,737.3213,2,18.40,0.9822-1.0101,8.0979E2,3,3757,FF_T_2404_Pig_Rerun_Sample_C_S1-A3_1_493.d,1,1,24,35,Oxidation (M),M9:Oxidation (M):1000.00,PEAKS DB
3,9,P27917|APOC3_PIG,A.IEAEDTSLLDKM(+15.99)QDYVKQAT.R,Y,52.44,2313.1045,20,3.1,772.0407,3,22.61,0.9053-0.9332,0,3,4625,FF_T_2404_Pig_Rerun_Sample_C_S1-A3_1_493.d,0,0,21,40,Oxidation (M),M12:Oxidation (M):1000.00,PEAKS DB
3,9,P27917|APOC3_PIG,A.QDALTSVKESEVAQQA.R,Y,52.32,1702.8373,16,4.4,852.4254,2,17.69,1.0945-1.1222,5.0186E2,3,3646,FF_T_2404_Pig_Rerun_Sample_C_S1-A3_1_493.d,1,1,44,59,,,PEAKS DB
3,9,P27917|APOC3_PIG,E.DTSLLDKM(+15.99)QDY.V,Y,51.91,1343.5914,11,-3.0,672.7977,2,19.18,0.9309-0.9588,1.8572E2,3,3893,FF_T_2404_Pig_Rerun_Sample_C_S1-A3_1_493.d,1,1,25,35,Oxidation (M),M8:Oxidation (M):1000.00,PEAKS DB
3,9,P27917|APOC3_PIG,D.ALTSVKESEVAQQA.R,Y,50.88,1459.7518,14,4.7,730.8830,2,13.42,0.9945-1.0223,2.7406E2,3,2573,FF_T_2404_Pig_Rerun_Sample_C_S1-A3_1_493.d,1,1,46,59,,,PEAKS DB
3,9,P27917|APOC3_PIG,R.TAQDALTSVKESEVAQ.Q,Y,50.77,1675.8264,16,-1.8,838.9149,2,17.39,1.0823-1.1100,1.4493E2,3,3585,FF_T_2404_Pig_Rerun_Sample_C_S1-A3_1_493.d,1,1,42,57,,,PEAKS DB
3,9,P27917|APOC3_PIG,K.QATRTAQDALTSVKESEVAQQA.R,Y,50.05,2331.1665,22,-0.4,778.0586,3,18.27,0.9287-0.9566,0,3,3748,FF_T_2404_Pig_Rerun_Sample_C_S1-A3_1_493.d,0,0,38,59,,,PEAKS DB
3,9,P27917|APOC3_PIG,E.DTSLLDKM(+15.99)QDYVKQAT.R,Y,49.84,1870.8982,16,-0.1,624.6368,3,20.60,0.8236-0.8516,1.1736E3,3,4206,FF_T_2404_Pig_Rerun_Sample_C_S1-A3_1_493.d,1,1,25,40,Oxidation (M),M8:Oxidation (M):1000.00,PEAKS DB
3,9,P27917|APOC3_PIG,Q.DALTSVKESEVAQQA.R,Y,49.28,1574.7787,15,5.2,788.3968,2,18.58,1.0556-1.0834,5.0936E3,3,3779,FF_T_2404_Pig_Rerun_Sample_C_S1-A3_1_493.d,1,1,45,59,,,PEAKS DB
3,9,P27917|APOC3_PIG,F.WDYTPKPEPSSS,Y,48.43,1392.6198,12,4.5,697.3168,2,15.98,0.9477-0.9755,2.2844E2,3,3259,FF_T_2404_Pig_Rerun_Sample_C_S1-A3_1_493.d,1,1,85,96,,,PEAKS DB
3,9,P27917|APOC3_PIG,A.EDTSLLDKM(+15.99)QDYV.K,Y,47.42,1571.7025,13,3.9,786.8577,2,23.17,1.0434-1.0712,6.3918E2,3,4719,FF_T_2404_Pig_Rerun_Sample_C_S1-A3_1_493.d,1,1,24,36,Oxidation (M),M9:Oxidation (M):1000.00,PEAKS DB
3,9,P27917|APOC3_PIG,T.DFWDYTPKPEPSSS,Y,47.28,1654.7151,14,3.9,828.3640,2,29.58,1.0434-1.0712,6.3676E2,3,5893,FF_T_2404_Pig_Rerun_Sample_C_S1-A3_1_493.d,2,2,83,96,,,PEAKS DB
3,9,P27917|APOC3_PIG,R.TAQDALTSVKE.S,Y,47.20,1161.5876,11,-7.6,581.7938,2,12.94,0.8628-0.8907,0,3,2474,FF_T_2404_Pig_Rerun_Sample_C_S1-A3_1_493.d,0,0,42,52,,,PEAKS DB
3,9,P27917|APOC3_PIG,A.EDTSLLDKM(+15.99)QDYVKQA.T,Y,47.07,1898.8931,16,0.9,633.9691,3,41.63,0.8225-0.8505,7.3789E2,3,14193,FF_T_2404_Pig_Rerun_Sample_C_S1-A3_1_493.d,2,2,24,39,Oxidation (M),M9:Oxidation (M):1000.00,PEAKS DB
3,9,P27917|APOC3_PIG,K.FTDFWDYTPKPEPS.S,Y,46.10,1728.7671,14,9.6,865.3948,2,41.65,1.0934-1.1211,0,3,14290,FF_T_2404_Pig_Rerun_Sample_C_S1-A3_1_493.d,0,0,81,94,,,PEAKS DB
3,9,P27917|APOC3_PIG,Q.DALTSVKESEVAQ.Q,Y,44.99,1375.6831,13,6.8,688.8501,2,16.55,0.9711-0.9989,1.8417E2,3,3387,FF_T_2404_Pig_Rerun_Sample_C_S1-A3_1_493.d,1,1,45,57,,,PEAKS DB
3,9,P27917|APOC3_PIG,E.DTSLLDKM(+15.99)QD.Y,Y,44.78,1180.5282,10,0.9,591.2690,2,13.36,0.8717-0.8997,3.0368E2,3,2551,FF_T_2404_Pig_Rerun_Sample_C_S1-A3_1_493.d,1,1,25,34,Oxidation (M),M8:Oxidation (M):1000.00,PEAKS DB
3,9,P27917|APOC3_PIG,L.TSVKESEVAQQA.R,Y,42.21,1275.6306,12,5.7,638.8231,2,7.72,0.9053-0.9332,4.7683E2,3,1214,FF_T_2404_Pig_Rerun_Sample_C_S1-A3_1_493.d,1,1,48,59,,,PEAKS DB
3,9,P27917|APOC3_PIG,A.LTSVKESEVAQQA.R,Y,41.18,1388.7147,13,2.8,695.3632,2,11.16,0.9499-0.9778,0,3,2108,FF_T_2404_Pig_Rerun_Sample_C_S1-A3_1_493.d,0,0,47,59,,,PEAKS DB
3,9,P27917|APOC3_PIG,E.DTSLLDKM(+15.99)QDYVKQA.T,Y,39.91,1769.8506,15,-2.9,590.9528,3,19.22,0.8012-0.8292,0,3,3913,FF_T_2404_Pig_Rerun_Sample_C_S1-A3_1_493.d,0,0,25,39,Oxidation (M),M8:Oxidation (M):1000.00,PEAKS DB
3,9,P27917|APOC3_PIG,T.SVKESEVAQQA.R,Y,39.33,1174.5830,11,2.7,588.2975,2,6.82,0.8606-0.8885,1.4977E2,3,941,FF_T_2404_Pig_Rerun_Sample_C_S1-A3_1_493.d,1,1,49,59,,,PEAKS DB
3,9,P27917|APOC3_PIG,W.DYTPKPEPS.S,Y,38.58,1032.4763,9,-3.9,517.2408,2,8.87,0.8068-0.8348,5.3343E2,3,1508,FF_T_2404_Pig_Rerun_Sample_C_S1-A3_1_493.d,1,1,86,94,,,PEAKS DB
4,2,P01965|HBA_PIG,K.VGGQAGAHGAEAL.E,Y,56.57,1136.5574,13,-0.3,569.2830,2,9.87,0.8606-0.8885,4.8234E3,3,1733,FF_T_2404_Pig_Rerun_Sample_C_S1-A3_1_493.d,1,1,17,29,,,PEAKS DB
4,2,P01965|HBA_PIG,K.VGGQAGAHGAEALE.R,Y,56.18,1265.6000,14,1.1,633.8048,2,9.84,0.9108-0.9387,1.1713E4,3,1696,FF_T_2404_Pig_Rerun_Sample_C_S1-A3_1_493.d,2,2,17,30,,,PEAKS DB
4,2,P01965|HBA_PIG,VLSAADKANVKAA.W,Y,52.99,1256.7087,13,3.5,629.3607,2,8.35,0.9164-0.9443,3.8503E2,3,1343,FF_T_2404_Pig_Rerun_Sample_C_S1-A3_1_493.d,1,1,1,13,,,PEAKS DB
4,2,P01965|HBA_PIG,K.VGGQAGAHGAEA.L,Y,49.50,1023.4733,12,-2.8,512.7400,2,4.62,0.7979-0.8259,0,3,163,FF_T_2404_Pig_Rerun_Sample_C_S1-A3_1_493.d,0,0,17,28,,,PEAKS DB
4,2,P01965|HBA_PIG,K.VGGQAGAHGAEALER.M,Y,48.65,1421.7010,15,2.1,474.9063,3,7.54,0.7440-0.7721,0,3,1183,FF_T_2404_Pig_Rerun_Sample_C_S1-A3_1_493.d,0,0,17,31,,,PEAKS DB
4,2,P01965|HBA_PIG,P.DDFNPSVHASLD.K,Y,48.48,1315.5680,12,1.2,658.7888,2,21.11,0.9254-0.9532,2.2035E2,3,4299,FF_T_2404_Pig_Rerun_Sample_C_S1-A3_1_493.d,1,1,115,126,,,PEAKS DB
4,2,P01965|HBA_PIG,VLSAADKANVKA.A,Y,48.25,1185.6716,12,0.2,593.8403,2,8.34,0.9075-0.9354,1.0172E3,3,1338,FF_T_2404_Pig_Rerun_Sample_C_S1-A3_1_493.d,2,2,1,12,,,PEAKS DB
4,2,P01965|HBA_PIG,L.DDLPGALSALSD.L,Y,48.14,1172.5560,12,2.9,587.2841,2,34.48,0.8852-0.9131,1.6816E2,3,7098,FF_T_2404_Pig_Rerun_Sample_C_S1-A3_1_493.d,1,1,74,85,,,PEAKS DB
4,2,P01965|HBA_PIG,L.RVDPVNFKLLSH.C,Y,48.11,1423.7936,12,-3.4,475.6012,3,41.77,0.7979-0.8259,0,3,14710,FF_T_2404_Pig_Rerun_Sample_C_S1-A3_1_493.d,0,0,92,103,,,PEAKS DB
4,2,P01965|HBA_PIG,V.GGQAGAHGAEAL.E,Y,46.86,1037.4890,12,-14.3,519.7418,2,7.77,0.8080-0.8359,4.4788E2,3,1237,FF_T_2404_Pig_Rerun_Sample_C_S1-A3_1_493.d,1,1,18,29,,,PEAKS DB
4,2,P01965|HBA_PIG,F.LANVSTVLTSKYR,Y,45.66,1450.8143,13,-0.6,484.6094,3,20.63,0.7867-0.8147,0,3,4208,FF_T_2404_Pig_Rerun_Sample_C_S1-A3_1_493.d,0,0,129,141,,,PEAKS DB
4,2,P01965|HBA_PIG,P.DDFNPSVHA.S,Y,45.14,1000.4250,9,4.1,501.2193,2,15.03,0.8035-0.8315,2.3962E2,3,2943,FF_T_2404_Pig_Rerun_Sample_C_S1-A3_1_493.d,1,1,115,123,,,PEAKS DB
4,2,P01965|HBA_PIG,VLSAADKANVK.A,Y,44.91,1114.6345,11,-2.0,558.3207,2,6.51,0.8762-0.9041,1.4904E3,3,850,FF_T_2404_Pig_Rerun_Sample_C_S1-A3_1_493.d,3,3,1,11,,,PEAKS DB
4,2,P01965|HBA_PIG,G.GQAGAHGAEALE.R,Y,42.63,1109.5101,12,11.0,555.7657,2,7.67,0.8303-0.8583,0,3,1215,FF_T_2404_Pig_Rerun_Sample_C_S1-A3_1_493.d,0,0,19,30,,,PEAKS DB
4,2,P01965|HBA_PIG,V.ADALTKAVG.H,Y,42.34,844.4654,9,-2.3,423.2369,2,11.59,0.7384-0.7665,0,3,2219,FF_T_2404_Pig_Rerun_Sample_C_S1-A3_1_493.d,0,0,63,71,,,PEAKS DB
4,2,P01965|HBA_PIG,V.GGQAGAHGAEALE.R,Y,41.94,1166.5316,13,2.7,584.2718,2,7.77,0.8303-0.8583,0,3,1236,FF_T_2404_Pig_Rerun_Sample_C_S1-A3_1_493.d,0,0,18,30,,,PEAKS DB
4,2,P01965|HBA_PIG,VLSAADKANV.K,Y,41.69,986.5396,10,-0.1,494.2746,2,10.85,0.8057-0.8337,1.4277E3,3,1975,FF_T_2404_Pig_Rerun_Sample_C_S1-A3_1_493.d,1,1,1,10,,,PEAKS DB
4,2,P01965|HBA_PIG,N.VSTVLTSKY.R,Y,41.44,996.5491,9,-6.3,499.2762,2,16.05,0.8270-0.8550,0,3,3299,FF_T_2404_Pig_Rerun_Sample_C_S1-A3_1_493.d,0,0,132,140,,,PEAKS DB
4,2,P01965|HBA_PIG,K.VGGQAGAHGAEALERM(+15.99).F,Y,40.69,1568.7365,16,-3.2,523.9152,3,8.44,0.8080-0.8359,3.0064E2,3,1380,FF_T_2404_Pig_Rerun_Sample_C_S1-A3_1_493.d,1,1,17,32,Oxidation (M),M16:Oxidation (M):1000.00,PEAKS DB
4,2,P01965|HBA_PIG,A.VGHLDDLPGALSA.L,Y,39.79,1263.6459,13,4.6,632.8300,2,27.34,0.9120-0.9399,2.4055E2,3,5467,FF_T_2404_Pig_Rerun_Sample_C_S1-A3_1_493.d,1,1,70,82,,,PEAKS DB
4,2,P01965|HBA_PIG,G.GQAGAHGAEAL.E,Y,38.38,980.4675,11,4.0,491.2406,2,7.72,0.7911-0.8192,0,3,1228,FF_T_2404_Pig_Rerun_Sample_C_S1-A3_1_493.d,0,0,19,29,,,PEAKS DB
4,2,P01965|HBA_PIG,G.KVGGQAGAHGAEALE.R,Y,37.59,1393.6949,15,-10.0,465.5653,3,7.37,0.6991-0.7272,0,3,1133,FF_T_2404_Pig_Rerun_Sample_C_S1-A3_1_493.d,0,0,16,30,,,PEAKS DB
4,2,P01965|HBA_PIG,VLSAADKAN.V,Y,35.99,887.4712,9,-4.7,444.7386,2,5.62,0.7564-0.7844,0,3,551,FF_T_2404_Pig_Rerun_Sample_C_S1-A3_1_493.d,0,0,1,9,,,PEAKS DB
4,2,P01965|HBA_PIG,A.WGKVGGQAGAHGAEALE.R,Y,35.58,1636.7957,17,-1.2,546.6025,3,13.67,0.7687-0.7967,0,3,2626,FF_T_2404_Pig_Rerun_Sample_C_S1-A3_1_493.d,0,0,14,30,,,PEAKS DB
6,6,P02067|HBB_PIG,F.ESFGDLSNADAVM(+15.99)GNPK.V,Y,54.95,1766.7781,17,5.8,884.3971,2,20.05,1.1034-1.1311,1.9486E3,3,4047,FF_T_2404_Pig_Rerun_Sample_C_S1-A3_1_493.d,1,1,44,60,Oxidation (M),M13:Oxidation (M):1000.00,PEAKS DB
6,6,P02067|HBB_PIG,G.DLSNADAVM(+15.99)GNPKV.K,Y,52.62,1445.6820,14,1.0,723.8455,2,15.89,0.9532-0.9811,4.2974E2,3,3251,FF_T_2404_Pig_Rerun_Sample_C_S1-A3_1_493.d,1,1,48,61,Oxidation (M),M9:Oxidation (M):1000.00,PEAKS DB
6,6,P02067|HBB_PIG,G.DLSNADAVM(+15.99)GNPK.V,Y,49.98,1346.6136,13,2.1,674.3122,2,10.54,0.9153-0.9432,2.8848E3,3,1881,FF_T_2404_Pig_Rerun_Sample_C_S1-A3_1_493.d,1,1,48,60,Oxidation (M),M9:Oxidation (M):1000.00,PEAKS DB
6,6,P02067|HBB_PIG,R.FFESFGDLSNADAV.M,Y,48.41,1517.6674,14,5.7,759.8416,2,36.84,1.0234-1.0512,1.2939E3,3,8399,FF_T_2404_Pig_Rerun_Sample_C_S1-A3_1_493.d,1,1,42,55,,,PEAKS DB
6,6,P02067|HBB_PIG,M.VHLSAEEKEAV.L,Y,47.83,1210.6194,11,-7.8,606.3093,2,10.35,0.9108-0.9387,0,3,1847,FF_T_2404_Pig_Rerun_Sample_C_S1-A3_1_493.d,0,0,2,12,,,PEAKS DB
6,6,P02067|HBB_PIG,F.ESFGDLSNADAV.M,Y,47.81,1223.5305,12,-1.0,612.7689,2,27.44,0.9131-0.9410,0,3,5496,FF_T_2404_Pig_Rerun_Sample_C_S1-A3_1_493.d,0,0,44,55,,,PEAKS DB
6,6,P02067|HBB_PIG,F.ESFGDLSNADAVM(+15.99)GNPKV.K,Y,47.59,1865.8466,18,5.7,933.9313,2,23.95,1.1333-1.1610,5.0555E2,3,4840,FF_T_2404_Pig_Rerun_Sample_C_S1-A3_1_493.d,1,1,44,61,Oxidation (M),M13:Oxidation (M):1000.00,PEAKS DB
6,6,P02067|HBB_PIG,F.FESFGDLSNADAVM(+15.99)GNPK.V,Y,46.42,1913.8464,18,2.2,957.9279,2,25.33,1.1344-1.1621,0,3,5039,FF_T_2404_Pig_Rerun_Sample_C_S1-A3_1_493.d,0,0,43,60,Oxidation (M),M14:Oxidation (M):1000.00,PEAKS DB
6,6,P02067|HBB_PIG,V.NVDEVGGEALGR.L,Y,46.07,1214.5891,12,6.0,608.3025,2,14.30,0.8896-0.9175,0,3,2752,FF_T_2404_Pig_Rerun_Sample_C_S1-A3_1_493.d,0,0,20,31,,,PEAKS DB
6,6,P02067|HBB_PIG,F.ESFGDLSNADAVM(+15.99)GN.P,Y,45.37,1541.6304,15,2.9,771.8209,2,23.86,1.0112-1.0390,1.646E2,3,4828,FF_T_2404_Pig_Rerun_Sample_C_S1-A3_1_493.d,1,1,44,58,Oxidation (M),M13:Oxidation (M):1000.00,PEAKS DB
6,6,P02067|HBB_PIG,F.FESFGDLSNADAV.M,Y,44.21,1370.5990,13,1.6,686.3045,2,32.15,0.9744-1.0023,1.5081E3,3,6316,FF_T_2404_Pig_Rerun_Sample_C_S1-A3_1_493.d,1,1,43,55,,,PEAKS DB
6,6,P02067|HBB_PIG,V.HLSAEEKEAV.L,Y,43.96,1111.5509,10,2.7,556.7815,2,6.93,0.8527-0.8807,8.8161E2,3,960,FF_T_2404_Pig_Rerun_Sample_C_S1-A3_1_493.d,1,1,3,12,,,PEAKS DB
6,6,P02067|HBB_PIG,W.GKVNVDEVGGEALG.R,Y,38.48,1342.6729,14,-0.4,672.3401,2,18.07,0.9309-0.9588,2.2253E2,3,3712,FF_T_2404_Pig_Rerun_Sample_C_S1-A3_1_493.d,1,1,17,30,,,PEAKS DB
5,4,P51524|PF11_PIG,R.FPPPNFPGPRFPPPNFPGPR.F,Y,47.01,2231.1428,20,7.2,744.7232,3,41.77,0.9209-0.9488,5.2406E3,3,14616,FF_T_2404_Pig_Rerun_Sample_C_S1-A3_1_493.d,1,1,142,161,,,PEAKS DB
5,4,P51524|PF11_PIG,R.FPPPNFPGPRFPPPN.F,Y,45.58,1676.8463,15,8.5,839.4334,2,41.62,1.0690-1.0967,1.7745E3,3,14045,FF_T_2404_Pig_Rerun_Sample_C_S1-A3_1_493.d,1,1,142,156,,,PEAKS DB
5,4,P51524|PF11_PIG,R.FPPPNFPGPRFPPPNFPGP.R,Y,45.45,2075.0417,19,10.9,1038.5343,2,41.72,1.2097-1.2373,8.3966E3,3,14342,FF_T_2404_Pig_Rerun_Sample_C_S1-A3_1_493.d,1,1,142,160,,,PEAKS DB
5,4,P51524|PF11_PIG,R.QAFPPPNVPGPRFPPPNFPGP.R,Y,43.61,2226.1375,21,2.2,1114.0730,2,40.38,1.2307-1.2583,4.2426E3,3,12222,FF_T_2404_Pig_Rerun_Sample_C_S1-A3_1_493.d,3,3,130,150,,,PEAKS DB
5,4,P51524|PF11_PIG,R.FPPPNFPGPR.F,Y,41.55,1124.5767,10,0.1,563.2929,2,38.97,0.8907-0.9187,6.0615E4,3,10519,FF_T_2404_Pig_Rerun_Sample_C_S1-A3_1_493.d,8,8,142,151,,,PEAKS DB
5,4,P51524|PF11_PIG,R.FPPPNFPGPRFPPPNFP.G,Y,40.89,1920.9674,17,14.8,961.5004,2,41.74,1.1610-1.1887,6.1622E2,3,14646,FF_T_2404_Pig_Rerun_Sample_C_S1-A3_1_493.d,1,1,142,158,,,PEAKS DB
5,4,P51524|PF11_PIG,R.QAFPPPNVPGPR.F,Y,39.21,1275.6724,12,1.6,638.8413,2,26.99,0.9008-0.9287,7.8833E2,3,5407,FF_T_2404_Pig_Rerun_Sample_C_S1-A3_1_493.d,1,1,130,141,,,PEAKS DB
5,4,P51524|PF11_PIG,R.FPPPNFPGPRFPPP.N,Y,37.85,1562.8033,14,7.9,782.4113,2,41.68,1.0390-1.0668,4.9474E2,3,14345,FF_T_2404_Pig_Rerun_Sample_C_S1-A3_1_493.d,1,1,142,155,,,PEAKS DB
5,4,P51524|PF11_PIG,V.PGPRFPPP.N,Y,37.50,863.4653,8,-3.0,432.7365,2,36.98,0.7541-0.7822,0,3,8610,FF_T_2404_Pig_Rerun_Sample_C_S1-A3_1_493.d,0,0,138,145,,,PEAKS DB
5,4,P51524|PF11_PIG,F.PPPNFPGPRFPPPNFPGP.R,Y,36.22,1927.9733,18,9.2,964.9980,2,41.65,1.1344-1.1621,1.0128E3,3,14202,FF_T_2404_Pig_Rerun_Sample_C_S1-A3_1_493.d,1,1,143,160,,,PEAKS DB
8,91,O19084|CDSN_PIG,Y.FTKDNPVKGSPGAPSFAAGPPISEG.K,Y,53.90,2427.2070,25,3.0,810.0747,3,22.43,0.9276-0.9555,1.3984E2,3,4593,FF_T_2404_Pig_Rerun_Sample_C_S1-A3_1_493.d,1,1,44,68,,,PEAKS DB
8,91,O19084|CDSN_PIG,F.TKDNPVKGSPGAPSFAAGPPISEG.K,Y,50.11,2280.1384,24,-1.0,761.0489,3,20.70,0.8796-0.9075,0,3,4230,FF_T_2404_Pig_Rerun_Sample_C_S1-A3_1_493.d,0,0,45,68,,,PEAKS DB
8,91,O19084|CDSN_PIG,K.DNPVKGSPGAPS.F,Y,49.95,1124.5461,12,0.4,563.2778,2,7.74,0.8292-0.8572,2.3568E3,3,1210,FF_T_2404_Pig_Rerun_Sample_C_S1-A3_1_493.d,1,1,47,58,,,PEAKS DB
8,91,O19084|CDSN_PIG,S.SNPIIPSHSSSSSNI.Y,Y,39.43,1525.7372,15,7.1,763.8775,2,16.58,0.9844-1.0123,0,3,3403,FF_T_2404_Pig_Rerun_Sample_C_S1-A3_1_493.d,0,0,73,87,,,PEAKS DB
8,91,O19084|CDSN_PIG,S.NPIIPSHSSSSSNI.Y,Y,38.77,1438.7052,14,2.1,720.3578,2,16.34,0.9811-1.0089,2.003E2,3,3340,FF_T_2404_Pig_Rerun_Sample_C_S1-A3_1_493.d,1,1,74,87,,,PEAKS DB
8,91,O19084|CDSN_PIG,Y.EVVGGSSDSYLVPGM(+15.99)T.Y,Y,38.70,1612.7290,16,3.9,807.3710,2,25.58,1.0612-1.0890,3.1494E2,3,5056,FF_T_2404_Pig_Rerun_Sample_C_S1-A3_1_493.d,1,1,17,32,Oxidation (M),M15:Oxidation (M):1000.00,PEAKS DB
7,50,Q95JC9|PRP_PIG,P.GARPPPPPPPPADEPQQGP.A,Y,49.46,1900.9431,19,-4.9,634.6487,3,13.01,0.8382-0.8662,0,3,2498,FF_T_2404_Pig_Rerun_Sample_C_S1-A3_1_493.d,0,0,412,430,,,PEAKS DB
7,50,Q95JC9|PRP_PIG,A.RPPPGPPPPGPPPPGP.A,Y,48.23,1509.8091,16,4.0,755.9111,2,15.04,0.9811-1.0089,2.3285E3,3,2882,FF_T_2404_Pig_Rerun_Sample_C_S1-A3_1_493.d,2,2,78,93,,,PEAKS DB
7,50,Q95JC9|PRP_PIG,A.RPPPGPPPPGPPPP.G,Y,42.40,1355.7349,14,3.3,678.8736,2,13.36,0.9488-0.9766,4.268E2,3,2568,FF_T_2404_Pig_Rerun_Sample_C_S1-A3_1_493.d,1,1,78,91,,,PEAKS DB
7,50,Q95JC9|PRP_PIG,R.PPPGPPPPGPPPPGP.A,Y,42.10,1353.7080,15,0.9,677.8585,2,19.49,0.9220-0.9499,5.4196E3,3,3937,FF_T_2404_Pig_Rerun_Sample_C_S1-A3_1_493.d,2,2,79,93,,,PEAKS DB
7,50,Q95JC9|PRP_PIG,R.PPPGPPPPGPPPP.G,Y,39.58,1199.6338,13,2.5,600.8227,2,17.91,0.8572-0.8852,8.4518E3,3,3707,FF_T_2404_Pig_Rerun_Sample_C_S1-A3_1_493.d,2,2,79,91,,,PEAKS DB
7,50,Q95JC9|PRP_PIG,P.GPPPPGPPPP.G,Y,36.78,908.4755,10,-5.9,455.2401,2,13.38,0.7519-0.7799,0,3,2572,FF_T_2404_Pig_Rerun_Sample_C_S1-A3_1_493.d,0,0,82,91,,,PEAKS DB
9,128,Q3BDI7|DSG1_PIG,N.NPTDLLAIDSKTGIIT.L,Y,51.79,1670.9091,16,5.4,836.4622,2,41.65,1.1123-1.1400,3.1054E2,3,14228,FF_T_2404_Pig_Rerun_Sample_C_S1-A3_1_493.d,1,1,428,443,,,PEAKS DB
9,128,Q3BDI7|DSG1_PIG,T.DLLAIDSKTGIIT.L,Y,47.51,1358.7656,13,-5.3,680.3831,2,32.86,0.9677-0.9956,0,3,6519,FF_T_2404_Pig_Rerun_Sample_C_S1-A3_1_493.d,0,0,431,443,,,PEAKS DB
9,128,Q3BDI7|DSG1_PIG,G.NNPTDLLAIDSKTGIIT.L,Y,42.32,1784.9519,17,3.8,893.4822,2,33.20,1.1256-1.1533,0,3,6601,FF_T_2404_Pig_Rerun_Sample_C_S1-A3_1_493.d,0,0,427,443,,,PEAKS DB
9,128,Q3BDI7|DSG1_PIG,G.EFIATDLDTGLPSTTV.R,Y,38.44,1678.8301,16,2.3,840.4201,2,36.04,1.0867-1.1145,4.1532E2,3,7838,FF_T_2404_Pig_Rerun_Sample_C_S1-A3_1_493.d,1,1,406,421,,,PEAKS DB
9,128,Q3BDI7|DSG1_PIG,L.DYEEVKNLQ.L,Y,37.94,1136.5349,9,1.9,569.2730,2,14.53,0.8650-0.8930,0,3,2817,FF_T_2404_Pig_Rerun_Sample_C_S1-A3_1_493.d,0,0,338,346,,,PEAKS DB
13,26,P19619|ANXA1_PIG,I.DNEEQEYIKTV.K,Y,60.52,1366.6252,11,3.3,684.3188,2,19.37,0.9466-0.9744,5.1146E2,3,3932,FF_T_2404_Pig_Rerun_Sample_C_S1-A3_1_493.d,1,1,15,25,,,PEAKS DB
13,26,P19619|ANXA1_PIG,I.DNEEQEYIKT.V,Y,55.11,1267.5568,10,1.7,634.7836,2,13.81,0.9153-0.9432,7.9016E2,3,2634,FF_T_2404_Pig_Rerun_Sample_C_S1-A3_1_493.d,1,1,15,24,,,PEAKS DB
13,26,P19619|ANXA1_PIG,D.NEEQEYIKT.V,Y,48.05,1152.5299,9,-0.7,577.2690,2,11.72,0.8673-0.8952,0,3,2246,FF_T_2404_Pig_Rerun_Sample_C_S1-A3_1_493.d,0,0,16,24,,,PEAKS DB
11,29,P01025|CO3_PIG,R.EEIPPADLSDQVPDTESETKILLQGTPVAQM(+15.99)VEDA.I,Y,46.47,3780.8137,35,0.3,1261.2727,3,41.44,1.2274-1.2550,0,3,13747,FF_T_2404_Pig_Rerun_Sample_C_S1-A3_1_493.d,0,0,958,992,Oxidation (M),M31:Oxidation (M):1000.00,PEAKS DB
11,29,P01025|CO3_PIG,R.EEIPPADLSDQVPDTESETKILLQGTPVA.Q,Y,43.33,3091.5447,29,10.9,1031.5283,3,41.51,1.0756-1.1034,1.1728E2,3,13850,FF_T_2404_Pig_Rerun_Sample_C_S1-A3_1_493.d,1,1,958,986,,,PEAKS DB
11,29,P01025|CO3_PIG,E.IPPADLSDQVPDTESET.K,Y,40.52,1812.8264,17,9.4,907.4245,2,24.37,1.1145-1.1422,7.193E2,3,4904,FF_T_2404_Pig_Rerun_Sample_C_S1-A3_1_493.d,1,1,960,976,,,PEAKS DB
11,29,P01025|CO3_PIG,R.EEIPPADLSDQVPDTESETKILLQGTPV.A,Y,40.50,3020.5076,28,6.1,1007.8443,3,41.56,1.0645-1.0923,0,3,13961,FF_T_2404_Pig_Rerun_Sample_C_S1-A3_1_493.d,0,0,958,985,,,PEAKS DB
11,29,P01025|CO3_PIG,R.EEIPPADLSDQVPDTESET.K,Y,37.88,2070.9116,19,0.7,1036.4587,2,26.54,1.1721-1.1998,0,3,5303,FF_T_2404_Pig_Rerun_Sample_C_S1-A3_1_493.d,0,0,958,976,,,PEAKS DB
12,8,Q6QAQ1|ACTB_PIG,M.VGM(+15.99)GQKDSYVGDEAQS.K,Y,49.63,1685.7202,16,2.6,843.8654,2,8.52,1.0401-1.0679,3.8086E1,3,1399,FF_T_2404_Pig_Rerun_Sample_C_S1-A3_1_493.d,1,1,45,60,Oxidation (M),M3:Oxidation (M):1000.00,PEAKS DB
12,8,Q6QAQ1|ACTB_PIG,M.DSGDGVTHTVPIYEG.Y,Y,48.56,1545.6947,15,5.1,773.8547,2,21.69,0.9945-1.0223,1.6183E2,3,4477,FF_T_2404_Pig_Rerun_Sample_C_S1-A3_1_493.d,1,1,154,168,,,PEAKS DB
12,8,Q6QAQ1|ACTB_PIG,V.GM(+15.99)GQKDSYVGDEAQS.K,Y,37.28,1586.6519,15,3.4,794.3320,2,7.35,0.9989-1.0267,0,3,1120,FF_T_2404_Pig_Rerun_Sample_C_S1-A3_1_493.d,0,0,46,60,Oxidation (M),M2:Oxidation (M):1000.00,PEAKS DB
12,8,Q6QAQ1|ACTB_PIG,L.TEAPLNPK.A,Y,37.05,868.4654,8,-5.1,435.2356,2,7.79,0.7687-0.7967,0,3,1243,FF_T_2404_Pig_Rerun_Sample_C_S1-A3_1_493.d,0,0,106,113,,,PEAKS DB
14,22,P18650|APOE_PIG,R.M(+15.99)QSAVSISSSTSAPSDNQ,Y,52.17,1811.7843,18,3.9,906.8985,2,13.99,1.0934-1.1211,0,3,2686,FF_T_2404_Pig_Rerun_Sample_C_S1-A3_1_493.d,0,0,300,317,Oxidation (M),M1:Oxidation (M):1000.00,PEAKS DB
14,22,P18650|APOE_PIG,V.SISSSTSAPSDNQ,Y,49.92,1279.5527,13,1.1,640.7812,2,7.43,0.9086-0.9365,1.0094E3,3,1137,FF_T_2404_Pig_Rerun_Sample_C_S1-A3_1_493.d,1,1,305,317,,,PEAKS DB
14,22,P18650|APOE_PIG,Q.SAVSISSSTSAPSDNQ,Y,47.39,1536.6903,16,3.1,769.3510,2,13.20,1.0123-1.0401,0,3,2533,FF_T_2404_Pig_Rerun_Sample_C_S1-A3_1_493.d,0,0,302,317,,,PEAKS DB
17,313,O02773|MA1A1_PIG,G.GGLGGGLGGGLGGGGG.G,Y,52.21,1098.5417,16,-6.2,550.2720,2,22.66,0.8538-0.8818,0,3,4632,FF_T_2404_Pig_Rerun_Sample_C_S1-A3_1_493.d,0,0,16,31,,,PEAKS DB
17,313,O02773|MA1A1_PIG,G.GLGGGLGGGLGGGGG.G,Y,42.55,1041.5203,15,2.8,521.7663,2,22.22,0.8147-0.8427,0,3,4572,FF_T_2404_Pig_Rerun_Sample_C_S1-A3_1_493.d,0,0,17,31,,,PEAKS DB
15,45,Q95274|TYB4_PIG,K.NPLPSKETIEQEKQAGES,Y,38.65,1983.9749,18,-7.6,662.3239,3,11.81,0.8292-0.8572,0,3,2272,FF_T_2404_Pig_Rerun_Sample_C_S1-A3_1_493.d,0,0,27,44,,,PEAKS DB
15,45,Q95274|TYB4_PIG,K.TETQEKNPLPSKETIEQEKQAGES,Y,37.17,2700.3088,24,7.0,676.0859,4,11.36,0.9041-0.9321,0,3,2164,FF_T_2404_Pig_Rerun_Sample_C_S1-A3_1_493.d,0,0,21,44,,,PEAKS DB
15,45,Q95274|TYB4_PIG,K.ETIEQEKQAGES,Y,36.16,1347.6154,12,4.8,674.8149,2,5.83,0.9220-0.9499,0,3,627,FF_T_2404_Pig_Rerun_Sample_C_S1-A3_1_493.d,0,0,33,44,,,PEAKS DB
20,653,P50447|A1AT_PIG,A.EGLQGHAVQETDVPR.H,Y,54.44,1634.8013,15,-2.0,545.9373,3,11.72,0.7990-0.8270,0,3,2247,FF_T_2404_Pig_Rerun_Sample_C_S1-A3_1_493.d,0,0,25,39,,,PEAKS DB
18,3,P18648|APOA1_PIG,L.DDFQNKWQEEM(+15.99)ET.Y,Y,53.35,1714.6781,13,9.0,858.3498,2,18.29,1.0323-1.0601,3.1969E2,3,3743,FF_T_2404_Pig_Rerun_Sample_C_S1-A3_1_493.d,1,1,125,137,Oxidation (M),M11:Oxidation (M):1000.00,PEAKS DB
10,321,O97507|FA12_PIG,Y.LAWIQEHTTS,Y,52.56,1184.5825,10,0.6,593.2960,2,21.02,0.8885-0.9164,9.2298E3,3,4286,FF_T_2404_Pig_Rerun_Sample_C_S1-A3_1_493.d,3,3,607,616,,,PEAKS DB
19,620,Q9TV63|MYH2_PIG,L.EEAEERADIAESQVN.K,Y,47.95,1688.7489,15,-1.3,845.3765,2,11.89,1.0279-1.0556,0,3,2298,FF_T_2404_Pig_Rerun_Sample_C_S1-A3_1_493.d,0,0,1908,1922,,,PEAKS DB
19,408,Q9TV62|MYH4_PIG,L.EEAEERADIAESQVN.K,Y,47.95,1688.7489,15,-1.3,845.3765,2,11.89,1.0279-1.0556,0,3,2298,FF_T_2404_Pig_Rerun_Sample_C_S1-A3_1_493.d,0,0,1906,1920,,,PEAKS DB
19,535,Q9TV61|MYH1_PIG,L.EEAEERADIAESQVN.K,Y,47.95,1688.7489,15,-1.3,845.3765,2,11.89,1.0279-1.0556,0,3,2298,FF_T_2404_Pig_Rerun_Sample_C_S1-A3_1_493.d,0,0,1908,1922,,,PEAKS DB
23,88,P06867|PLMN_PIG,G.DSLDDYVNTQGA.F,Y,42.99,1296.5470,12,5.7,649.2812,2,23.38,0.9231-0.9510,0,3,4773,FF_T_2404_Pig_Rerun_Sample_C_S1-A3_1_493.d,0,0,20,31,,,PEAKS DB
26,18,P00355|G3P_PIG,R.DGRGAAQNIIPASTGAA.K,Y,36.68,1568.7906,17,7.8,785.4048,2,19.44,0.9856-1.0134,9.1631E1,3,3949,FF_T_2404_Pig_Rerun_Sample_C_S1-A3_1_493.d,1,1,196,212,,,PEAKS DB
22,1843,Q29073|PTGR1_PIG,T.YNRTGPPPPG.P,Y,36.13,1054.5195,10,-6.2,528.2612,2,14.18,0.8023-0.8303,0,3,2713,FF_T_2404_Pig_Rerun_Sample_C_S1-A3_1_493.d,0,0,245,254,,,PEAKS DB
24,11,P02543|VIME_PIG,F.GGPGTASRPSSSRSYVTTST.R,Y,36.05,1954.9344,20,-1.2,652.6481,3,7.99,0.8270-0.8550,0,3,1275,FF_T_2404_Pig_Rerun_Sample_C_S1-A3_1_493.d,0,0,16,35,,,PEAKS DB
25,177,Q9GLP2|PROC_PIG,R.DTDQVDKKEDQIDPR.L,Y,35.73,1800.8489,15,4.7,601.2901,3,7.68,0.8527-0.8807,2.3921E2,3,1208,FF_T_2404_Pig_Rerun_Sample_C_S1-A3_1_493.d,1,1,199,213,,,PEAKS DB
21,292,Q33BP8|FOXN3_PIG,T.NLNWLHE.S,Y,35.49,924.4454,7,-6.8,463.2245,2,9.71,0.7710-0.7990,1.6525E3,3,1691,FF_T_2404_Pig_Rerun_Sample_C_S1-A3_1_493.d,1,1,62,68,,,PEAKS DB
27,36,P0DSO0|SAA2_PIG,F.LGEAYEGAKDM(+15.99)L.R,Y,35.21,1311.6017,12,2.9,656.8068,2,17.08,0.9477-0.9755,0,3,3499,FF_T_2404_Pig_Rerun_Sample_C_S1-A3_1_493.d,0,0,24,35,Oxidation (M),M11:Oxidation (M):1000.00,PEAKS DB
