Peptide,-10lgP,Mass,Length,ppm,m/z,RT,1/k0 Range,Area Sample 6,Fraction,Precursor Id,Source File,#Feature,#Feature Sample 6,Accession,PTM,AScore,Found By
FFESFGDLSNADAV,61.83,1517.6674,14,3.5,759.8398,37.45,1.0356-1.0634,3.681E3,6,8409,FF_T_2404_Pig_Rerun_Sample_F_S1-A6_1_499.d,1,1,P02067|HBB_PIG,,,PEAKS DB
RTAQDALTSVKESEVAQQA,59.15,2031.0232,19,0.5,678.0120,17.87,0.8516-0.8796,1.1792E3,6,3040,FF_T_2404_Pig_Rerun_Sample_F_S1-A6_1_499.d,1,1,P27917|APOC3_PIG,,,PEAKS DB
FESFGDLSNADAVM(+15.99)GNPK,58.54,1913.8464,18,18.4,957.9434,26.11,1.1677-1.1953,2.4605E2,6,4229,FF_T_2404_Pig_Rerun_Sample_F_S1-A6_1_499.d,1,1,P02067|HBB_PIG,Oxidation (M),M14:Oxidation (M):1000.00,PEAKS DB
EDTSLLDKM(+15.99)QDYVKQAT,58.33,1999.9408,17,2.7,667.6527,20.55,0.8550-0.8829,1.345E4,6,3398,FF_T_2404_Pig_Rerun_Sample_F_S1-A6_1_499.d,3,3,P27917|APOC3_PIG,Oxidation (M),M9:Oxidation (M):1000.00,PEAKS DB
EVQDKGEFLAEGGGV,58.00,1533.7311,15,3.8,767.8719,22.64,1.0334-1.0612,6.836E3,6,3748,FF_T_2404_Pig_Rerun_Sample_F_S1-A6_1_499.d,3,3,tr|F1RX36|F1RX36_PIG,,,PEAKS DB
RPVAPPISAGGYQPRPA,57.88,1732.9373,17,1.2,578.6509,17.66,0.8583-0.8863,1.0312E3,6,3022,FF_T_2404_Pig_Rerun_Sample_F_S1-A6_1_499.d,2,2,tr|F1RX37|F1RX37_PIG,,,PEAKS DB
APPISAGGYQPRPA,57.75,1380.7150,14,1.4,691.3623,16.31,0.9789-1.0067,2.4023E3,6,2766,FF_T_2404_Pig_Rerun_Sample_F_S1-A6_1_499.d,1,1,tr|F1RX37|F1RX37_PIG,,,PEAKS DB
SFGDLSNADAVM(+15.99)GNPKV,57.28,1736.8040,17,1.7,869.4064,24.02,1.1023-1.1300,2.8605E2,6,3937,FF_T_2404_Pig_Rerun_Sample_F_S1-A6_1_499.d,1,1,P02067|HBB_PIG,Oxidation (M),M12:Oxidation (M):1000.00,PEAKS DB
AEVQDKGEFLAEGGGV,57.04,1604.7682,16,4.5,803.3910,23.08,1.0556-1.0834,5.9197E4,6,3773,FF_T_2404_Pig_Rerun_Sample_F_S1-A6_1_499.d,14,14,tr|F1RX36|F1RX36_PIG,,,PEAKS DB
DNEEQEYIKTV,56.98,1366.6252,11,2.0,684.3179,20.08,0.9566-0.9844,1.7135E2,6,3347,FF_T_2404_Pig_Rerun_Sample_F_S1-A6_1_499.d,1,1,P19619|ANXA1_PIG,,,PEAKS DB
ESFGDLSNADAVM(+15.99)GNPK,56.83,1766.7781,17,5.5,884.3969,20.83,1.0901-1.1178,8.3081E2,6,3476,FF_T_2404_Pig_Rerun_Sample_F_S1-A6_1_499.d,2,2,P02067|HBB_PIG,Oxidation (M),M13:Oxidation (M):1000.00,PEAKS DB
TAQDALTSVKESEVAQQ,56.07,1803.8850,17,4.9,902.9497,18.08,1.1100-1.1378,5.7272E1,6,3105,FF_T_2404_Pig_Rerun_Sample_F_S1-A6_1_499.d,1,1,P27917|APOC3_PIG,,,PEAKS DB
TTADDFQPFFNEKTF,56.07,1806.8101,15,5.3,904.4126,41.48,1.1200-1.1477,3.4618E2,6,13212,FF_T_2404_Pig_Rerun_Sample_F_S1-A6_1_499.d,1,1,Q19AZ8|THRB_PIG,,,PEAKS DB
RVDPVNFKLLSH,55.96,1423.7936,12,-5.0,475.6004,41.64,0.7979-0.8259,2.1809E3,6,13579,FF_T_2404_Pig_Rerun_Sample_F_S1-A6_1_499.d,1,1,P01965|HBA_PIG,,,PEAKS DB
EDTSLLDKM(+15.99)QDY,55.79,1472.6340,12,4.0,737.3236,19.22,0.9945-1.0223,3.0502E2,6,3241,FF_T_2404_Pig_Rerun_Sample_F_S1-A6_1_499.d,1,1,P27917|APOC3_PIG,Oxidation (M),M9:Oxidation (M):1000.00,PEAKS DB
FESFGDLSNADAVM(+15.99)GN,55.52,1688.6987,16,6.4,845.3578,29.98,1.0679-1.0956,1.6475E2,6,4992,FF_T_2404_Pig_Rerun_Sample_F_S1-A6_1_499.d,1,1,P02067|HBB_PIG,Oxidation (M),M14:Oxidation (M):1000.00,PEAKS DB
EAPSLRPVAPPISAGGYQPRPA,55.27,2230.1858,22,2.3,744.4006,24.90,0.9008-0.9287,6.3256E2,6,4072,FF_T_2404_Pig_Rerun_Sample_F_S1-A6_1_499.d,1,1,tr|F1RX37|F1RX37_PIG,,,PEAKS DB
EVQDKGEFLAEGGGVR,54.62,1689.8322,16,0.7,564.2823,16.82,0.8606-0.8885,2.2421E5,6,2860,FF_T_2404_Pig_Rerun_Sample_F_S1-A6_1_499.d,7,7,tr|F1RX36|F1RX36_PIG,,,PEAKS DB
ALTSVKESEVAQQA,54.32,1459.7518,14,0.1,730.8796,14.23,0.9978-1.0256,1.636E2,6,2369,FF_T_2404_Pig_Rerun_Sample_F_S1-A6_1_499.d,1,1,P27917|APOC3_PIG,,,PEAKS DB
SFGDLSNADAVM(+15.99)GNPK,54.31,1637.7355,16,4.1,819.8743,19.77,1.0723-1.1001,4.4766E2,6,3296,FF_T_2404_Pig_Rerun_Sample_F_S1-A6_1_499.d,1,1,P02067|HBB_PIG,Oxidation (M),M12:Oxidation (M):1000.00,PEAKS DB
VGGQAGAHGAEALE,54.17,1265.6000,14,2.7,633.8058,10.73,0.9175-0.9454,2.6575E4,6,1647,FF_T_2404_Pig_Rerun_Sample_F_S1-A6_1_499.d,4,4,P01965|HBA_PIG,,,PEAKS DB
DNEEQEYIKT,53.67,1267.5568,10,12.9,634.7907,14.39,0.9175-0.9454,0,6,2396,FF_T_2404_Pig_Rerun_Sample_F_S1-A6_1_499.d,0,0,P19619|ANXA1_PIG,,,PEAKS DB
ESFGDLSNADAVM(+15.99)GNPKV,53.58,1865.8466,18,3.1,933.9288,24.75,1.1400-1.1677,9.0202E2,6,4044,FF_T_2404_Pig_Rerun_Sample_F_S1-A6_1_499.d,2,2,P02067|HBB_PIG,Oxidation (M),M13:Oxidation (M):1000.00,PEAKS DB
EEAPSLRPVAPPISAGGYQPRPA,53.55,2359.2283,23,5.4,787.4171,40.65,0.9499-0.9778,2.664E3,6,11837,FF_T_2404_Pig_Rerun_Sample_F_S1-A6_1_499.d,2,2,tr|F1RX37|F1RX37_PIG,,,PEAKS DB
DKGEFLAEGGGV,53.50,1177.5615,12,1.8,589.7862,22.88,0.8963-0.9242,8.5628E4,6,3720,FF_T_2404_Pig_Rerun_Sample_F_S1-A6_1_499.d,1,1,tr|F1RX36|F1RX36_PIG,,,PEAKS DB
GDLSNADAVM(+15.99)GNPKV,53.49,1502.7035,15,6.9,752.3605,15.48,0.9688-0.9967,5.2771E1,6,2568,FF_T_2404_Pig_Rerun_Sample_F_S1-A6_1_499.d,1,1,P02067|HBB_PIG,Oxidation (M),M10:Oxidation (M):1000.00,PEAKS DB
FFESFGDLSNADAVM(+15.99)GNPK,52.78,2060.9148,19,3.2,1031.4629,31.56,1.1998-1.2274,0,6,5327,FF_T_2404_Pig_Rerun_Sample_F_S1-A6_1_499.d,0,0,P02067|HBB_PIG,Oxidation (M),M15:Oxidation (M):1000.00,PEAKS DB
DGPEYSSSSKISS,52.69,1342.5889,13,8.6,672.3042,9.99,0.9242-0.9521,2.939E1,6,1555,FF_T_2404_Pig_Rerun_Sample_F_S1-A6_1_499.d,1,1,tr|F1RX36|F1RX36_PIG,,,PEAKS DB
VGGQAGAHGAEAL,52.62,1136.5574,13,2.0,569.2843,10.78,0.8684-0.8963,2.6805E3,6,1697,FF_T_2404_Pig_Rerun_Sample_F_S1-A6_1_499.d,1,1,P01965|HBA_PIG,,,PEAKS DB
YDEDEDGRPK,52.60,1222.5101,10,9.9,612.2654,4.86,0.9008-0.9287,0,6,260,FF_T_2404_Pig_Rerun_Sample_F_S1-A6_1_499.d,0,0,tr|F1RX37|F1RX37_PIG,,,PEAKS DB
EEAPSLRPVAPPISAGGYQPRP,52.52,2288.1912,22,3.2,763.7363,25.75,0.9231-0.9510,4.6544E3,6,4187,FF_T_2404_Pig_Rerun_Sample_F_S1-A6_1_499.d,2,2,tr|F1RX37|F1RX37_PIG,,,PEAKS DB
YDEDEDGRPKVHVDA,52.13,1743.7699,15,2.4,582.2625,41.16,0.8382-0.8662,2.2018E5,6,12525,FF_T_2404_Pig_Rerun_Sample_F_S1-A6_1_499.d,12,12,tr|F1RX37|F1RX37_PIG,,,PEAKS DB
AQDALTSVKESEVAQQA,52.03,1773.8744,17,5.4,887.9449,18.59,1.1156-1.1433,2.9679E2,6,3178,FF_T_2404_Pig_Rerun_Sample_F_S1-A6_1_499.d,1,1,P27917|APOC3_PIG,,,PEAKS DB
DTEDPPLTSVEIETPAS,51.75,1799.8312,17,4.7,900.9227,31.24,1.0812-1.1089,9.8533E1,6,5248,FF_T_2404_Pig_Rerun_Sample_F_S1-A6_1_499.d,1,1,P02725|GLPA_PIG,,,PEAKS DB
DLSNADAVM(+15.99)GNPKV,51.63,1445.6820,14,4.7,723.8481,16.63,0.9677-0.9956,1.0912E3,6,2806,FF_T_2404_Pig_Rerun_Sample_F_S1-A6_1_499.d,1,1,P02067|HBB_PIG,Oxidation (M),M9:Oxidation (M):1000.00,PEAKS DB
TAQDALTSVKESEVAQQA,51.17,1874.9221,18,5.7,938.4691,19.94,1.1311-1.1588,5.7106E3,6,3311,FF_T_2404_Pig_Rerun_Sample_F_S1-A6_1_499.d,1,1,P27917|APOC3_PIG,,,PEAKS DB
DEDEDGRPKV,51.07,1158.5153,10,1.2,580.2628,34.93,0.8729-0.9008,1.5753E4,6,6412,FF_T_2404_Pig_Rerun_Sample_F_S1-A6_1_499.d,7,7,tr|F1RX37|F1RX37_PIG,,,PEAKS DB
VLSAADKANVKAA,50.94,1256.7087,13,2.5,629.3601,9.22,0.9220-0.9499,1.0506E4,6,1398,FF_T_2404_Pig_Rerun_Sample_F_S1-A6_1_499.d,5,5,P01965|HBA_PIG,,,PEAKS DB
ETIEQEKQAGES,50.86,1347.6154,12,5.6,674.8154,6.29,0.9287-0.9566,0,6,715,FF_T_2404_Pig_Rerun_Sample_F_S1-A6_1_499.d,0,0,Q95274|TYB4_PIG,,,PEAKS DB
YDEDEDGRPKV,50.04,1321.5786,11,-6.1,441.5286,8.42,0.7249-0.7530,0,6,1242,FF_T_2404_Pig_Rerun_Sample_F_S1-A6_1_499.d,0,0,tr|F1RX37|F1RX37_PIG,,,PEAKS DB
VHLSAEEKEAV,49.98,1210.6194,11,1.6,606.3149,39.84,0.9287-0.9566,1.1254E4,6,10888,FF_T_2404_Pig_Rerun_Sample_F_S1-A6_1_499.d,2,2,P02067|HBB_PIG,,,PEAKS DB
EEHPVLLTEAPLNPK,49.95,1685.8988,15,-1.0,562.9702,41.24,0.8538-0.8818,1.361E3,6,12802,FF_T_2404_Pig_Rerun_Sample_F_S1-A6_1_499.d,2,2,Q6QAQ1|ACTB_PIG,,,PEAKS DB
YDEDEDGRP,49.81,1094.4152,9,0.6,548.2125,6.54,0.8281-0.8561,8.2139E3,6,769,FF_T_2404_Pig_Rerun_Sample_F_S1-A6_1_499.d,4,4,tr|F1RX37|F1RX37_PIG,,,PEAKS DB
M(+15.99)QSAVSISSSTSAPSDNQ,49.57,1811.7843,18,2.4,906.8972,14.37,1.0956-1.1233,0,6,2392,FF_T_2404_Pig_Rerun_Sample_F_S1-A6_1_499.d,0,0,P18650|APOE_PIG,Oxidation (M),M1:Oxidation (M):1000.00,PEAKS DB
VQDKGEFLAEGGGV,49.11,1404.6885,14,5.4,703.3519,25.98,0.9778-1.0056,4.83E4,6,4217,FF_T_2404_Pig_Rerun_Sample_F_S1-A6_1_499.d,8,8,tr|F1RX36|F1RX36_PIG,,,PEAKS DB
EAPSLRPVAPPISAGGYQPRP,48.82,2159.1487,21,1.2,720.7208,25.37,0.8874-0.9153,1.5511E3,6,4134,FF_T_2404_Pig_Rerun_Sample_F_S1-A6_1_499.d,2,2,tr|F1RX37|F1RX37_PIG,,,PEAKS DB
DALTSVKESEVAQQA,48.76,1574.7787,15,5.2,788.3969,19.22,1.0656-1.0934,2.2005E3,6,3238,FF_T_2404_Pig_Rerun_Sample_F_S1-A6_1_499.d,1,1,P27917|APOC3_PIG,,,PEAKS DB
LANVSTVLTSKYR,48.62,1450.8143,13,4.3,726.4140,41.18,1.0812-1.1089,1.4872E3,6,12651,FF_T_2404_Pig_Rerun_Sample_F_S1-A6_1_499.d,2,2,P01965|HBA_PIG,,,PEAKS DB
TAQDALTSVKESEVAQ,48.46,1675.8264,16,5.1,838.9207,18.20,1.0779-1.1056,1.6106E2,6,3118,FF_T_2404_Pig_Rerun_Sample_F_S1-A6_1_499.d,1,1,P27917|APOC3_PIG,,,PEAKS DB
DALTSVKESEVAQ,48.34,1375.6831,13,1.7,688.8466,17.25,0.9766-1.0045,1.102E2,6,2939,FF_T_2404_Pig_Rerun_Sample_F_S1-A6_1_499.d,1,1,P27917|APOC3_PIG,,,PEAKS DB
AEVQDKGEFLAEGGGVR,48.20,1760.8693,17,-0.3,587.9606,17.25,0.8225-0.8505,3.9505E4,6,2937,FF_T_2404_Pig_Rerun_Sample_F_S1-A6_1_499.d,5,5,tr|F1RX36|F1RX36_PIG,,,PEAKS DB
ESFGDLSNADAVM(+15.99)GN,48.02,1541.6304,15,0.7,771.8192,24.22,1.0167-1.0445,8.1956E1,6,3988,FF_T_2404_Pig_Rerun_Sample_F_S1-A6_1_499.d,1,1,P02067|HBB_PIG,Oxidation (M),M13:Oxidation (M):1000.00,PEAKS DB
TAQDALTSVKESEV,48.00,1476.7307,14,0.7,739.3695,19.63,1.0056-1.0334,0,6,3285,FF_T_2404_Pig_Rerun_Sample_F_S1-A6_1_499.d,0,0,P27917|APOC3_PIG,,,PEAKS DB
DLSNADAVM(+15.99)GNPK,47.92,1346.6136,13,2.6,674.3126,10.99,0.9365-0.9644,2.0154E3,6,1747,FF_T_2404_Pig_Rerun_Sample_F_S1-A6_1_499.d,1,1,P02067|HBB_PIG,Oxidation (M),M9:Oxidation (M):1000.00,PEAKS DB
RPVAPPISAGGYQPRP,47.81,1661.9001,16,5.5,554.9743,18.21,0.8158-0.8438,0,6,3128,FF_T_2404_Pig_Rerun_Sample_F_S1-A6_1_499.d,0,0,tr|F1RX37|F1RX37_PIG,,,PEAKS DB
EDTSLLDKM(+15.99)QD,47.71,1309.5708,11,5.5,655.7930,13.68,0.9477-0.9755,0,6,2278,FF_T_2404_Pig_Rerun_Sample_F_S1-A6_1_499.d,0,0,P27917|APOC3_PIG,Oxidation (M),M9:Oxidation (M):1000.00,PEAKS DB
TQRFFESFGDLSNADAV,47.63,1902.8748,17,6.5,952.4461,41.41,1.1577-1.1854,2.3368E2,6,13058,FF_T_2404_Pig_Rerun_Sample_F_S1-A6_1_499.d,1,1,P02067|HBB_PIG,,,PEAKS DB
TDFWDYTPKPEPSSS,47.61,1755.7627,15,2.9,878.8868,29.72,1.0512-1.0790,0,6,4959,FF_T_2404_Pig_Rerun_Sample_F_S1-A6_1_499.d,0,0,P27917|APOC3_PIG,,,PEAKS DB
DEDEDGRPKVHVDA,47.59,1580.7067,14,0.0,527.9069,9.36,0.7788-0.8068,5.7228E5,6,1356,FF_T_2404_Pig_Rerun_Sample_F_S1-A6_1_499.d,6,6,tr|F1RX37|F1RX37_PIG,,,PEAKS DB
DEDEDGRPKVH,47.25,1295.5742,11,2.1,648.7925,4.75,0.9108-0.9387,4.4396E4,6,202,FF_T_2404_Pig_Rerun_Sample_F_S1-A6_1_499.d,4,4,tr|F1RX37|F1RX37_PIG,,,PEAKS DB
HLSAEEKEAVLG,47.23,1281.6565,12,1.3,641.8332,13.20,0.9755-1.0034,7.4628E3,6,2202,FF_T_2404_Pig_Rerun_Sample_F_S1-A6_1_499.d,2,2,P02067|HBB_PIG,,,PEAKS DB
QDKGEFLAEGGGV,47.21,1305.6200,13,1.7,653.8152,21.20,0.9432-0.9711,1.6511E4,6,3587,FF_T_2404_Pig_Rerun_Sample_F_S1-A6_1_499.d,3,3,tr|F1RX36|F1RX36_PIG,,,PEAKS DB
VLSAADKANVKA,47.15,1185.6716,12,0.1,593.8402,9.23,0.9120-0.9399,5.7483E3,6,1402,FF_T_2404_Pig_Rerun_Sample_F_S1-A6_1_499.d,3,3,P01965|HBA_PIG,,,PEAKS DB
WDYTPKPEPSSS,47.08,1392.6198,12,7.0,697.3186,16.83,0.9599-0.9878,2.7528E2,6,2868,FF_T_2404_Pig_Rerun_Sample_F_S1-A6_1_499.d,1,1,P27917|APOC3_PIG,,,PEAKS DB
ADPSELQDTEDPPLTSVEIETPAS,46.96,2540.1653,24,-0.7,1271.0828,32.79,1.3024-1.3300,0,6,5643,FF_T_2404_Pig_Rerun_Sample_F_S1-A6_1_499.d,0,0,P02725|GLPA_PIG,,,PEAKS DB
AIDYDEDEDGRPKVHVDA,46.82,2042.9181,18,3.7,681.9791,15.21,0.8974-0.9254,2.7651E4,6,2507,FF_T_2404_Pig_Rerun_Sample_F_S1-A6_1_499.d,3,3,tr|F1RX37|F1RX37_PIG,,,PEAKS DB
EDPPLTSVEIETPAS,46.57,1583.7566,15,1.1,792.8826,30.27,1.0356-1.0634,5.348E2,6,5046,FF_T_2404_Pig_Rerun_Sample_F_S1-A6_1_499.d,1,1,P02725|GLPA_PIG,,,PEAKS DB
VGGQAGAHGAEA,46.50,1023.4733,12,4.4,512.7437,4.88,0.8035-0.8315,0,6,277,FF_T_2404_Pig_Rerun_Sample_F_S1-A6_1_499.d,0,0,P01965|HBA_PIG,,,PEAKS DB
VSTVLTSKYR,46.28,1152.6503,10,3.1,577.3314,12.13,0.9242-0.9521,5.6324E3,6,2053,FF_T_2404_Pig_Rerun_Sample_F_S1-A6_1_499.d,3,3,P01965|HBA_PIG,,,PEAKS DB
EDTSLLDKM(+15.99)QDYV,46.23,1571.7025,13,1.0,786.8554,23.94,1.0479-1.0756,0,6,3932,FF_T_2404_Pig_Rerun_Sample_F_S1-A6_1_499.d,0,0,P27917|APOC3_PIG,Oxidation (M),M9:Oxidation (M):1000.00,PEAKS DB
WGKVNVDEVGGEALG,46.22,1528.7521,15,3.7,765.3824,26.47,0.9967-1.0245,0,6,4293,FF_T_2404_Pig_Rerun_Sample_F_S1-A6_1_499.d,0,0,P02067|HBB_PIG,,,PEAKS DB
DNPVKGSPGAPS,45.99,1124.5461,12,-0.9,563.2770,8.19,0.8371-0.8650,2.5875E2,6,1185,FF_T_2404_Pig_Rerun_Sample_F_S1-A6_1_499.d,1,1,O19084|CDSN_PIG,,,PEAKS DB
DKGEFLAEGGGVR,45.96,1333.6626,13,3.3,667.8375,15.85,0.9488-0.9766,1.1423E5,6,2603,FF_T_2404_Pig_Rerun_Sample_F_S1-A6_1_499.d,6,6,tr|F1RX36|F1RX36_PIG,,,PEAKS DB
TRTAQDALTSVKESEVAQQA,45.66,2132.0708,20,2.9,711.6961,18.44,0.8997-0.9276,4.5162E2,6,3155,FF_T_2404_Pig_Rerun_Sample_F_S1-A6_1_499.d,1,1,P27917|APOC3_PIG,,,PEAKS DB
FESFGDLSNADAV,45.54,1370.5990,13,3.6,686.3058,32.69,0.9833-1.0112,3.8465E3,6,5567,FF_T_2404_Pig_Rerun_Sample_F_S1-A6_1_499.d,1,1,P02067|HBB_PIG,,,PEAKS DB
TDQAQKAEGAGDA,45.43,1260.5582,13,1.3,631.2841,4.84,0.8829-0.9108,0,6,243,FF_T_2404_Pig_Rerun_Sample_F_S1-A6_1_499.d,0,0,P80272|HMGN2_PIG,,,PEAKS DB
EHPVLLTEAPLNPK,45.43,1556.8562,14,-10.2,519.9515,24.11,0.8281-0.8561,0,6,3973,FF_T_2404_Pig_Rerun_Sample_F_S1-A6_1_499.d,0,0,Q6QAQ1|ACTB_PIG,,,PEAKS DB
DYTPKPEPSSS,45.41,1206.5404,11,1.6,604.2755,9.07,0.8829-0.9108,1.6796E3,6,1337,FF_T_2404_Pig_Rerun_Sample_F_S1-A6_1_499.d,1,1,P27917|APOC3_PIG,,,PEAKS DB
FTDFWDYTPKPEPSSS,45.25,1902.8312,16,6.1,952.4240,40.80,1.1355-1.1632,1.9806E3,6,12139,FF_T_2404_Pig_Rerun_Sample_F_S1-A6_1_499.d,1,1,P27917|APOC3_PIG,,,PEAKS DB
FFESFGDLSNADAVM(+15.99)GN,45.23,1835.7672,17,7.0,918.8928,34.81,1.1411-1.1688,2.3445E2,6,6498,FF_T_2404_Pig_Rerun_Sample_F_S1-A6_1_499.d,1,1,P02067|HBB_PIG,Oxidation (M),M15:Oxidation (M):1000.00,PEAKS DB
QDALTSVKESEVAQQA,45.22,1702.8373,16,3.5,852.4247,18.49,1.0856-1.1134,1.2385E3,6,3158,FF_T_2404_Pig_Rerun_Sample_F_S1-A6_1_499.d,1,1,P27917|APOC3_PIG,,,PEAKS DB
NEEQEYIKT,45.20,1152.5299,9,0.5,577.2697,12.47,0.8807-0.9086,0,6,2116,FF_T_2404_Pig_Rerun_Sample_F_S1-A6_1_499.d,0,0,P19619|ANXA1_PIG,,,PEAKS DB
TAQDALTSVKESEVA,45.12,1547.7678,15,1.8,774.8888,19.33,1.0290-1.0568,5.6235E1,6,3253,FF_T_2404_Pig_Rerun_Sample_F_S1-A6_1_499.d,1,1,P27917|APOC3_PIG,,,PEAKS DB
GKVGGQAGAHGAEALER,45.00,1606.8175,17,-5.8,536.6074,7.18,0.7945-0.8225,6.5745E2,6,971,FF_T_2404_Pig_Rerun_Sample_F_S1-A6_1_499.d,1,1,P01965|HBA_PIG,,,PEAKS DB
VHLSAEEKEAVL,44.95,1323.7034,12,2.2,662.8572,41.39,0.9833-1.0112,1.5084E3,6,13110,FF_T_2404_Pig_Rerun_Sample_F_S1-A6_1_499.d,1,1,P02067|HBB_PIG,,,PEAKS DB
GGQAGAHGAEALE,44.61,1166.5316,13,1.5,584.2711,8.59,0.8337-0.8617,1.3575E3,6,1259,FF_T_2404_Pig_Rerun_Sample_F_S1-A6_1_499.d,1,1,P01965|HBA_PIG,,,PEAKS DB
SNADAVM(+15.99)GNPKV,44.40,1217.5710,12,-3.0,609.7880,9.60,0.8896-0.9175,1.2668E2,6,1477,FF_T_2404_Pig_Rerun_Sample_F_S1-A6_1_499.d,1,1,P02067|HBB_PIG,Oxidation (M),M7:Oxidation (M):1000.00,PEAKS DB
DEDGRPKV,44.17,914.4457,8,-2.8,458.2266,36.15,0.7900-0.8180,3.5644E4,6,7956,FF_T_2404_Pig_Rerun_Sample_F_S1-A6_1_499.d,3,3,tr|F1RX37|F1RX37_PIG,,,PEAKS DB
KGEFLAEGGGV,44.16,1062.5345,11,-2.1,532.2708,20.61,0.8393-0.8673,6.5814E3,6,3407,FF_T_2404_Pig_Rerun_Sample_F_S1-A6_1_499.d,4,4,tr|F1RX36|F1RX36_PIG,,,PEAKS DB
EDEDGRPKV,44.15,1043.4883,9,1.4,522.7496,5.83,0.8102-0.8382,2.1935E2,6,614,FF_T_2404_Pig_Rerun_Sample_F_S1-A6_1_499.d,1,1,tr|F1RX37|F1RX37_PIG,,,PEAKS DB
RPPPGPPPPGPPPP,44.11,1355.7349,14,1.9,678.8727,14.46,0.9856-1.0134,3.5081E3,6,2410,FF_T_2404_Pig_Rerun_Sample_F_S1-A6_1_499.d,1,1,Q95JC9|PRP_PIG,,,PEAKS DB
LSDLHAHKL,43.88,1032.5717,9,-3.2,517.2889,41.64,0.8852-0.9131,0,6,13644,FF_T_2404_Pig_Rerun_Sample_F_S1-A6_1_499.d,0,0,P01965|HBA_PIG,,,PEAKS DB
DDLPGALSALSDLHAH,43.85,1630.7950,16,7.2,816.4067,41.58,1.1599-1.1876,0,6,13460,FF_T_2404_Pig_Rerun_Sample_F_S1-A6_1_499.d,0,0,P01965|HBA_PIG,,,PEAKS DB
GGQAGAHGAEAL,43.83,1037.4890,12,-6.0,519.7461,8.69,0.8124-0.8404,0,6,1288,FF_T_2404_Pig_Rerun_Sample_F_S1-A6_1_499.d,0,0,P01965|HBA_PIG,,,PEAKS DB
FGDLSNADAVM(+15.99)GNPK,43.65,1550.7035,15,3.8,776.3582,17.49,1.0201-1.0479,0,6,2990,FF_T_2404_Pig_Rerun_Sample_F_S1-A6_1_499.d,0,0,P02067|HBB_PIG,Oxidation (M),M11:Oxidation (M):1000.00,PEAKS DB
FFESFGDLSNADAVM(+15.99)G,43.61,1721.7242,16,7.5,861.8716,35.55,1.0967-1.1245,4.8319E2,6,6940,FF_T_2404_Pig_Rerun_Sample_F_S1-A6_1_499.d,1,1,P02067|HBB_PIG,Oxidation (M),M15:Oxidation (M):1000.00,PEAKS DB
DPPLTSVEIETPAS,43.34,1454.7140,14,1.8,728.3620,30.41,1.0101-1.0379,9.0408E2,6,5094,FF_T_2404_Pig_Rerun_Sample_F_S1-A6_1_499.d,1,1,P02725|GLPA_PIG,,,PEAKS DB
RPPPGPPPPGPPPPGP,43.32,1509.8091,16,4.4,755.9114,15.90,1.0078-1.0356,6.2847E3,6,2566,FF_T_2404_Pig_Rerun_Sample_F_S1-A6_1_499.d,1,1,Q95JC9|PRP_PIG,,,PEAKS DB
VQDKGEFLAEGGGVR,43.17,1560.7896,15,-1.7,521.2670,15.53,0.8505-0.8784,1.0681E4,6,2578,FF_T_2404_Pig_Rerun_Sample_F_S1-A6_1_499.d,4,4,tr|F1RX36|F1RX36_PIG,,,PEAKS DB
DYDEDEDGRPKVH,42.94,1573.6644,13,1.9,525.5605,6.80,0.7844-0.8124,0,6,879,FF_T_2404_Pig_Rerun_Sample_F_S1-A6_1_499.d,0,0,tr|F1RX37|F1RX37_PIG,,,PEAKS DB
LAWIQEHTTS,42.92,1184.5825,10,1.2,593.2963,22.21,0.8863-0.9142,5.429E2,6,3665,FF_T_2404_Pig_Rerun_Sample_F_S1-A6_1_499.d,1,1,O97507|FA12_PIG,,,PEAKS DB
EVSGSVSPGTKSEVHTS,42.83,1686.8060,17,-0.4,563.2729,7.61,0.7844-0.8124,1.1341E3,6,1072,FF_T_2404_Pig_Rerun_Sample_F_S1-A6_1_499.d,1,1,tr|F1RX36|F1RX36_PIG,,,PEAKS DB
KGEFLAEGGGVR,42.32,1218.6356,12,-10.8,407.2128,13.84,0.7249-0.7530,2.7874E3,6,2306,FF_T_2404_Pig_Rerun_Sample_F_S1-A6_1_499.d,1,1,tr|F1RX36|F1RX36_PIG,,,PEAKS DB
QDALTSVKESEVAQ,42.26,1503.7416,14,6.0,752.8788,16.64,1.0279-1.0556,0,6,2826,FF_T_2404_Pig_Rerun_Sample_F_S1-A6_1_499.d,0,0,P27917|APOC3_PIG,,,PEAKS DB
VGGQAGAHGAEALERM(+15.99),42.25,1568.7365,16,-2.4,523.9156,9.17,0.8147-0.8427,0,6,1399,FF_T_2404_Pig_Rerun_Sample_F_S1-A6_1_499.d,0,0,P01965|HBA_PIG,Oxidation (M),M16:Oxidation (M):1000.00,PEAKS DB
YDEDEDGRPKVH,41.99,1458.6375,12,-4.4,487.2152,6.40,0.7609-0.7889,7.3216E3,6,729,FF_T_2404_Pig_Rerun_Sample_F_S1-A6_1_499.d,3,3,tr|F1RX37|F1RX37_PIG,,,PEAKS DB
M(+15.99)EDEADSEEGLDLKGGHV,41.90,1945.8210,18,-4.6,649.6081,17.52,0.9287-0.9566,0,6,2999,FF_T_2404_Pig_Rerun_Sample_F_S1-A6_1_499.d,0,0,tr|F1RX36|F1RX36_PIG,Oxidation (M),M1:Oxidation (M):1000.00,PEAKS DB
APPGARPPPGPPPP,41.85,1303.7036,14,5.3,652.8593,12.93,0.8852-0.9131,0,6,2177,FF_T_2404_Pig_Rerun_Sample_F_S1-A6_1_499.d,0,0,Q95JC9|PRP_PIG,,,PEAKS DB
DEDGRPKVHVDA,41.75,1336.6371,12,3.5,669.3248,40.56,0.9555-0.9833,3.1041E4,6,11802,FF_T_2404_Pig_Rerun_Sample_F_S1-A6_1_499.d,3,3,tr|F1RX37|F1RX37_PIG,,,PEAKS DB
M(+15.99)EDEADSEEGLD,41.74,1354.4718,12,5.4,678.2435,11.56,0.9265-0.9544,0,6,1870,FF_T_2404_Pig_Rerun_Sample_F_S1-A6_1_499.d,0,0,tr|F1RX36|F1RX36_PIG,Oxidation (M),M1:Oxidation (M):1000.00,PEAKS DB
TEDPPLTSVEIETPAS,41.72,1684.8043,16,4.1,843.4088,30.24,1.0668-1.0945,1.4786E3,6,5036,FF_T_2404_Pig_Rerun_Sample_F_S1-A6_1_499.d,1,1,P02725|GLPA_PIG,,,PEAKS DB
TTADDFQPFFNE,41.72,1430.5990,12,0.9,716.3039,35.34,0.9744-1.0023,4.1071E2,6,6817,FF_T_2404_Pig_Rerun_Sample_F_S1-A6_1_499.d,1,1,Q19AZ8|THRB_PIG,,,PEAKS DB
FWDYTPKPEPSSS,41.63,1539.6881,13,5.7,770.8519,23.51,1.0145-1.0423,0,6,3877,FF_T_2404_Pig_Rerun_Sample_F_S1-A6_1_499.d,0,0,P27917|APOC3_PIG,,,PEAKS DB
GDLSNADAVM(+15.99)GNPK,41.56,1403.6350,14,0.1,702.8214,10.25,0.9332-0.9610,1.231E2,6,1599,FF_T_2404_Pig_Rerun_Sample_F_S1-A6_1_499.d,1,1,P02067|HBB_PIG,Oxidation (M),M10:Oxidation (M):1000.00,PEAKS DB
DETSLSRDP,41.53,1018.4567,9,-3.2,510.2315,9.41,0.8080-0.8359,1.7653E2,6,1433,FF_T_2404_Pig_Rerun_Sample_F_S1-A6_1_499.d,1,1,tr|F1RX36|F1RX36_PIG,,,PEAKS DB
SPLPDITPADF,41.25,1171.5760,11,1.6,586.7933,37.54,0.9041-0.9321,6.9335E2,6,8523,FF_T_2404_Pig_Rerun_Sample_F_S1-A6_1_499.d,1,1,tr|F1RX36|F1RX36_PIG,,,PEAKS DB
DEDEDGRPK,41.25,1059.4468,9,1.6,530.7289,33.32,0.8382-0.8662,3.1721E3,6,5832,FF_T_2404_Pig_Rerun_Sample_F_S1-A6_1_499.d,3,3,tr|F1RX37|F1RX37_PIG,,,PEAKS DB
VHLSAEEKEAVLGL,41.04,1493.8090,14,11.7,747.9168,41.60,1.0745-1.1023,0,6,13533,FF_T_2404_Pig_Rerun_Sample_F_S1-A6_1_499.d,0,0,P02067|HBB_PIG,,,PEAKS DB
FTDFWDYTPKPEPS,40.94,1728.7671,14,3.5,865.3896,41.18,1.0978-1.1256,1.9165E2,6,12749,FF_T_2404_Pig_Rerun_Sample_F_S1-A6_1_499.d,1,1,P27917|APOC3_PIG,,,PEAKS DB
SFGDLSNADAVM(+15.99)GN,40.82,1412.5878,14,-3.6,707.2951,23.26,0.9822-1.0101,0,6,3818,FF_T_2404_Pig_Rerun_Sample_F_S1-A6_1_499.d,0,0,P02067|HBB_PIG,Oxidation (M),M12:Oxidation (M):1000.00,PEAKS DB
SLEDKTEKELFESYIEG,40.78,2015.9575,17,5.7,1008.9868,41.54,1.1854-1.2130,0,6,13358,FF_T_2404_Pig_Rerun_Sample_F_S1-A6_1_499.d,0,0,Q19AZ8|THRB_PIG,,,PEAKS DB
VLSAADKANVK,40.74,1114.6345,11,4.0,558.3240,7.34,0.8829-0.9108,8.8426E3,6,994,FF_T_2404_Pig_Rerun_Sample_F_S1-A6_1_499.d,3,3,P01965|HBA_PIG,,,PEAKS DB
FESFGDLSNADAVM(+15.99)GNPKV,40.64,2012.9149,19,2.4,1007.4622,29.16,1.1710-1.1986,3.2516E2,6,4846,FF_T_2404_Pig_Rerun_Sample_F_S1-A6_1_499.d,1,1,P02067|HBB_PIG,Oxidation (M),M14:Oxidation (M):1000.00,PEAKS DB
SVKESEVAQQA,40.58,1174.5830,11,-1.7,588.2949,7.45,0.8572-0.8852,2.3059E2,6,1041,FF_T_2404_Pig_Rerun_Sample_F_S1-A6_1_499.d,1,1,P27917|APOC3_PIG,,,PEAKS DB
VGGQAGAHGAEALER,40.56,1421.7010,15,-2.4,474.9041,8.36,0.7474-0.7754,0,6,1228,FF_T_2404_Pig_Rerun_Sample_F_S1-A6_1_499.d,0,0,P01965|HBA_PIG,,,PEAKS DB
FPPPNFPGPRFPPPNFPGPR,40.55,2231.1428,20,4.9,744.7216,41.59,0.9231-0.9510,1.965E4,6,13408,FF_T_2404_Pig_Rerun_Sample_F_S1-A6_1_499.d,1,1,P51525|PF12_PIG:P51524|PF11_PIG,,,PEAKS DB
EFLAEGGGVR,40.53,1033.5192,10,-1.7,517.7634,17.50,0.8203-0.8483,1.6294E4,6,2955,FF_T_2404_Pig_Rerun_Sample_F_S1-A6_1_499.d,4,4,tr|F1RX36|F1RX36_PIG,,,PEAKS DB
RFFESFGDLSNADAV,40.49,1673.7684,15,17.2,837.9017,41.50,1.0879-1.1156,0,6,13278,FF_T_2404_Pig_Rerun_Sample_F_S1-A6_1_499.d,0,0,P02067|HBB_PIG,,,PEAKS DB
GKVNVDEVGGEALG,40.45,1342.6729,14,1.1,672.3411,19.14,0.9499-0.9778,1.2532E3,6,3237,FF_T_2404_Pig_Rerun_Sample_F_S1-A6_1_499.d,1,1,P02067|HBB_PIG,,,PEAKS DB
PPPGPPPPGPPPPGP,40.31,1353.7080,15,1.8,677.8591,20.16,0.9309-0.9588,3.3569E3,6,3321,FF_T_2404_Pig_Rerun_Sample_F_S1-A6_1_499.d,1,1,Q95JC9|PRP_PIG,,,PEAKS DB
YTPKPEPSSS,40.26,1091.5134,10,1.0,546.7618,6.61,0.8326-0.8606,6.6157E1,6,819,FF_T_2404_Pig_Rerun_Sample_F_S1-A6_1_499.d,1,1,P27917|APOC3_PIG,,,PEAKS DB
ESFGDLSNADAVM(+15.99)G,40.21,1427.5874,14,9.4,714.8041,25.38,0.9789-1.0067,3.5466E2,6,4132,FF_T_2404_Pig_Rerun_Sample_F_S1-A6_1_499.d,1,1,P02067|HBB_PIG,Oxidation (M),M13:Oxidation (M):1000.00,PEAKS DB
EDTSLLDKM(+15.99)QDYVKQ,40.18,1827.8560,15,0.2,610.2897,17.57,0.8147-0.8427,0,6,3009,FF_T_2404_Pig_Rerun_Sample_F_S1-A6_1_499.d,0,0,P27917|APOC3_PIG,Oxidation (M),M9:Oxidation (M):1000.00,PEAKS DB
FPPPNFPGPR,39.99,1124.5767,10,-0.2,563.2927,24.47,0.8348-0.8628,6.8171E4,6,4024,FF_T_2404_Pig_Rerun_Sample_F_S1-A6_1_499.d,13,13,P51525|PF12_PIG:P51524|PF11_PIG,,,PEAKS DB
HLSAEEKEAV,39.97,1111.5509,10,2.3,556.7812,39.75,0.8740-0.9019,4.7084E3,6,10832,FF_T_2404_Pig_Rerun_Sample_F_S1-A6_1_499.d,2,2,P02067|HBB_PIG,,,PEAKS DB
PLPSKETIEQEKQAGES,39.93,1869.9319,17,-1.3,624.3140,11.79,0.8158-0.8438,1.2001E3,6,1979,FF_T_2404_Pig_Rerun_Sample_F_S1-A6_1_499.d,1,1,Q95274|TYB4_PIG,,,PEAKS DB
RPPPPPPPPAD,39.87,1136.5978,11,-4.1,569.3010,9.21,0.8572-0.8852,0,6,1410,FF_T_2404_Pig_Rerun_Sample_F_S1-A6_1_499.d,0,0,Q95JC9|PRP_PIG,,,PEAKS DB
TPKPEPSSS,39.66,928.4501,9,-2.9,465.2287,4.80,0.7597-0.7878,0,6,236,FF_T_2404_Pig_Rerun_Sample_F_S1-A6_1_499.d,0,0,P27917|APOC3_PIG,,,PEAKS DB
DYTPKPEPS,39.66,1032.4763,9,-2.8,517.2415,9.34,0.8281-0.8561,1.1203E3,6,1434,FF_T_2404_Pig_Rerun_Sample_F_S1-A6_1_499.d,2,2,P27917|APOC3_PIG,,,PEAKS DB
FFESFGDLSNADAVM(+15.99)GNPKV,39.33,2159.9834,20,12.3,1081.0070,40.71,1.2241-1.2517,5.5841E2,6,11881,FF_T_2404_Pig_Rerun_Sample_F_S1-A6_1_499.d,1,1,P02067|HBB_PIG,Oxidation (M),M15:Oxidation (M):1000.00,PEAKS DB
VGHLDDLPGALSAL,39.06,1376.7300,14,4.9,689.3723,41.66,1.0000-1.0279,0,6,13677,FF_T_2404_Pig_Rerun_Sample_F_S1-A6_1_499.d,0,0,P01965|HBA_PIG,,,PEAKS DB
DYDEDEDGRPKVHVDA,38.88,1858.7969,16,5.9,620.6068,11.76,0.8628-0.8907,4.0606E3,6,1966,FF_T_2404_Pig_Rerun_Sample_F_S1-A6_1_499.d,2,2,tr|F1RX37|F1RX37_PIG,,,PEAKS DB
QAFPPPNVPGPR,38.72,1275.6724,12,-2.5,638.8387,28.13,0.9086-0.9365,0,6,4663,FF_T_2404_Pig_Rerun_Sample_F_S1-A6_1_499.d,0,0,P51525|PF12_PIG:P51524|PF11_PIG,,,PEAKS DB
GHLDDLPGALSA,38.68,1164.5775,12,2.3,583.2945,26.24,0.8885-0.9164,8.2883E2,6,4246,FF_T_2404_Pig_Rerun_Sample_F_S1-A6_1_499.d,2,2,P01965|HBA_PIG,,,PEAKS DB
AGVANALAHKYH,38.61,1250.6520,12,6.5,626.3342,41.52,0.9945-1.0223,4.4045E2,6,13322,FF_T_2404_Pig_Rerun_Sample_F_S1-A6_1_499.d,1,1,P02067|HBB_PIG,,,PEAKS DB
DTSLLDKM(+15.99)QDYVKQAT,38.57,1870.8982,16,-1.8,624.6358,21.11,0.8281-0.8561,4.4646E2,6,3524,FF_T_2404_Pig_Rerun_Sample_F_S1-A6_1_499.d,2,2,P27917|APOC3_PIG,Oxidation (M),M8:Oxidation (M):1000.00,PEAKS DB
VSTVLTSKY,38.53,996.5491,9,0.4,499.2796,17.31,0.8326-0.8606,2.1212E2,6,2947,FF_T_2404_Pig_Rerun_Sample_F_S1-A6_1_499.d,1,1,P01965|HBA_PIG,,,PEAKS DB
FESFGDLSNADAVM(+15.99)G,38.52,1574.6559,15,2.8,788.3336,30.82,1.0390-1.0668,3.6635E2,6,5161,FF_T_2404_Pig_Rerun_Sample_F_S1-A6_1_499.d,1,1,P02067|HBB_PIG,Oxidation (M),M14:Oxidation (M):1000.00,PEAKS DB
FGDLSNADAVM(+15.99)GNPKV,38.43,1649.7719,16,1.2,825.8901,22.07,1.0568-1.0845,2.1849E2,6,3649,FF_T_2404_Pig_Rerun_Sample_F_S1-A6_1_499.d,1,1,P02067|HBB_PIG,Oxidation (M),M11:Oxidation (M):1000.00,PEAKS DB
SISSSTSAPSDNQ,38.34,1279.5527,13,5.3,640.7839,7.79,0.9142-0.9421,8.7602E2,6,1114,FF_T_2404_Pig_Rerun_Sample_F_S1-A6_1_499.d,1,1,P18650|APOE_PIG,,,PEAKS DB
SAVSISSSTSAPSDNQ,38.31,1536.6903,16,4.4,769.3520,13.60,1.0212-1.0490,3.0201E2,6,2247,FF_T_2404_Pig_Rerun_Sample_F_S1-A6_1_499.d,1,1,P18650|APOE_PIG,,,PEAKS DB
SPPRPPPGPPP,38.30,1094.5872,11,-8.0,548.2938,10.93,0.8292-0.8572,0,6,1748,FF_T_2404_Pig_Rerun_Sample_F_S1-A6_1_499.d,0,0,Q95JC9|PRP_PIG,,,PEAKS DB
WGKVGGQAGAHGAEALE,38.29,1636.7957,17,0.5,546.6034,14.93,0.7766-0.8046,8.6497E2,6,2463,FF_T_2404_Pig_Rerun_Sample_F_S1-A6_1_499.d,1,1,P01965|HBA_PIG,,,PEAKS DB
EEIPPADLSDQVPDTESETKILLQGTPVAQM(+15.99)VEDA,38.11,3780.8137,35,0.3,1261.2727,40.89,1.2373-1.2649,0,6,12315,FF_T_2404_Pig_Rerun_Sample_F_S1-A6_1_499.d,0,0,P01025|CO3_PIG,Oxidation (M),M31:Oxidation (M):1000.00,PEAKS DB
EDEDGRPKVHVDA,38.06,1465.6797,13,4.4,733.8467,40.96,0.9911-1.0190,7.0168E4,6,12323,FF_T_2404_Pig_Rerun_Sample_F_S1-A6_1_499.d,4,4,tr|F1RX37|F1RX37_PIG,,,PEAKS DB
TINREGGAVES,38.04,1131.5520,11,1.5,566.7813,6.58,0.8359-0.8639,3.726E3,6,780,FF_T_2404_Pig_Rerun_Sample_F_S1-A6_1_499.d,1,1,tr|F1RX36|F1RX36_PIG,,,PEAKS DB
DEDEDGRP,37.96,931.3519,8,-3.5,466.6793,4.74,0.7698-0.7979,8.6902E2,6,189,FF_T_2404_Pig_Rerun_Sample_F_S1-A6_1_499.d,1,1,tr|F1RX37|F1RX37_PIG,,,PEAKS DB
QDKGEFLAEGGGVR,37.85,1461.7212,14,-3.1,488.2438,14.78,0.8124-0.8404,5.1227E3,6,2438,FF_T_2404_Pig_Rerun_Sample_F_S1-A6_1_499.d,2,2,tr|F1RX36|F1RX36_PIG,,,PEAKS DB
PPPGPPPPGPPPP,37.74,1199.6338,13,1.4,600.8220,18.75,0.8740-0.9019,2.1183E4,6,3176,FF_T_2404_Pig_Rerun_Sample_F_S1-A6_1_499.d,3,3,Q95JC9|PRP_PIG,,,PEAKS DB
VLERVGGDE,37.46,972.4876,9,-1.0,487.2482,9.81,0.7956-0.8236,0,6,1519,FF_T_2404_Pig_Rerun_Sample_F_S1-A6_1_499.d,0,0,tr|F1RX36|F1RX36_PIG,,,PEAKS DB
NVDEVGGEALGR,37.41,1214.5891,12,-9.6,608.2930,15.15,0.8974-0.9254,0,6,2509,FF_T_2404_Pig_Rerun_Sample_F_S1-A6_1_499.d,0,0,P02067|HBB_PIG,,,PEAKS DB
VLSAADKANVKAAWGKVGGQAGA,37.29,2168.1702,23,7.7,723.7327,41.54,0.9789-1.0067,0,6,13382,FF_T_2404_Pig_Rerun_Sample_F_S1-A6_1_499.d,0,0,P01965|HBA_PIG,,,PEAKS DB
TADPSELQDTEDPPLTSVEIETPAS,37.23,2641.2129,25,6.5,1321.6158,32.72,1.3564-1.3839,0,6,5617,FF_T_2404_Pig_Rerun_Sample_F_S1-A6_1_499.d,0,0,P02725|GLPA_PIG,,,PEAKS DB
TSVKESEVAQQA,37.15,1275.6306,12,4.2,638.8221,8.35,0.9108-0.9387,1.0975E3,6,1216,FF_T_2404_Pig_Rerun_Sample_F_S1-A6_1_499.d,1,1,P27917|APOC3_PIG,,,PEAKS DB
GEFLAEGGGVR,37.14,1090.5406,11,-3.0,546.2733,33.54,0.8662-0.8941,1.1054E4,6,5898,FF_T_2404_Pig_Rerun_Sample_F_S1-A6_1_499.d,5,5,tr|F1RX36|F1RX36_PIG,,,PEAKS DB
SKETIEQEKQAGES,37.12,1562.7423,14,3.2,521.9205,5.27,0.7249-0.7530,0,6,460,FF_T_2404_Pig_Rerun_Sample_F_S1-A6_1_499.d,0,0,Q95274|TYB4_PIG,,,PEAKS DB
HLDDLPGALSALSDLHAH,36.60,1880.9380,18,2.8,627.9853,41.70,0.9811-1.0089,0,6,13796,FF_T_2404_Pig_Rerun_Sample_F_S1-A6_1_499.d,0,0,P01965|HBA_PIG,,,PEAKS DB
STVLTSKYR,36.39,1053.5818,9,1.4,527.7963,39.76,0.8829-0.9108,1.0224E3,6,10816,FF_T_2404_Pig_Rerun_Sample_F_S1-A6_1_499.d,1,1,P01965|HBA_PIG,,,PEAKS DB
GKVGGQAGAHGAEALE,36.38,1450.7164,16,2.8,726.3640,8.42,0.9856-1.0134,8.9014E3,6,1238,FF_T_2404_Pig_Rerun_Sample_F_S1-A6_1_499.d,3,3,P01965|HBA_PIG,,,PEAKS DB
VLSAADKANV,36.36,986.5396,10,2.7,494.2760,11.65,0.8068-0.8348,5.0563E2,6,1922,FF_T_2404_Pig_Rerun_Sample_F_S1-A6_1_499.d,1,1,P01965|HBA_PIG,,,PEAKS DB
FLGFPTTKT,36.32,1010.5436,9,-3.2,506.2750,41.02,0.8348-0.8628,2.1398E2,6,12484,FF_T_2404_Pig_Rerun_Sample_F_S1-A6_1_499.d,1,1,P01965|HBA_PIG,,,PEAKS DB
VLSAADKAN,36.31,887.4712,9,-3.2,444.7393,6.22,0.7620-0.7900,2.9685E3,6,684,FF_T_2404_Pig_Rerun_Sample_F_S1-A6_1_499.d,1,1,P01965|HBA_PIG,,,PEAKS DB
SGSVSPGTKSEVHTS,35.99,1458.6951,15,1.8,487.2374,5.60,0.7384-0.7665,0,6,566,FF_T_2404_Pig_Rerun_Sample_F_S1-A6_1_499.d,0,0,tr|F1RX36|F1RX36_PIG,,,PEAKS DB
YTPKPEPS,35.98,917.4494,8,-1.0,459.7292,6.68,0.7911-0.8192,0,6,839,FF_T_2404_Pig_Rerun_Sample_F_S1-A6_1_499.d,0,0,P27917|APOC3_PIG,,,PEAKS DB
TSVKESEVAQ,35.68,1076.5349,10,0.6,539.2724,6.50,0.8404-0.8684,3.2305E2,6,774,FF_T_2404_Pig_Rerun_Sample_F_S1-A6_1_499.d,1,1,P27917|APOC3_PIG,,,PEAKS DB
VHLSAEEKEAVLG,35.62,1380.7249,13,3.3,461.2481,40.85,0.7564-0.7844,3.9559E2,6,12180,FF_T_2404_Pig_Rerun_Sample_F_S1-A6_1_499.d,1,1,P02067|HBB_PIG,,,PEAKS DB
LDDLPGALSA,35.59,970.4971,10,2.2,486.2545,30.01,0.8147-0.8427,0,6,5010,FF_T_2404_Pig_Rerun_Sample_F_S1-A6_1_499.d,0,0,P01965|HBA_PIG,,,PEAKS DB
TETQEKNPLPSKETIEQEKQAGES,35.53,2700.3088,24,3.3,676.0834,12.16,0.9142-0.9421,0,6,2071,FF_T_2404_Pig_Rerun_Sample_F_S1-A6_1_499.d,0,0,Q95274|TYB4_PIG,,,PEAKS DB
TEAPLNPK,35.38,868.4654,8,-1.3,435.2372,8.49,0.7754-0.8035,0,6,1254,FF_T_2404_Pig_Rerun_Sample_F_S1-A6_1_499.d,0,0,Q6QAQ1|ACTB_PIG,,,PEAKS DB
LTSVKESEVAQQA,35.37,1388.7147,13,-0.7,695.3607,11.87,0.9577-0.9856,0,6,2000,FF_T_2404_Pig_Rerun_Sample_F_S1-A6_1_499.d,0,0,P27917|APOC3_PIG,,,PEAKS DB
ADALTKAVGHLDDLPGALSA,35.33,1934.0109,20,5.2,645.6777,41.56,0.8662-0.8941,0,6,13432,FF_T_2404_Pig_Rerun_Sample_F_S1-A6_1_499.d,0,0,P01965|HBA_PIG,,,PEAKS DB
AAWGKVGGQAGAHGAEALE,35.16,1778.8699,19,1.9,593.9621,17.33,0.8102-0.8382,0,6,2957,FF_T_2404_Pig_Rerun_Sample_F_S1-A6_1_499.d,0,0,P01965|HBA_PIG,,,PEAKS DB
EDGRPKV,35.12,799.4188,7,-0.6,400.7144,4.93,0.7395-0.7676,2.5912E2,6,302,FF_T_2404_Pig_Rerun_Sample_F_S1-A6_1_499.d,1,1,tr|F1RX37|F1RX37_PIG,,,PEAKS DB
FLGFPTTK,35.10,909.4960,8,-4.2,455.7511,29.01,0.7945-0.8225,0,6,4828,FF_T_2404_Pig_Rerun_Sample_F_S1-A6_1_499.d,0,0,P01965|HBA_PIG,,,PEAKS DB
VGHLDDLPGALSA,34.89,1263.6459,13,3.9,632.8295,28.33,0.9298-0.9577,3.4283E3,6,4698,FF_T_2404_Pig_Rerun_Sample_F_S1-A6_1_499.d,2,2,P01965|HBA_PIG,,,PEAKS DB
EDGRPKVHVD,34.81,1150.5730,10,-3.8,384.5283,7.77,0.7159-0.7440,0,6,1123,FF_T_2404_Pig_Rerun_Sample_F_S1-A6_1_499.d,0,0,tr|F1RX37|F1RX37_PIG,,,PEAKS DB
AEVQDKGEFL,34.81,1134.5557,10,8.6,568.2872,20.06,0.8751-0.9030,0,6,3344,FF_T_2404_Pig_Rerun_Sample_F_S1-A6_1_499.d,0,0,tr|F1RX36|F1RX36_PIG,,,PEAKS DB
QKVVAGVAN,34.61,884.5079,9,-4.8,443.2570,7.91,0.7844-0.8124,0,6,1151,FF_T_2404_Pig_Rerun_Sample_F_S1-A6_1_499.d,0,0,P02067|HBB_PIG,,,PEAKS DB
SAEEKEAVLG,34.59,1031.5134,10,6.5,516.7648,10.97,0.8281-0.8561,0,6,1753,FF_T_2404_Pig_Rerun_Sample_F_S1-A6_1_499.d,0,0,P02067|HBB_PIG,,,PEAKS DB
ELPDGQVITIGNE,34.35,1383.6881,13,1.0,692.8486,30.20,0.9599-0.9878,0,6,5047,FF_T_2404_Pig_Rerun_Sample_F_S1-A6_1_499.d,0,0,Q6QAQ1|ACTB_PIG,,,PEAKS DB
PPPNFPGPRFPPPNFPGPR,34.29,2084.0742,19,1.9,695.6966,41.52,0.8863-0.9142,4.1396E2,6,13299,FF_T_2404_Pig_Rerun_Sample_F_S1-A6_1_499.d,1,1,P51525|PF12_PIG:P51524|PF11_PIG,,,PEAKS DB
DEDGRPK,34.18,815.3773,7,-5.7,408.6916,2.13,0.7407-0.7687,0,6,40,FF_T_2404_Pig_Rerun_Sample_F_S1-A6_1_499.d,0,0,tr|F1RX37|F1RX37_PIG,,,PEAKS DB
ALAHKYH,33.86,838.4449,7,-5.2,420.2255,41.47,0.8057-0.8337,5.9824E2,6,13188,FF_T_2404_Pig_Rerun_Sample_F_S1-A6_1_499.d,1,1,P02067|HBB_PIG,,,PEAKS DB
DEDEDGRPKVHVD,33.86,1509.6696,13,-4.0,504.2260,7.63,0.7788-0.8068,2.5896E2,6,1085,FF_T_2404_Pig_Rerun_Sample_F_S1-A6_1_499.d,1,1,tr|F1RX37|F1RX37_PIG,,,PEAKS DB
KVNVDEVGGEALG,33.86,1285.6514,13,1.7,643.8309,19.12,0.9265-0.9544,4.3019E2,6,3231,FF_T_2404_Pig_Rerun_Sample_F_S1-A6_1_499.d,1,1,P02067|HBB_PIG,,,PEAKS DB
ESFGDLSNADAV,33.82,1223.5305,12,-0.9,612.7690,27.67,0.9231-0.9510,0,6,4567,FF_T_2404_Pig_Rerun_Sample_F_S1-A6_1_499.d,0,0,P02067|HBB_PIG,,,PEAKS DB
GKVNVDEVGGEA,33.53,1172.5673,12,2.4,587.2894,11.93,0.8717-0.8997,0,6,2019,FF_T_2404_Pig_Rerun_Sample_F_S1-A6_1_499.d,0,0,P02067|HBB_PIG,,,PEAKS DB
EEAPSLRPV,33.52,996.5240,9,-2.9,499.2654,16.87,0.8091-0.8371,0,6,2891,FF_T_2404_Pig_Rerun_Sample_F_S1-A6_1_499.d,0,0,tr|F1RX37|F1RX37_PIG,,,PEAKS DB
SILAAIDEASKKLNAQ,33.28,1670.9203,16,8.4,836.4703,41.64,1.1588-1.1865,0,6,13645,FF_T_2404_Pig_Rerun_Sample_F_S1-A6_1_499.d,0,0,P18648|APOA1_PIG,,,PEAKS DB
VLSAADKA,33.16,773.4283,8,-13.2,387.7144,7.25,0.7126-0.7407,0,6,986,FF_T_2404_Pig_Rerun_Sample_F_S1-A6_1_499.d,0,0,P01965|HBA_PIG,,,PEAKS DB
TLDPEHKGQQGVQR,33.13,1591.8066,14,0.5,531.6071,40.99,0.8046-0.8326,0,6,12454,FF_T_2404_Pig_Rerun_Sample_F_S1-A6_1_499.d,0,0,P01025|CO3_PIG,,,PEAKS DB
KNPLPSKETIEQEKQAGES,33.12,2112.0698,19,3.8,705.0298,10.82,0.8572-0.8852,1.3643E3,6,1710,FF_T_2404_Pig_Rerun_Sample_F_S1-A6_1_499.d,1,1,Q95274|TYB4_PIG,,,PEAKS DB
KVGGQAGAHGAEALE,32.98,1393.6949,15,1.7,697.8525,39.43,0.9822-1.0101,1.9152E3,6,10391,FF_T_2404_Pig_Rerun_Sample_F_S1-A6_1_499.d,1,1,P01965|HBA_PIG,,,PEAKS DB
IDYDEDEDGRPKVHVDA,32.81,1971.8810,17,3.0,658.2997,14.20,0.8740-0.9019,1.8172E2,6,2367,FF_T_2404_Pig_Rerun_Sample_F_S1-A6_1_499.d,1,1,tr|F1RX37|F1RX37_PIG,,,PEAKS DB
AWGKVGGQAGAHGAEALE,32.77,1707.8328,18,-4.8,570.2793,16.03,0.7923-0.8203,0,6,2717,FF_T_2404_Pig_Rerun_Sample_F_S1-A6_1_499.d,0,0,P01965|HBA_PIG,,,PEAKS DB
GQAGAHGAEALE,32.69,1109.5101,12,1.0,555.7601,8.48,0.8404-0.8684,3.9079E2,6,1246,FF_T_2404_Pig_Rerun_Sample_F_S1-A6_1_499.d,1,1,P01965|HBA_PIG,,,PEAKS DB
GPPPPGPPPP,32.67,908.4755,10,-3.5,455.2412,13.84,0.7553-0.7833,2.9741E2,6,2301,FF_T_2404_Pig_Rerun_Sample_F_S1-A6_1_499.d,1,1,Q95JC9|PRP_PIG,,,PEAKS DB
DVEKNNSRIKL,32.50,1314.7256,11,-6.0,439.2443,41.52,0.7496-0.7777,0,6,13319,FF_T_2404_Pig_Rerun_Sample_F_S1-A6_1_499.d,0,0,P06348|H1T_PIG,,,PEAKS DB
YNRTGPPPPG,32.32,1054.5195,10,-6.2,528.2612,14.69,0.8035-0.8315,0,6,2434,FF_T_2404_Pig_Rerun_Sample_F_S1-A6_1_499.d,0,0,Q29073|PTGR1_PIG,,,PEAKS DB
FPPPNFPGPRFPPPNFPGP,32.32,2075.0417,19,-7.6,1038.5151,41.56,1.2163-1.2440,5.696E2,6,13402,FF_T_2404_Pig_Rerun_Sample_F_S1-A6_1_499.d,1,1,P51525|PF12_PIG:P51524|PF11_PIG,,,PEAKS DB
EDTSLLDKM(+15.99)QDYVKQA,32.25,1898.8931,16,3.1,633.9705,19.34,0.8180-0.8460,1.1674E2,6,3252,FF_T_2404_Pig_Rerun_Sample_F_S1-A6_1_499.d,1,1,P27917|APOC3_PIG,Oxidation (M),M9:Oxidation (M):1000.00,PEAKS DB
PPGPAPPGARPPPGPPPPGPP,32.23,1903.0104,21,-0.7,635.3405,18.41,0.9242-0.9521,3.3551E3,6,3169,FF_T_2404_Pig_Rerun_Sample_F_S1-A6_1_499.d,1,1,Q95JC9|PRP_PIG,,,PEAKS DB
RVDPVNF,32.15,845.4395,7,-4.6,423.7230,20.15,0.7631-0.7911,0,6,3356,FF_T_2404_Pig_Rerun_Sample_F_S1-A6_1_499.d,0,0,P01965|HBA_PIG,,,PEAKS DB
TLDPEHKGQQGVQ,32.15,1435.7056,13,-3.3,479.5718,6.91,0.7317-0.7597,1.6159E3,6,893,FF_T_2404_Pig_Rerun_Sample_F_S1-A6_1_499.d,1,1,P01025|CO3_PIG,,,PEAKS DB
EKNPLPSKETIEQEKQAGES,32.13,2241.1123,20,5.4,748.0450,40.91,0.8818-0.9097,0,6,12365,FF_T_2404_Pig_Rerun_Sample_F_S1-A6_1_499.d,0,0,Q95274|TYB4_PIG,,,PEAKS DB
DTDQVDKKEDQIDPR,32.08,1800.8489,15,-1.4,601.2864,39.84,0.8684-0.8963,0,6,10902,FF_T_2404_Pig_Rerun_Sample_F_S1-A6_1_499.d,0,0,Q9GLP2|PROC_PIG,,,PEAKS DB
GFLGPPPPSGKF,32.02,1199.6338,12,0.4,600.8215,31.20,0.9131-0.9410,1.54E3,6,5288,FF_T_2404_Pig_Rerun_Sample_F_S1-A6_1_499.d,1,1,C5HGF3|TMCO1_PIG,,,PEAKS DB
FPPPNFPGPRFPPPNFP,31.95,1920.9674,17,7.1,961.4931,41.65,1.1677-1.1953,1.4446E3,6,13566,FF_T_2404_Pig_Rerun_Sample_F_S1-A6_1_499.d,1,1,P51525|PF12_PIG:P51524|PF11_PIG,,,PEAKS DB
LPPRIPPGFPPR,31.95,1342.7874,12,-19.5,448.5921,41.50,0.8023-0.8303,0,6,13296,FF_T_2404_Pig_Rerun_Sample_F_S1-A6_1_499.d,0,0,P80054|PR39_PIG,,,PEAKS DB
DAVM(+15.99)GNPKV,31.89,945.4589,9,-8.5,473.7304,8.98,0.7833-0.8113,0,6,1340,FF_T_2404_Pig_Rerun_Sample_F_S1-A6_1_499.d,0,0,P02067|HBB_PIG,Oxidation (M),M4:Oxidation (M):1000.00,PEAKS DB
APPGARPPPGPPPPGPPPPGP,31.83,1903.0104,21,3.1,952.5107,18.43,1.1311-1.1588,1.9761E3,6,3151,FF_T_2404_Pig_Rerun_Sample_F_S1-A6_1_499.d,1,1,Q95JC9|PRP_PIG,,,PEAKS DB
TLVTYVPVTTFKNLQTVNVDEN,31.78,2494.2954,22,5.7,1248.1559,41.30,1.3729-1.4003,0,6,12919,FF_T_2404_Pig_Rerun_Sample_F_S1-A6_1_499.d,0,0,P62901|RL31_PIG,,,PEAKS DB
LSAEEKEAVLG,31.76,1144.5975,11,3.2,573.3051,16.03,0.9164-0.9443,1.3359E2,6,2711,FF_T_2404_Pig_Rerun_Sample_F_S1-A6_1_499.d,1,1,P02067|HBB_PIG,,,PEAKS DB
DEDEDGRPKVHV,31.67,1394.6426,12,-8.4,465.8820,8.69,0.7676-0.7956,0,6,1289,FF_T_2404_Pig_Rerun_Sample_F_S1-A6_1_499.d,0,0,tr|F1RX37|F1RX37_PIG,,,PEAKS DB
EPVSVSSGSWDQSS,31.66,1450.6212,14,0.7,726.3148,20.34,0.9443-0.9722,3.334E2,6,3390,FF_T_2404_Pig_Rerun_Sample_F_S1-A6_1_499.d,1,1,A0P8Z5|UIMC1_PIG,,,PEAKS DB
VSISSSTSAPSDNQ,31.65,1378.6212,14,-1.6,690.3134,11.94,0.9532-0.9811,0,6,2022,FF_T_2404_Pig_Rerun_Sample_F_S1-A6_1_499.d,0,0,P18650|APOE_PIG,,,PEAKS DB
EDTSLLDKM(+15.99)QDYVKQATRTAQDALTSVKESEVAQQA,31.50,4012.9534,36,3.4,1004.2441,41.58,1.0879-1.1156,0,6,13471,FF_T_2404_Pig_Rerun_Sample_F_S1-A6_1_499.d,0,0,P27917|APOC3_PIG,Oxidation (M),M9:Oxidation (M):1000.00,PEAKS DB
FLAEGGGVR,31.44,904.4766,9,-2.5,453.2422,13.77,0.7833-0.8113,2.2368E3,6,2280,FF_T_2404_Pig_Rerun_Sample_F_S1-A6_1_499.d,1,1,tr|F1RX36|F1RX36_PIG,,,PEAKS DB
FGDLSNADAVM(+15.99)GN,31.37,1325.5558,13,0.5,663.7822,20.72,0.9510-0.9789,0,6,3468,FF_T_2404_Pig_Rerun_Sample_F_S1-A6_1_499.d,0,0,P02067|HBB_PIG,Oxidation (M),M11:Oxidation (M):1000.00,PEAKS DB
TINREGGAVE,31.37,1044.5200,10,3.6,523.2666,6.72,0.8080-0.8359,0,6,854,FF_T_2404_Pig_Rerun_Sample_F_S1-A6_1_499.d,0,0,tr|F1RX36|F1RX36_PIG,,,PEAKS DB
