Protein Group,Protein ID,Protein Accession,Peptide,Unique,-10lgP,Mass,Length,ppm,m/z,z,RT,1/k0 Range,Area Sample 6,Fraction,Precursor Id,Source File,#Feature,#Feature Sample 6,Start,End,PTM,AScore,Found By
4,6,P02067|HBB_PIG,R.FFESFGDLSNADAV.M,Y,61.83,1517.6674,14,3.5,759.8398,2,37.45,1.0356-1.0634,3.681E3,6,8409,FF_T_2404_Pig_Rerun_Sample_F_S1-A6_1_499.d,1,1,42,55,,,PEAKS DB
4,6,P02067|HBB_PIG,F.FESFGDLSNADAVM(+15.99)GNPK.V,Y,58.54,1913.8464,18,18.4,957.9434,2,26.11,1.1677-1.1953,2.4605E2,6,4229,FF_T_2404_Pig_Rerun_Sample_F_S1-A6_1_499.d,1,1,43,60,Oxidation (M),M14:Oxidation (M):1000.00,PEAKS DB
4,6,P02067|HBB_PIG,E.SFGDLSNADAVM(+15.99)GNPKV.K,Y,57.28,1736.8040,17,1.7,869.4064,2,24.02,1.1023-1.1300,2.8605E2,6,3937,FF_T_2404_Pig_Rerun_Sample_F_S1-A6_1_499.d,1,1,45,61,Oxidation (M),M12:Oxidation (M):1000.00,PEAKS DB
4,6,P02067|HBB_PIG,F.ESFGDLSNADAVM(+15.99)GNPK.V,Y,56.83,1766.7781,17,5.5,884.3969,2,20.83,1.0901-1.1178,8.3081E2,6,3476,FF_T_2404_Pig_Rerun_Sample_F_S1-A6_1_499.d,2,2,44,60,Oxidation (M),M13:Oxidation (M):1000.00,PEAKS DB
4,6,P02067|HBB_PIG,F.FESFGDLSNADAVM(+15.99)GN.P,Y,55.52,1688.6987,16,6.4,845.3578,2,29.98,1.0679-1.0956,1.6475E2,6,4992,FF_T_2404_Pig_Rerun_Sample_F_S1-A6_1_499.d,1,1,43,58,Oxidation (M),M14:Oxidation (M):1000.00,PEAKS DB
4,6,P02067|HBB_PIG,E.SFGDLSNADAVM(+15.99)GNPK.V,Y,54.31,1637.7355,16,4.1,819.8743,2,19.77,1.0723-1.1001,4.4766E2,6,3296,FF_T_2404_Pig_Rerun_Sample_F_S1-A6_1_499.d,1,1,45,60,Oxidation (M),M12:Oxidation (M):1000.00,PEAKS DB
4,6,P02067|HBB_PIG,F.ESFGDLSNADAVM(+15.99)GNPKV.K,Y,53.58,1865.8466,18,3.1,933.9288,2,24.75,1.1400-1.1677,9.0202E2,6,4044,FF_T_2404_Pig_Rerun_Sample_F_S1-A6_1_499.d,2,2,44,61,Oxidation (M),M13:Oxidation (M):1000.00,PEAKS DB
4,6,P02067|HBB_PIG,F.GDLSNADAVM(+15.99)GNPKV.K,Y,53.49,1502.7035,15,6.9,752.3605,2,15.48,0.9688-0.9967,5.2771E1,6,2568,FF_T_2404_Pig_Rerun_Sample_F_S1-A6_1_499.d,1,1,47,61,Oxidation (M),M10:Oxidation (M):1000.00,PEAKS DB
4,6,P02067|HBB_PIG,R.FFESFGDLSNADAVM(+15.99)GNPK.V,Y,52.78,2060.9148,19,3.2,1031.4629,2,31.56,1.1998-1.2274,0,6,5327,FF_T_2404_Pig_Rerun_Sample_F_S1-A6_1_499.d,0,0,42,60,Oxidation (M),M15:Oxidation (M):1000.00,PEAKS DB
4,6,P02067|HBB_PIG,G.DLSNADAVM(+15.99)GNPKV.K,Y,51.63,1445.6820,14,4.7,723.8481,2,16.63,0.9677-0.9956,1.0912E3,6,2806,FF_T_2404_Pig_Rerun_Sample_F_S1-A6_1_499.d,1,1,48,61,Oxidation (M),M9:Oxidation (M):1000.00,PEAKS DB
4,6,P02067|HBB_PIG,M.VHLSAEEKEAV.L,Y,49.98,1210.6194,11,1.6,606.3149,2,39.84,0.9287-0.9566,1.1254E4,6,10888,FF_T_2404_Pig_Rerun_Sample_F_S1-A6_1_499.d,2,2,2,12,,,PEAKS DB
4,6,P02067|HBB_PIG,F.ESFGDLSNADAVM(+15.99)GN.P,Y,48.02,1541.6304,15,0.7,771.8192,2,24.22,1.0167-1.0445,8.1956E1,6,3988,FF_T_2404_Pig_Rerun_Sample_F_S1-A6_1_499.d,1,1,44,58,Oxidation (M),M13:Oxidation (M):1000.00,PEAKS DB
4,6,P02067|HBB_PIG,G.DLSNADAVM(+15.99)GNPK.V,Y,47.92,1346.6136,13,2.6,674.3126,2,10.99,0.9365-0.9644,2.0154E3,6,1747,FF_T_2404_Pig_Rerun_Sample_F_S1-A6_1_499.d,1,1,48,60,Oxidation (M),M9:Oxidation (M):1000.00,PEAKS DB
4,6,P02067|HBB_PIG,W.TQRFFESFGDLSNADAV.M,Y,47.63,1902.8748,17,6.5,952.4461,2,41.41,1.1577-1.1854,2.3368E2,6,13058,FF_T_2404_Pig_Rerun_Sample_F_S1-A6_1_499.d,1,1,39,55,,,PEAKS DB
4,6,P02067|HBB_PIG,V.HLSAEEKEAVLG.L,Y,47.23,1281.6565,12,1.3,641.8332,2,13.20,0.9755-1.0034,7.4628E3,6,2202,FF_T_2404_Pig_Rerun_Sample_F_S1-A6_1_499.d,2,2,3,14,,,PEAKS DB
4,6,P02067|HBB_PIG,L.WGKVNVDEVGGEALG.R,Y,46.22,1528.7521,15,3.7,765.3824,2,26.47,0.9967-1.0245,0,6,4293,FF_T_2404_Pig_Rerun_Sample_F_S1-A6_1_499.d,0,0,16,30,,,PEAKS DB
4,6,P02067|HBB_PIG,F.FESFGDLSNADAV.M,Y,45.54,1370.5990,13,3.6,686.3058,2,32.69,0.9833-1.0112,3.8465E3,6,5567,FF_T_2404_Pig_Rerun_Sample_F_S1-A6_1_499.d,1,1,43,55,,,PEAKS DB
4,6,P02067|HBB_PIG,R.FFESFGDLSNADAVM(+15.99)GN.P,Y,45.23,1835.7672,17,7.0,918.8928,2,34.81,1.1411-1.1688,2.3445E2,6,6498,FF_T_2404_Pig_Rerun_Sample_F_S1-A6_1_499.d,1,1,42,58,Oxidation (M),M15:Oxidation (M):1000.00,PEAKS DB
4,6,P02067|HBB_PIG,M.VHLSAEEKEAVL.G,Y,44.95,1323.7034,12,2.2,662.8572,2,41.39,0.9833-1.0112,1.5084E3,6,13110,FF_T_2404_Pig_Rerun_Sample_F_S1-A6_1_499.d,1,1,2,13,,,PEAKS DB
4,6,P02067|HBB_PIG,L.SNADAVM(+15.99)GNPKV.K,Y,44.40,1217.5710,12,-3.0,609.7880,2,9.60,0.8896-0.9175,1.2668E2,6,1477,FF_T_2404_Pig_Rerun_Sample_F_S1-A6_1_499.d,1,1,50,61,Oxidation (M),M7:Oxidation (M):1000.00,PEAKS DB
4,6,P02067|HBB_PIG,S.FGDLSNADAVM(+15.99)GNPK.V,Y,43.65,1550.7035,15,3.8,776.3582,2,17.49,1.0201-1.0479,0,6,2990,FF_T_2404_Pig_Rerun_Sample_F_S1-A6_1_499.d,0,0,46,60,Oxidation (M),M11:Oxidation (M):1000.00,PEAKS DB
4,6,P02067|HBB_PIG,R.FFESFGDLSNADAVM(+15.99)G.N,Y,43.61,1721.7242,16,7.5,861.8716,2,35.55,1.0967-1.1245,4.8319E2,6,6940,FF_T_2404_Pig_Rerun_Sample_F_S1-A6_1_499.d,1,1,42,57,Oxidation (M),M15:Oxidation (M):1000.00,PEAKS DB
4,6,P02067|HBB_PIG,F.GDLSNADAVM(+15.99)GNPK.V,Y,41.56,1403.6350,14,0.1,702.8214,2,10.25,0.9332-0.9610,1.231E2,6,1599,FF_T_2404_Pig_Rerun_Sample_F_S1-A6_1_499.d,1,1,47,60,Oxidation (M),M10:Oxidation (M):1000.00,PEAKS DB
4,6,P02067|HBB_PIG,M.VHLSAEEKEAVLGL.W,Y,41.04,1493.8090,14,11.7,747.9168,2,41.60,1.0745-1.1023,0,6,13533,FF_T_2404_Pig_Rerun_Sample_F_S1-A6_1_499.d,0,0,2,15,,,PEAKS DB
4,6,P02067|HBB_PIG,E.SFGDLSNADAVM(+15.99)GN.P,Y,40.82,1412.5878,14,-3.6,707.2951,2,23.26,0.9822-1.0101,0,6,3818,FF_T_2404_Pig_Rerun_Sample_F_S1-A6_1_499.d,0,0,45,58,Oxidation (M),M12:Oxidation (M):1000.00,PEAKS DB
4,6,P02067|HBB_PIG,F.FESFGDLSNADAVM(+15.99)GNPKV.K,Y,40.64,2012.9149,19,2.4,1007.4622,2,29.16,1.1710-1.1986,3.2516E2,6,4846,FF_T_2404_Pig_Rerun_Sample_F_S1-A6_1_499.d,1,1,43,61,Oxidation (M),M14:Oxidation (M):1000.00,PEAKS DB
4,6,P02067|HBB_PIG,Q.RFFESFGDLSNADAV.M,Y,40.49,1673.7684,15,17.2,837.9017,2,41.50,1.0879-1.1156,0,6,13278,FF_T_2404_Pig_Rerun_Sample_F_S1-A6_1_499.d,0,0,41,55,,,PEAKS DB
4,6,P02067|HBB_PIG,W.GKVNVDEVGGEALG.R,Y,40.45,1342.6729,14,1.1,672.3411,2,19.14,0.9499-0.9778,1.2532E3,6,3237,FF_T_2404_Pig_Rerun_Sample_F_S1-A6_1_499.d,1,1,17,30,,,PEAKS DB
4,6,P02067|HBB_PIG,F.ESFGDLSNADAVM(+15.99)G.N,Y,40.21,1427.5874,14,9.4,714.8041,2,25.38,0.9789-1.0067,3.5466E2,6,4132,FF_T_2404_Pig_Rerun_Sample_F_S1-A6_1_499.d,1,1,44,57,Oxidation (M),M13:Oxidation (M):1000.00,PEAKS DB
4,6,P02067|HBB_PIG,V.HLSAEEKEAV.L,Y,39.97,1111.5509,10,2.3,556.7812,2,39.75,0.8740-0.9019,4.7084E3,6,10832,FF_T_2404_Pig_Rerun_Sample_F_S1-A6_1_499.d,2,2,3,12,,,PEAKS DB
4,6,P02067|HBB_PIG,R.FFESFGDLSNADAVM(+15.99)GNPKV.K,Y,39.33,2159.9834,20,12.3,1081.0070,2,40.71,1.2241-1.2517,5.5841E2,6,11881,FF_T_2404_Pig_Rerun_Sample_F_S1-A6_1_499.d,1,1,42,61,Oxidation (M),M15:Oxidation (M):1000.00,PEAKS DB
4,6,P02067|HBB_PIG,V.AGVANALAHKYH,Y,38.61,1250.6520,12,6.5,626.3342,2,41.52,0.9945-1.0223,4.4045E2,6,13322,FF_T_2404_Pig_Rerun_Sample_F_S1-A6_1_499.d,1,1,136,147,,,PEAKS DB
4,6,P02067|HBB_PIG,F.FESFGDLSNADAVM(+15.99)G.N,Y,38.52,1574.6559,15,2.8,788.3336,2,30.82,1.0390-1.0668,3.6635E2,6,5161,FF_T_2404_Pig_Rerun_Sample_F_S1-A6_1_499.d,1,1,43,57,Oxidation (M),M14:Oxidation (M):1000.00,PEAKS DB
4,6,P02067|HBB_PIG,S.FGDLSNADAVM(+15.99)GNPKV.K,Y,38.43,1649.7719,16,1.2,825.8901,2,22.07,1.0568-1.0845,2.1849E2,6,3649,FF_T_2404_Pig_Rerun_Sample_F_S1-A6_1_499.d,1,1,46,61,Oxidation (M),M11:Oxidation (M):1000.00,PEAKS DB
4,6,P02067|HBB_PIG,V.NVDEVGGEALGR.L,Y,37.41,1214.5891,12,-9.6,608.2930,2,15.15,0.8974-0.9254,0,6,2509,FF_T_2404_Pig_Rerun_Sample_F_S1-A6_1_499.d,0,0,20,31,,,PEAKS DB
4,6,P02067|HBB_PIG,M.VHLSAEEKEAVLG.L,Y,35.62,1380.7249,13,3.3,461.2481,3,40.85,0.7564-0.7844,3.9559E2,6,12180,FF_T_2404_Pig_Rerun_Sample_F_S1-A6_1_499.d,1,1,2,14,,,PEAKS DB
4,6,P02067|HBB_PIG,F.QKVVAGVAN.A,Y,34.61,884.5079,9,-4.8,443.2570,2,7.91,0.7844-0.8124,0,6,1151,FF_T_2404_Pig_Rerun_Sample_F_S1-A6_1_499.d,0,0,132,140,,,PEAKS DB
4,6,P02067|HBB_PIG,L.SAEEKEAVLG.L,Y,34.59,1031.5134,10,6.5,516.7648,2,10.97,0.8281-0.8561,0,6,1753,FF_T_2404_Pig_Rerun_Sample_F_S1-A6_1_499.d,0,0,5,14,,,PEAKS DB
4,6,P02067|HBB_PIG,N.ALAHKYH,Y,33.86,838.4449,7,-5.2,420.2255,2,41.47,0.8057-0.8337,5.9824E2,6,13188,FF_T_2404_Pig_Rerun_Sample_F_S1-A6_1_499.d,1,1,141,147,,,PEAKS DB
4,6,P02067|HBB_PIG,G.KVNVDEVGGEALG.R,Y,33.86,1285.6514,13,1.7,643.8309,2,19.12,0.9265-0.9544,4.3019E2,6,3231,FF_T_2404_Pig_Rerun_Sample_F_S1-A6_1_499.d,1,1,18,30,,,PEAKS DB
4,6,P02067|HBB_PIG,F.ESFGDLSNADAV.M,Y,33.82,1223.5305,12,-0.9,612.7690,2,27.67,0.9231-0.9510,0,6,4567,FF_T_2404_Pig_Rerun_Sample_F_S1-A6_1_499.d,0,0,44,55,,,PEAKS DB
4,6,P02067|HBB_PIG,W.GKVNVDEVGGEA.L,Y,33.53,1172.5673,12,2.4,587.2894,2,11.93,0.8717-0.8997,0,6,2019,FF_T_2404_Pig_Rerun_Sample_F_S1-A6_1_499.d,0,0,17,28,,,PEAKS DB
4,6,P02067|HBB_PIG,A.DAVM(+15.99)GNPKV.K,Y,31.89,945.4589,9,-8.5,473.7304,2,8.98,0.7833-0.8113,0,6,1340,FF_T_2404_Pig_Rerun_Sample_F_S1-A6_1_499.d,0,0,53,61,Oxidation (M),M4:Oxidation (M):1000.00,PEAKS DB
4,6,P02067|HBB_PIG,H.LSAEEKEAVLG.L,Y,31.76,1144.5975,11,3.2,573.3051,2,16.03,0.9164-0.9443,1.3359E2,6,2711,FF_T_2404_Pig_Rerun_Sample_F_S1-A6_1_499.d,1,1,4,14,,,PEAKS DB
4,6,P02067|HBB_PIG,S.FGDLSNADAVM(+15.99)GN.P,Y,31.37,1325.5558,13,0.5,663.7822,2,20.72,0.9510-0.9789,0,6,3468,FF_T_2404_Pig_Rerun_Sample_F_S1-A6_1_499.d,0,0,46,58,Oxidation (M),M11:Oxidation (M):1000.00,PEAKS DB
5,9,P27917|APOC3_PIG,T.RTAQDALTSVKESEVAQQA.R,Y,59.15,2031.0232,19,0.5,678.0120,3,17.87,0.8516-0.8796,1.1792E3,6,3040,FF_T_2404_Pig_Rerun_Sample_F_S1-A6_1_499.d,1,1,41,59,,,PEAKS DB
5,9,P27917|APOC3_PIG,A.EDTSLLDKM(+15.99)QDYVKQAT.R,Y,58.33,1999.9408,17,2.7,667.6527,3,20.55,0.8550-0.8829,1.345E4,6,3398,FF_T_2404_Pig_Rerun_Sample_F_S1-A6_1_499.d,3,3,24,40,Oxidation (M),M9:Oxidation (M):1000.00,PEAKS DB
5,9,P27917|APOC3_PIG,R.TAQDALTSVKESEVAQQ.A,Y,56.07,1803.8850,17,4.9,902.9497,2,18.08,1.1100-1.1378,5.7272E1,6,3105,FF_T_2404_Pig_Rerun_Sample_F_S1-A6_1_499.d,1,1,42,58,,,PEAKS DB
5,9,P27917|APOC3_PIG,A.EDTSLLDKM(+15.99)QDY.V,Y,55.79,1472.6340,12,4.0,737.3236,2,19.22,0.9945-1.0223,3.0502E2,6,3241,FF_T_2404_Pig_Rerun_Sample_F_S1-A6_1_499.d,1,1,24,35,Oxidation (M),M9:Oxidation (M):1000.00,PEAKS DB
5,9,P27917|APOC3_PIG,D.ALTSVKESEVAQQA.R,Y,54.32,1459.7518,14,0.1,730.8796,2,14.23,0.9978-1.0256,1.636E2,6,2369,FF_T_2404_Pig_Rerun_Sample_F_S1-A6_1_499.d,1,1,46,59,,,PEAKS DB
5,9,P27917|APOC3_PIG,T.AQDALTSVKESEVAQQA.R,Y,52.03,1773.8744,17,5.4,887.9449,2,18.59,1.1156-1.1433,2.9679E2,6,3178,FF_T_2404_Pig_Rerun_Sample_F_S1-A6_1_499.d,1,1,43,59,,,PEAKS DB
5,9,P27917|APOC3_PIG,R.TAQDALTSVKESEVAQQA.R,Y,51.17,1874.9221,18,5.7,938.4691,2,19.94,1.1311-1.1588,5.7106E3,6,3311,FF_T_2404_Pig_Rerun_Sample_F_S1-A6_1_499.d,1,1,42,59,,,PEAKS DB
5,9,P27917|APOC3_PIG,Q.DALTSVKESEVAQQA.R,Y,48.76,1574.7787,15,5.2,788.3969,2,19.22,1.0656-1.0934,2.2005E3,6,3238,FF_T_2404_Pig_Rerun_Sample_F_S1-A6_1_499.d,1,1,45,59,,,PEAKS DB
5,9,P27917|APOC3_PIG,R.TAQDALTSVKESEVAQ.Q,Y,48.46,1675.8264,16,5.1,838.9207,2,18.20,1.0779-1.1056,1.6106E2,6,3118,FF_T_2404_Pig_Rerun_Sample_F_S1-A6_1_499.d,1,1,42,57,,,PEAKS DB
5,9,P27917|APOC3_PIG,Q.DALTSVKESEVAQ.Q,Y,48.34,1375.6831,13,1.7,688.8466,2,17.25,0.9766-1.0045,1.102E2,6,2939,FF_T_2404_Pig_Rerun_Sample_F_S1-A6_1_499.d,1,1,45,57,,,PEAKS DB
5,9,P27917|APOC3_PIG,R.TAQDALTSVKESEV.A,Y,48.00,1476.7307,14,0.7,739.3695,2,19.63,1.0056-1.0334,0,6,3285,FF_T_2404_Pig_Rerun_Sample_F_S1-A6_1_499.d,0,0,42,55,,,PEAKS DB
5,9,P27917|APOC3_PIG,A.EDTSLLDKM(+15.99)QD.Y,Y,47.71,1309.5708,11,5.5,655.7930,2,13.68,0.9477-0.9755,0,6,2278,FF_T_2404_Pig_Rerun_Sample_F_S1-A6_1_499.d,0,0,24,34,Oxidation (M),M9:Oxidation (M):1000.00,PEAKS DB
5,9,P27917|APOC3_PIG,F.TDFWDYTPKPEPSSS,Y,47.61,1755.7627,15,2.9,878.8868,2,29.72,1.0512-1.0790,0,6,4959,FF_T_2404_Pig_Rerun_Sample_F_S1-A6_1_499.d,0,0,82,96,,,PEAKS DB
5,9,P27917|APOC3_PIG,F.WDYTPKPEPSSS,Y,47.08,1392.6198,12,7.0,697.3186,2,16.83,0.9599-0.9878,2.7528E2,6,2868,FF_T_2404_Pig_Rerun_Sample_F_S1-A6_1_499.d,1,1,85,96,,,PEAKS DB
5,9,P27917|APOC3_PIG,A.EDTSLLDKM(+15.99)QDYV.K,Y,46.23,1571.7025,13,1.0,786.8554,2,23.94,1.0479-1.0756,0,6,3932,FF_T_2404_Pig_Rerun_Sample_F_S1-A6_1_499.d,0,0,24,36,Oxidation (M),M9:Oxidation (M):1000.00,PEAKS DB
5,9,P27917|APOC3_PIG,A.TRTAQDALTSVKESEVAQQA.R,Y,45.66,2132.0708,20,2.9,711.6961,3,18.44,0.8997-0.9276,4.5162E2,6,3155,FF_T_2404_Pig_Rerun_Sample_F_S1-A6_1_499.d,1,1,40,59,,,PEAKS DB
5,9,P27917|APOC3_PIG,W.DYTPKPEPSSS,Y,45.41,1206.5404,11,1.6,604.2755,2,9.07,0.8829-0.9108,1.6796E3,6,1337,FF_T_2404_Pig_Rerun_Sample_F_S1-A6_1_499.d,1,1,86,96,,,PEAKS DB
5,9,P27917|APOC3_PIG,K.FTDFWDYTPKPEPSSS,Y,45.25,1902.8312,16,6.1,952.4240,2,40.80,1.1355-1.1632,1.9806E3,6,12139,FF_T_2404_Pig_Rerun_Sample_F_S1-A6_1_499.d,1,1,81,96,,,PEAKS DB
5,9,P27917|APOC3_PIG,A.QDALTSVKESEVAQQA.R,Y,45.22,1702.8373,16,3.5,852.4247,2,18.49,1.0856-1.1134,1.2385E3,6,3158,FF_T_2404_Pig_Rerun_Sample_F_S1-A6_1_499.d,1,1,44,59,,,PEAKS DB
5,9,P27917|APOC3_PIG,R.TAQDALTSVKESEVA.Q,Y,45.12,1547.7678,15,1.8,774.8888,2,19.33,1.0290-1.0568,5.6235E1,6,3253,FF_T_2404_Pig_Rerun_Sample_F_S1-A6_1_499.d,1,1,42,56,,,PEAKS DB
5,9,P27917|APOC3_PIG,A.QDALTSVKESEVAQ.Q,Y,42.26,1503.7416,14,6.0,752.8788,2,16.64,1.0279-1.0556,0,6,2826,FF_T_2404_Pig_Rerun_Sample_F_S1-A6_1_499.d,0,0,44,57,,,PEAKS DB
5,9,P27917|APOC3_PIG,D.FWDYTPKPEPSSS,Y,41.63,1539.6881,13,5.7,770.8519,2,23.51,1.0145-1.0423,0,6,3877,FF_T_2404_Pig_Rerun_Sample_F_S1-A6_1_499.d,0,0,84,96,,,PEAKS DB
5,9,P27917|APOC3_PIG,K.FTDFWDYTPKPEPS.S,Y,40.94,1728.7671,14,3.5,865.3896,2,41.18,1.0978-1.1256,1.9165E2,6,12749,FF_T_2404_Pig_Rerun_Sample_F_S1-A6_1_499.d,1,1,81,94,,,PEAKS DB
5,9,P27917|APOC3_PIG,T.SVKESEVAQQA.R,Y,40.58,1174.5830,11,-1.7,588.2949,2,7.45,0.8572-0.8852,2.3059E2,6,1041,FF_T_2404_Pig_Rerun_Sample_F_S1-A6_1_499.d,1,1,49,59,,,PEAKS DB
5,9,P27917|APOC3_PIG,D.YTPKPEPSSS,Y,40.26,1091.5134,10,1.0,546.7618,2,6.61,0.8326-0.8606,6.6157E1,6,819,FF_T_2404_Pig_Rerun_Sample_F_S1-A6_1_499.d,1,1,87,96,,,PEAKS DB
5,9,P27917|APOC3_PIG,A.EDTSLLDKM(+15.99)QDYVKQ.A,Y,40.18,1827.8560,15,0.2,610.2897,3,17.57,0.8147-0.8427,0,6,3009,FF_T_2404_Pig_Rerun_Sample_F_S1-A6_1_499.d,0,0,24,38,Oxidation (M),M9:Oxidation (M):1000.00,PEAKS DB
5,9,P27917|APOC3_PIG,Y.TPKPEPSSS,Y,39.66,928.4501,9,-2.9,465.2287,2,4.80,0.7597-0.7878,0,6,236,FF_T_2404_Pig_Rerun_Sample_F_S1-A6_1_499.d,0,0,88,96,,,PEAKS DB
5,9,P27917|APOC3_PIG,W.DYTPKPEPS.S,Y,39.66,1032.4763,9,-2.8,517.2415,2,9.34,0.8281-0.8561,1.1203E3,6,1434,FF_T_2404_Pig_Rerun_Sample_F_S1-A6_1_499.d,2,2,86,94,,,PEAKS DB
5,9,P27917|APOC3_PIG,E.DTSLLDKM(+15.99)QDYVKQAT.R,Y,38.57,1870.8982,16,-1.8,624.6358,3,21.11,0.8281-0.8561,4.4646E2,6,3524,FF_T_2404_Pig_Rerun_Sample_F_S1-A6_1_499.d,2,2,25,40,Oxidation (M),M8:Oxidation (M):1000.00,PEAKS DB
5,9,P27917|APOC3_PIG,L.TSVKESEVAQQA.R,Y,37.15,1275.6306,12,4.2,638.8221,2,8.35,0.9108-0.9387,1.0975E3,6,1216,FF_T_2404_Pig_Rerun_Sample_F_S1-A6_1_499.d,1,1,48,59,,,PEAKS DB
5,9,P27917|APOC3_PIG,D.YTPKPEPS.S,Y,35.98,917.4494,8,-1.0,459.7292,2,6.68,0.7911-0.8192,0,6,839,FF_T_2404_Pig_Rerun_Sample_F_S1-A6_1_499.d,0,0,87,94,,,PEAKS DB
5,9,P27917|APOC3_PIG,L.TSVKESEVAQ.Q,Y,35.68,1076.5349,10,0.6,539.2724,2,6.50,0.8404-0.8684,3.2305E2,6,774,FF_T_2404_Pig_Rerun_Sample_F_S1-A6_1_499.d,1,1,48,57,,,PEAKS DB
5,9,P27917|APOC3_PIG,A.LTSVKESEVAQQA.R,Y,35.37,1388.7147,13,-0.7,695.3607,2,11.87,0.9577-0.9856,0,6,2000,FF_T_2404_Pig_Rerun_Sample_F_S1-A6_1_499.d,0,0,47,59,,,PEAKS DB
5,9,P27917|APOC3_PIG,A.EDTSLLDKM(+15.99)QDYVKQA.T,Y,32.25,1898.8931,16,3.1,633.9705,3,19.34,0.8180-0.8460,1.1674E2,6,3252,FF_T_2404_Pig_Rerun_Sample_F_S1-A6_1_499.d,1,1,24,39,Oxidation (M),M9:Oxidation (M):1000.00,PEAKS DB
5,9,P27917|APOC3_PIG,A.EDTSLLDKM(+15.99)QDYVKQATRTAQDALTSVKESEVAQQA.R,Y,31.50,4012.9534,36,3.4,1004.2441,4,41.58,1.0879-1.1156,0,6,13471,FF_T_2404_Pig_Rerun_Sample_F_S1-A6_1_499.d,0,0,24,59,Oxidation (M),M9:Oxidation (M):1000.00,PEAKS DB
2,30,tr|F1RX37|F1RX37_PIG,L.RPVAPPISAGGYQPRPA.K,Y,57.88,1732.9373,17,1.2,578.6509,3,17.66,0.8583-0.8863,1.0312E3,6,3022,FF_T_2404_Pig_Rerun_Sample_F_S1-A6_1_499.d,2,2,64,80,,,PEAKS DB
2,30,tr|F1RX37|F1RX37_PIG,V.APPISAGGYQPRPA.K,Y,57.75,1380.7150,14,1.4,691.3623,2,16.31,0.9789-1.0067,2.4023E3,6,2766,FF_T_2404_Pig_Rerun_Sample_F_S1-A6_1_499.d,1,1,67,80,,,PEAKS DB
2,30,tr|F1RX37|F1RX37_PIG,E.EAPSLRPVAPPISAGGYQPRPA.K,Y,55.27,2230.1858,22,2.3,744.4006,3,24.90,0.9008-0.9287,6.3256E2,6,4072,FF_T_2404_Pig_Rerun_Sample_F_S1-A6_1_499.d,1,1,59,80,,,PEAKS DB
2,30,tr|F1RX37|F1RX37_PIG,R.EEAPSLRPVAPPISAGGYQPRPA.K,Y,53.55,2359.2283,23,5.4,787.4171,3,40.65,0.9499-0.9778,2.664E3,6,11837,FF_T_2404_Pig_Rerun_Sample_F_S1-A6_1_499.d,2,2,58,80,,,PEAKS DB
2,30,tr|F1RX37|F1RX37_PIG,D.YDEDEDGRPK.V,Y,52.60,1222.5101,10,9.9,612.2654,2,4.86,0.9008-0.9287,0,6,260,FF_T_2404_Pig_Rerun_Sample_F_S1-A6_1_499.d,0,0,33,42,,,PEAKS DB
2,30,tr|F1RX37|F1RX37_PIG,R.EEAPSLRPVAPPISAGGYQPRP.A,Y,52.52,2288.1912,22,3.2,763.7363,3,25.75,0.9231-0.9510,4.6544E3,6,4187,FF_T_2404_Pig_Rerun_Sample_F_S1-A6_1_499.d,2,2,58,79,,,PEAKS DB
2,30,tr|F1RX37|F1RX37_PIG,D.YDEDEDGRPKVHVDA.R,Y,52.13,1743.7699,15,2.4,582.2625,3,41.16,0.8382-0.8662,2.2018E5,6,12525,FF_T_2404_Pig_Rerun_Sample_F_S1-A6_1_499.d,12,12,33,47,,,PEAKS DB
2,30,tr|F1RX37|F1RX37_PIG,Y.DEDEDGRPKV.H,Y,51.07,1158.5153,10,1.2,580.2628,2,34.93,0.8729-0.9008,1.5753E4,6,6412,FF_T_2404_Pig_Rerun_Sample_F_S1-A6_1_499.d,7,7,34,43,,,PEAKS DB
2,30,tr|F1RX37|F1RX37_PIG,D.YDEDEDGRPKV.H,Y,50.04,1321.5786,11,-6.1,441.5286,3,8.42,0.7249-0.7530,0,6,1242,FF_T_2404_Pig_Rerun_Sample_F_S1-A6_1_499.d,0,0,33,43,,,PEAKS DB
2,30,tr|F1RX37|F1RX37_PIG,D.YDEDEDGRP.K,Y,49.81,1094.4152,9,0.6,548.2125,2,6.54,0.8281-0.8561,8.2139E3,6,769,FF_T_2404_Pig_Rerun_Sample_F_S1-A6_1_499.d,4,4,33,41,,,PEAKS DB
2,30,tr|F1RX37|F1RX37_PIG,E.EAPSLRPVAPPISAGGYQPRP.A,Y,48.82,2159.1487,21,1.2,720.7208,3,25.37,0.8874-0.9153,1.5511E3,6,4134,FF_T_2404_Pig_Rerun_Sample_F_S1-A6_1_499.d,2,2,59,79,,,PEAKS DB
2,30,tr|F1RX37|F1RX37_PIG,L.RPVAPPISAGGYQPRP.A,Y,47.81,1661.9001,16,5.5,554.9743,3,18.21,0.8158-0.8438,0,6,3128,FF_T_2404_Pig_Rerun_Sample_F_S1-A6_1_499.d,0,0,64,79,,,PEAKS DB
2,30,tr|F1RX37|F1RX37_PIG,Y.DEDEDGRPKVHVDA.R,Y,47.59,1580.7067,14,0.0,527.9069,3,9.36,0.7788-0.8068,5.7228E5,6,1356,FF_T_2404_Pig_Rerun_Sample_F_S1-A6_1_499.d,6,6,34,47,,,PEAKS DB
2,30,tr|F1RX37|F1RX37_PIG,Y.DEDEDGRPKVH.V,Y,47.25,1295.5742,11,2.1,648.7925,2,4.75,0.9108-0.9387,4.4396E4,6,202,FF_T_2404_Pig_Rerun_Sample_F_S1-A6_1_499.d,4,4,34,44,,,PEAKS DB
2,30,tr|F1RX37|F1RX37_PIG,A.AIDYDEDEDGRPKVHVDA.R,Y,46.82,2042.9181,18,3.7,681.9791,3,15.21,0.8974-0.9254,2.7651E4,6,2507,FF_T_2404_Pig_Rerun_Sample_F_S1-A6_1_499.d,3,3,30,47,,,PEAKS DB
2,30,tr|F1RX37|F1RX37_PIG,E.DEDGRPKV.H,Y,44.17,914.4457,8,-2.8,458.2266,2,36.15,0.7900-0.8180,3.5644E4,6,7956,FF_T_2404_Pig_Rerun_Sample_F_S1-A6_1_499.d,3,3,36,43,,,PEAKS DB
2,30,tr|F1RX37|F1RX37_PIG,D.EDEDGRPKV.H,Y,44.15,1043.4883,9,1.4,522.7496,2,5.83,0.8102-0.8382,2.1935E2,6,614,FF_T_2404_Pig_Rerun_Sample_F_S1-A6_1_499.d,1,1,35,43,,,PEAKS DB
2,30,tr|F1RX37|F1RX37_PIG,I.DYDEDEDGRPKVH.V,Y,42.94,1573.6644,13,1.9,525.5605,3,6.80,0.7844-0.8124,0,6,879,FF_T_2404_Pig_Rerun_Sample_F_S1-A6_1_499.d,0,0,32,44,,,PEAKS DB
2,30,tr|F1RX37|F1RX37_PIG,D.YDEDEDGRPKVH.V,Y,41.99,1458.6375,12,-4.4,487.2152,3,6.40,0.7609-0.7889,7.3216E3,6,729,FF_T_2404_Pig_Rerun_Sample_F_S1-A6_1_499.d,3,3,33,44,,,PEAKS DB
2,30,tr|F1RX37|F1RX37_PIG,E.DEDGRPKVHVDA.R,Y,41.75,1336.6371,12,3.5,669.3248,2,40.56,0.9555-0.9833,3.1041E4,6,11802,FF_T_2404_Pig_Rerun_Sample_F_S1-A6_1_499.d,3,3,36,47,,,PEAKS DB
2,30,tr|F1RX37|F1RX37_PIG,Y.DEDEDGRPK.V,Y,41.25,1059.4468,9,1.6,530.7289,2,33.32,0.8382-0.8662,3.1721E3,6,5832,FF_T_2404_Pig_Rerun_Sample_F_S1-A6_1_499.d,3,3,34,42,,,PEAKS DB
2,30,tr|F1RX37|F1RX37_PIG,I.DYDEDEDGRPKVHVDA.R,Y,38.88,1858.7969,16,5.9,620.6068,3,11.76,0.8628-0.8907,4.0606E3,6,1966,FF_T_2404_Pig_Rerun_Sample_F_S1-A6_1_499.d,2,2,32,47,,,PEAKS DB
2,30,tr|F1RX37|F1RX37_PIG,D.EDEDGRPKVHVDA.R,Y,38.06,1465.6797,13,4.4,733.8467,2,40.96,0.9911-1.0190,7.0168E4,6,12323,FF_T_2404_Pig_Rerun_Sample_F_S1-A6_1_499.d,4,4,35,47,,,PEAKS DB
2,30,tr|F1RX37|F1RX37_PIG,Y.DEDEDGRP.K,Y,37.96,931.3519,8,-3.5,466.6793,2,4.74,0.7698-0.7979,8.6902E2,6,189,FF_T_2404_Pig_Rerun_Sample_F_S1-A6_1_499.d,1,1,34,41,,,PEAKS DB
2,30,tr|F1RX37|F1RX37_PIG,D.EDGRPKV.H,Y,35.12,799.4188,7,-0.6,400.7144,2,4.93,0.7395-0.7676,2.5912E2,6,302,FF_T_2404_Pig_Rerun_Sample_F_S1-A6_1_499.d,1,1,37,43,,,PEAKS DB
2,30,tr|F1RX37|F1RX37_PIG,D.EDGRPKVHVD.A,Y,34.81,1150.5730,10,-3.8,384.5283,3,7.77,0.7159-0.7440,0,6,1123,FF_T_2404_Pig_Rerun_Sample_F_S1-A6_1_499.d,0,0,37,46,,,PEAKS DB
2,30,tr|F1RX37|F1RX37_PIG,E.DEDGRPK.V,Y,34.18,815.3773,7,-5.7,408.6916,2,2.13,0.7407-0.7687,0,6,40,FF_T_2404_Pig_Rerun_Sample_F_S1-A6_1_499.d,0,0,36,42,,,PEAKS DB
2,30,tr|F1RX37|F1RX37_PIG,Y.DEDEDGRPKVHVD.A,Y,33.86,1509.6696,13,-4.0,504.2260,3,7.63,0.7788-0.8068,2.5896E2,6,1085,FF_T_2404_Pig_Rerun_Sample_F_S1-A6_1_499.d,1,1,34,46,,,PEAKS DB
2,30,tr|F1RX37|F1RX37_PIG,R.EEAPSLRPV.A,Y,33.52,996.5240,9,-2.9,499.2654,2,16.87,0.8091-0.8371,0,6,2891,FF_T_2404_Pig_Rerun_Sample_F_S1-A6_1_499.d,0,0,58,66,,,PEAKS DB
2,30,tr|F1RX37|F1RX37_PIG,A.IDYDEDEDGRPKVHVDA.R,Y,32.81,1971.8810,17,3.0,658.2997,3,14.20,0.8740-0.9019,1.8172E2,6,2367,FF_T_2404_Pig_Rerun_Sample_F_S1-A6_1_499.d,1,1,31,47,,,PEAKS DB
2,30,tr|F1RX37|F1RX37_PIG,Y.DEDEDGRPKVHV.D,Y,31.67,1394.6426,12,-8.4,465.8820,3,8.69,0.7676-0.7956,0,6,1289,FF_T_2404_Pig_Rerun_Sample_F_S1-A6_1_499.d,0,0,34,45,,,PEAKS DB
3,2,P01965|HBA_PIG,L.RVDPVNFKLLSH.C,Y,55.96,1423.7936,12,-5.0,475.6004,3,41.64,0.7979-0.8259,2.1809E3,6,13579,FF_T_2404_Pig_Rerun_Sample_F_S1-A6_1_499.d,1,1,92,103,,,PEAKS DB
3,2,P01965|HBA_PIG,K.VGGQAGAHGAEALE.R,Y,54.17,1265.6000,14,2.7,633.8058,2,10.73,0.9175-0.9454,2.6575E4,6,1647,FF_T_2404_Pig_Rerun_Sample_F_S1-A6_1_499.d,4,4,17,30,,,PEAKS DB
3,2,P01965|HBA_PIG,K.VGGQAGAHGAEAL.E,Y,52.62,1136.5574,13,2.0,569.2843,2,10.78,0.8684-0.8963,2.6805E3,6,1697,FF_T_2404_Pig_Rerun_Sample_F_S1-A6_1_499.d,1,1,17,29,,,PEAKS DB
3,2,P01965|HBA_PIG,VLSAADKANVKAA.W,Y,50.94,1256.7087,13,2.5,629.3601,2,9.22,0.9220-0.9499,1.0506E4,6,1398,FF_T_2404_Pig_Rerun_Sample_F_S1-A6_1_499.d,5,5,1,13,,,PEAKS DB
3,2,P01965|HBA_PIG,F.LANVSTVLTSKYR,Y,48.62,1450.8143,13,4.3,726.4140,2,41.18,1.0812-1.1089,1.4872E3,6,12651,FF_T_2404_Pig_Rerun_Sample_F_S1-A6_1_499.d,2,2,129,141,,,PEAKS DB
3,2,P01965|HBA_PIG,VLSAADKANVKA.A,Y,47.15,1185.6716,12,0.1,593.8402,2,9.23,0.9120-0.9399,5.7483E3,6,1402,FF_T_2404_Pig_Rerun_Sample_F_S1-A6_1_499.d,3,3,1,12,,,PEAKS DB
3,2,P01965|HBA_PIG,K.VGGQAGAHGAEA.L,Y,46.50,1023.4733,12,4.4,512.7437,2,4.88,0.8035-0.8315,0,6,277,FF_T_2404_Pig_Rerun_Sample_F_S1-A6_1_499.d,0,0,17,28,,,PEAKS DB
3,2,P01965|HBA_PIG,N.VSTVLTSKYR,Y,46.28,1152.6503,10,3.1,577.3314,2,12.13,0.9242-0.9521,5.6324E3,6,2053,FF_T_2404_Pig_Rerun_Sample_F_S1-A6_1_499.d,3,3,132,141,,,PEAKS DB
3,2,P01965|HBA_PIG,W.GKVGGQAGAHGAEALER.M,Y,45.00,1606.8175,17,-5.8,536.6074,3,7.18,0.7945-0.8225,6.5745E2,6,971,FF_T_2404_Pig_Rerun_Sample_F_S1-A6_1_499.d,1,1,15,31,,,PEAKS DB
3,2,P01965|HBA_PIG,V.GGQAGAHGAEALE.R,Y,44.61,1166.5316,13,1.5,584.2711,2,8.59,0.8337-0.8617,1.3575E3,6,1259,FF_T_2404_Pig_Rerun_Sample_F_S1-A6_1_499.d,1,1,18,30,,,PEAKS DB
3,2,P01965|HBA_PIG,A.LSDLHAHKL.R,Y,43.88,1032.5717,9,-3.2,517.2889,2,41.64,0.8852-0.9131,0,6,13644,FF_T_2404_Pig_Rerun_Sample_F_S1-A6_1_499.d,0,0,83,91,,,PEAKS DB
3,2,P01965|HBA_PIG,L.DDLPGALSALSDLHAH.K,Y,43.85,1630.7950,16,7.2,816.4067,2,41.58,1.1599-1.1876,0,6,13460,FF_T_2404_Pig_Rerun_Sample_F_S1-A6_1_499.d,0,0,74,89,,,PEAKS DB
3,2,P01965|HBA_PIG,V.GGQAGAHGAEAL.E,Y,43.83,1037.4890,12,-6.0,519.7461,2,8.69,0.8124-0.8404,0,6,1288,FF_T_2404_Pig_Rerun_Sample_F_S1-A6_1_499.d,0,0,18,29,,,PEAKS DB
3,2,P01965|HBA_PIG,K.VGGQAGAHGAEALERM(+15.99).F,Y,42.25,1568.7365,16,-2.4,523.9156,3,9.17,0.8147-0.8427,0,6,1399,FF_T_2404_Pig_Rerun_Sample_F_S1-A6_1_499.d,0,0,17,32,Oxidation (M),M16:Oxidation (M):1000.00,PEAKS DB
3,2,P01965|HBA_PIG,VLSAADKANVK.A,Y,40.74,1114.6345,11,4.0,558.3240,2,7.34,0.8829-0.9108,8.8426E3,6,994,FF_T_2404_Pig_Rerun_Sample_F_S1-A6_1_499.d,3,3,1,11,,,PEAKS DB
3,2,P01965|HBA_PIG,K.VGGQAGAHGAEALER.M,Y,40.56,1421.7010,15,-2.4,474.9041,3,8.36,0.7474-0.7754,0,6,1228,FF_T_2404_Pig_Rerun_Sample_F_S1-A6_1_499.d,0,0,17,31,,,PEAKS DB
3,2,P01965|HBA_PIG,A.VGHLDDLPGALSAL.S,Y,39.06,1376.7300,14,4.9,689.3723,2,41.66,1.0000-1.0279,0,6,13677,FF_T_2404_Pig_Rerun_Sample_F_S1-A6_1_499.d,0,0,70,83,,,PEAKS DB
3,2,P01965|HBA_PIG,V.GHLDDLPGALSA.L,Y,38.68,1164.5775,12,2.3,583.2945,2,26.24,0.8885-0.9164,8.2883E2,6,4246,FF_T_2404_Pig_Rerun_Sample_F_S1-A6_1_499.d,2,2,71,82,,,PEAKS DB
3,2,P01965|HBA_PIG,N.VSTVLTSKY.R,Y,38.53,996.5491,9,0.4,499.2796,2,17.31,0.8326-0.8606,2.1212E2,6,2947,FF_T_2404_Pig_Rerun_Sample_F_S1-A6_1_499.d,1,1,132,140,,,PEAKS DB
3,2,P01965|HBA_PIG,A.WGKVGGQAGAHGAEALE.R,Y,38.29,1636.7957,17,0.5,546.6034,3,14.93,0.7766-0.8046,8.6497E2,6,2463,FF_T_2404_Pig_Rerun_Sample_F_S1-A6_1_499.d,1,1,14,30,,,PEAKS DB
3,2,P01965|HBA_PIG,VLSAADKANVKAAWGKVGGQAGA.H,Y,37.29,2168.1702,23,7.7,723.7327,3,41.54,0.9789-1.0067,0,6,13382,FF_T_2404_Pig_Rerun_Sample_F_S1-A6_1_499.d,0,0,1,23,,,PEAKS DB
3,2,P01965|HBA_PIG,G.HLDDLPGALSALSDLHAH.K,Y,36.60,1880.9380,18,2.8,627.9853,3,41.70,0.9811-1.0089,0,6,13796,FF_T_2404_Pig_Rerun_Sample_F_S1-A6_1_499.d,0,0,72,89,,,PEAKS DB
3,2,P01965|HBA_PIG,V.STVLTSKYR,Y,36.39,1053.5818,9,1.4,527.7963,2,39.76,0.8829-0.9108,1.0224E3,6,10816,FF_T_2404_Pig_Rerun_Sample_F_S1-A6_1_499.d,1,1,133,141,,,PEAKS DB
3,2,P01965|HBA_PIG,W.GKVGGQAGAHGAEALE.R,Y,36.38,1450.7164,16,2.8,726.3640,2,8.42,0.9856-1.0134,8.9014E3,6,1238,FF_T_2404_Pig_Rerun_Sample_F_S1-A6_1_499.d,3,3,15,30,,,PEAKS DB
3,2,P01965|HBA_PIG,VLSAADKANV.K,Y,36.36,986.5396,10,2.7,494.2760,2,11.65,0.8068-0.8348,5.0563E2,6,1922,FF_T_2404_Pig_Rerun_Sample_F_S1-A6_1_499.d,1,1,1,10,,,PEAKS DB
3,2,P01965|HBA_PIG,M.FLGFPTTKT.Y,Y,36.32,1010.5436,9,-3.2,506.2750,2,41.02,0.8348-0.8628,2.1398E2,6,12484,FF_T_2404_Pig_Rerun_Sample_F_S1-A6_1_499.d,1,1,33,41,,,PEAKS DB
3,2,P01965|HBA_PIG,VLSAADKAN.V,Y,36.31,887.4712,9,-3.2,444.7393,2,6.22,0.7620-0.7900,2.9685E3,6,684,FF_T_2404_Pig_Rerun_Sample_F_S1-A6_1_499.d,1,1,1,9,,,PEAKS DB
3,2,P01965|HBA_PIG,H.LDDLPGALSA.L,Y,35.59,970.4971,10,2.2,486.2545,2,30.01,0.8147-0.8427,0,6,5010,FF_T_2404_Pig_Rerun_Sample_F_S1-A6_1_499.d,0,0,73,82,,,PEAKS DB
3,2,P01965|HBA_PIG,V.ADALTKAVGHLDDLPGALSA.L,Y,35.33,1934.0109,20,5.2,645.6777,3,41.56,0.8662-0.8941,0,6,13432,FF_T_2404_Pig_Rerun_Sample_F_S1-A6_1_499.d,0,0,63,82,,,PEAKS DB
3,2,P01965|HBA_PIG,K.AAWGKVGGQAGAHGAEALE.R,Y,35.16,1778.8699,19,1.9,593.9621,3,17.33,0.8102-0.8382,0,6,2957,FF_T_2404_Pig_Rerun_Sample_F_S1-A6_1_499.d,0,0,12,30,,,PEAKS DB
3,2,P01965|HBA_PIG,M.FLGFPTTK.T,Y,35.10,909.4960,8,-4.2,455.7511,2,29.01,0.7945-0.8225,0,6,4828,FF_T_2404_Pig_Rerun_Sample_F_S1-A6_1_499.d,0,0,33,40,,,PEAKS DB
3,2,P01965|HBA_PIG,A.VGHLDDLPGALSA.L,Y,34.89,1263.6459,13,3.9,632.8295,2,28.33,0.9298-0.9577,3.4283E3,6,4698,FF_T_2404_Pig_Rerun_Sample_F_S1-A6_1_499.d,2,2,70,82,,,PEAKS DB
3,2,P01965|HBA_PIG,VLSAADKA.N,Y,33.16,773.4283,8,-13.2,387.7144,2,7.25,0.7126-0.7407,0,6,986,FF_T_2404_Pig_Rerun_Sample_F_S1-A6_1_499.d,0,0,1,8,,,PEAKS DB
3,2,P01965|HBA_PIG,G.KVGGQAGAHGAEALE.R,Y,32.98,1393.6949,15,1.7,697.8525,2,39.43,0.9822-1.0101,1.9152E3,6,10391,FF_T_2404_Pig_Rerun_Sample_F_S1-A6_1_499.d,1,1,16,30,,,PEAKS DB
3,2,P01965|HBA_PIG,A.AWGKVGGQAGAHGAEALE.R,Y,32.77,1707.8328,18,-4.8,570.2793,3,16.03,0.7923-0.8203,0,6,2717,FF_T_2404_Pig_Rerun_Sample_F_S1-A6_1_499.d,0,0,13,30,,,PEAKS DB
3,2,P01965|HBA_PIG,G.GQAGAHGAEALE.R,Y,32.69,1109.5101,12,1.0,555.7601,2,8.48,0.8404-0.8684,3.9079E2,6,1246,FF_T_2404_Pig_Rerun_Sample_F_S1-A6_1_499.d,1,1,19,30,,,PEAKS DB
3,2,P01965|HBA_PIG,L.RVDPVNF.K,Y,32.15,845.4395,7,-4.6,423.7230,2,20.15,0.7631-0.7911,0,6,3356,FF_T_2404_Pig_Rerun_Sample_F_S1-A6_1_499.d,0,0,92,98,,,PEAKS DB
1,1,tr|F1RX36|F1RX36_PIG,A.EVQDKGEFLAEGGGV.R,Y,58.00,1533.7311,15,3.8,767.8719,2,22.64,1.0334-1.0612,6.836E3,6,3748,FF_T_2404_Pig_Rerun_Sample_F_S1-A6_1_499.d,3,3,48,62,,,PEAKS DB
1,1,tr|F1RX36|F1RX36_PIG,M.AEVQDKGEFLAEGGGV.R,Y,57.04,1604.7682,16,4.5,803.3910,2,23.08,1.0556-1.0834,5.9197E4,6,3773,FF_T_2404_Pig_Rerun_Sample_F_S1-A6_1_499.d,14,14,47,62,,,PEAKS DB
1,1,tr|F1RX36|F1RX36_PIG,A.EVQDKGEFLAEGGGVR.G,Y,54.62,1689.8322,16,0.7,564.2823,3,16.82,0.8606-0.8885,2.2421E5,6,2860,FF_T_2404_Pig_Rerun_Sample_F_S1-A6_1_499.d,7,7,48,63,,,PEAKS DB
1,1,tr|F1RX36|F1RX36_PIG,Q.DKGEFLAEGGGV.R,Y,53.50,1177.5615,12,1.8,589.7862,2,22.88,0.8963-0.9242,8.5628E4,6,3720,FF_T_2404_Pig_Rerun_Sample_F_S1-A6_1_499.d,1,1,51,62,,,PEAKS DB
1,1,tr|F1RX36|F1RX36_PIG,P.DGPEYSSSSKISS.H,Y,52.69,1342.5889,13,8.6,672.3042,2,9.99,0.9242-0.9521,2.939E1,6,1555,FF_T_2404_Pig_Rerun_Sample_F_S1-A6_1_499.d,1,1,623,635,,,PEAKS DB
1,1,tr|F1RX36|F1RX36_PIG,E.VQDKGEFLAEGGGV.R,Y,49.11,1404.6885,14,5.4,703.3519,2,25.98,0.9778-1.0056,4.83E4,6,4217,FF_T_2404_Pig_Rerun_Sample_F_S1-A6_1_499.d,8,8,49,62,,,PEAKS DB
1,1,tr|F1RX36|F1RX36_PIG,M.AEVQDKGEFLAEGGGVR.G,Y,48.20,1760.8693,17,-0.3,587.9606,3,17.25,0.8225-0.8505,3.9505E4,6,2937,FF_T_2404_Pig_Rerun_Sample_F_S1-A6_1_499.d,5,5,47,63,,,PEAKS DB
1,1,tr|F1RX36|F1RX36_PIG,V.QDKGEFLAEGGGV.R,Y,47.21,1305.6200,13,1.7,653.8152,2,21.20,0.9432-0.9711,1.6511E4,6,3587,FF_T_2404_Pig_Rerun_Sample_F_S1-A6_1_499.d,3,3,50,62,,,PEAKS DB
1,1,tr|F1RX36|F1RX36_PIG,Q.DKGEFLAEGGGVR.G,Y,45.96,1333.6626,13,3.3,667.8375,2,15.85,0.9488-0.9766,1.1423E5,6,2603,FF_T_2404_Pig_Rerun_Sample_F_S1-A6_1_499.d,6,6,51,63,,,PEAKS DB
1,1,tr|F1RX36|F1RX36_PIG,D.KGEFLAEGGGV.R,Y,44.16,1062.5345,11,-2.1,532.2708,2,20.61,0.8393-0.8673,6.5814E3,6,3407,FF_T_2404_Pig_Rerun_Sample_F_S1-A6_1_499.d,4,4,52,62,,,PEAKS DB
1,1,tr|F1RX36|F1RX36_PIG,E.VQDKGEFLAEGGGVR.G,Y,43.17,1560.7896,15,-1.7,521.2670,3,15.53,0.8505-0.8784,1.0681E4,6,2578,FF_T_2404_Pig_Rerun_Sample_F_S1-A6_1_499.d,4,4,49,63,,,PEAKS DB
1,1,tr|F1RX36|F1RX36_PIG,K.EVSGSVSPGTKSEVHTS.K,Y,42.83,1686.8060,17,-0.4,563.2729,3,7.61,0.7844-0.8124,1.1341E3,6,1072,FF_T_2404_Pig_Rerun_Sample_F_S1-A6_1_499.d,1,1,481,497,,,PEAKS DB
1,1,tr|F1RX36|F1RX36_PIG,D.KGEFLAEGGGVR.G,Y,42.32,1218.6356,12,-10.8,407.2128,3,13.84,0.7249-0.7530,2.7874E3,6,2306,FF_T_2404_Pig_Rerun_Sample_F_S1-A6_1_499.d,1,1,52,63,,,PEAKS DB
1,1,tr|F1RX36|F1RX36_PIG,K.M(+15.99)EDEADSEEGLDLKGGHV.I,Y,41.90,1945.8210,18,-4.6,649.6081,3,17.52,0.9287-0.9566,0,6,2999,FF_T_2404_Pig_Rerun_Sample_F_S1-A6_1_499.d,0,0,659,676,Oxidation (M),M1:Oxidation (M):1000.00,PEAKS DB
1,1,tr|F1RX36|F1RX36_PIG,K.M(+15.99)EDEADSEEGLD.L,Y,41.74,1354.4718,12,5.4,678.2435,2,11.56,0.9265-0.9544,0,6,1870,FF_T_2404_Pig_Rerun_Sample_F_S1-A6_1_499.d,0,0,659,670,Oxidation (M),M1:Oxidation (M):1000.00,PEAKS DB
1,1,tr|F1RX36|F1RX36_PIG,R.DETSLSRDP.F,Y,41.53,1018.4567,9,-3.2,510.2315,2,9.41,0.8080-0.8359,1.7653E2,6,1433,FF_T_2404_Pig_Rerun_Sample_F_S1-A6_1_499.d,1,1,583,591,,,PEAKS DB
1,1,tr|F1RX36|F1RX36_PIG,I.SPLPDITPADF.K,Y,41.25,1171.5760,11,1.6,586.7933,2,37.54,0.9041-0.9321,6.9335E2,6,8523,FF_T_2404_Pig_Rerun_Sample_F_S1-A6_1_499.d,1,1,255,265,,,PEAKS DB
1,1,tr|F1RX36|F1RX36_PIG,G.EFLAEGGGVR.G,Y,40.53,1033.5192,10,-1.7,517.7634,2,17.50,0.8203-0.8483,1.6294E4,6,2955,FF_T_2404_Pig_Rerun_Sample_F_S1-A6_1_499.d,4,4,54,63,,,PEAKS DB
1,1,tr|F1RX36|F1RX36_PIG,K.TINREGGAVES.K,Y,38.04,1131.5520,11,1.5,566.7813,2,6.58,0.8359-0.8639,3.726E3,6,780,FF_T_2404_Pig_Rerun_Sample_F_S1-A6_1_499.d,1,1,644,654,,,PEAKS DB
1,1,tr|F1RX36|F1RX36_PIG,V.QDKGEFLAEGGGVR.G,Y,37.85,1461.7212,14,-3.1,488.2438,3,14.78,0.8124-0.8404,5.1227E3,6,2438,FF_T_2404_Pig_Rerun_Sample_F_S1-A6_1_499.d,2,2,50,63,,,PEAKS DB
1,1,tr|F1RX36|F1RX36_PIG,M.VLERVGGDE.R,Y,37.46,972.4876,9,-1.0,487.2482,2,9.81,0.7956-0.8236,0,6,1519,FF_T_2404_Pig_Rerun_Sample_F_S1-A6_1_499.d,0,0,288,296,,,PEAKS DB
1,1,tr|F1RX36|F1RX36_PIG,K.GEFLAEGGGVR.G,Y,37.14,1090.5406,11,-3.0,546.2733,2,33.54,0.8662-0.8941,1.1054E4,6,5898,FF_T_2404_Pig_Rerun_Sample_F_S1-A6_1_499.d,5,5,53,63,,,PEAKS DB
1,1,tr|F1RX36|F1RX36_PIG,V.SGSVSPGTKSEVHTS.K,Y,35.99,1458.6951,15,1.8,487.2374,3,5.60,0.7384-0.7665,0,6,566,FF_T_2404_Pig_Rerun_Sample_F_S1-A6_1_499.d,0,0,483,497,,,PEAKS DB
1,1,tr|F1RX36|F1RX36_PIG,M.AEVQDKGEFL.A,Y,34.81,1134.5557,10,8.6,568.2872,2,20.06,0.8751-0.9030,0,6,3344,FF_T_2404_Pig_Rerun_Sample_F_S1-A6_1_499.d,0,0,47,56,,,PEAKS DB
1,1,tr|F1RX36|F1RX36_PIG,E.FLAEGGGVR.G,Y,31.44,904.4766,9,-2.5,453.2422,2,13.77,0.7833-0.8113,2.2368E3,6,2280,FF_T_2404_Pig_Rerun_Sample_F_S1-A6_1_499.d,1,1,55,63,,,PEAKS DB
1,1,tr|F1RX36|F1RX36_PIG,K.TINREGGAVE.S,Y,31.37,1044.5200,10,3.6,523.2666,2,6.72,0.8080-0.8359,0,6,854,FF_T_2404_Pig_Rerun_Sample_F_S1-A6_1_499.d,0,0,644,653,,,PEAKS DB
6,50,Q95JC9|PRP_PIG,A.RPPPGPPPPGPPPP.G,Y,44.11,1355.7349,14,1.9,678.8727,2,14.46,0.9856-1.0134,3.5081E3,6,2410,FF_T_2404_Pig_Rerun_Sample_F_S1-A6_1_499.d,1,1,78,91,,,PEAKS DB
6,50,Q95JC9|PRP_PIG,A.RPPPGPPPPGPPPPGP.A,Y,43.32,1509.8091,16,4.4,755.9114,2,15.90,1.0078-1.0356,6.2847E3,6,2566,FF_T_2404_Pig_Rerun_Sample_F_S1-A6_1_499.d,1,1,78,93,,,PEAKS DB
6,50,Q95JC9|PRP_PIG,P.APPGARPPPGPPPP.G,Y,41.85,1303.7036,14,5.3,652.8593,2,12.93,0.8852-0.9131,0,6,2177,FF_T_2404_Pig_Rerun_Sample_F_S1-A6_1_499.d,0,0,73,86,,,PEAKS DB
6,50,Q95JC9|PRP_PIG,R.PPPGPPPPGPPPPGP.A,Y,40.31,1353.7080,15,1.8,677.8591,2,20.16,0.9309-0.9588,3.3569E3,6,3321,FF_T_2404_Pig_Rerun_Sample_F_S1-A6_1_499.d,1,1,79,93,,,PEAKS DB
6,50,Q95JC9|PRP_PIG,A.RPPPPPPPPAD.E,Y,39.87,1136.5978,11,-4.1,569.3010,2,9.21,0.8572-0.8852,0,6,1410,FF_T_2404_Pig_Rerun_Sample_F_S1-A6_1_499.d,0,0,414,424,,,PEAKS DB
6,50,Q95JC9|PRP_PIG,P.SPPRPPPGPPP.Q,Y,38.30,1094.5872,11,-8.0,548.2938,2,10.93,0.8292-0.8572,0,6,1748,FF_T_2404_Pig_Rerun_Sample_F_S1-A6_1_499.d,0,0,665,675,,,PEAKS DB
6,50,Q95JC9|PRP_PIG,R.PPPGPPPPGPPPP.G,Y,37.74,1199.6338,13,1.4,600.8220,2,18.75,0.8740-0.9019,2.1183E4,6,3176,FF_T_2404_Pig_Rerun_Sample_F_S1-A6_1_499.d,3,3,79,91,,,PEAKS DB
6,50,Q95JC9|PRP_PIG,P.GPPPPGPPPP.G,Y,32.67,908.4755,10,-3.5,455.2412,2,13.84,0.7553-0.7833,2.9741E2,6,2301,FF_T_2404_Pig_Rerun_Sample_F_S1-A6_1_499.d,1,1,82,91,,,PEAKS DB
6,50,Q95JC9|PRP_PIG,P.PPGPAPPGARPPPGPPPPGPP.P,Y,32.23,1903.0104,21,-0.7,635.3405,3,18.41,0.9242-0.9521,3.3551E3,6,3169,FF_T_2404_Pig_Rerun_Sample_F_S1-A6_1_499.d,1,1,90,110,,,PEAKS DB
6,50,Q95JC9|PRP_PIG,P.APPGARPPPGPPPPGPPPPGP.A,Y,31.83,1903.0104,21,3.1,952.5107,2,18.43,1.1311-1.1588,1.9761E3,6,3151,FF_T_2404_Pig_Rerun_Sample_F_S1-A6_1_499.d,1,1,73,93,,,PEAKS DB
8,554,P02725|GLPA_PIG,Q.DTEDPPLTSVEIETPAS,Y,51.75,1799.8312,17,4.7,900.9227,2,31.24,1.0812-1.1089,9.8533E1,6,5248,FF_T_2404_Pig_Rerun_Sample_F_S1-A6_1_499.d,1,1,117,133,,,PEAKS DB
8,554,P02725|GLPA_PIG,T.ADPSELQDTEDPPLTSVEIETPAS,Y,46.96,2540.1653,24,-0.7,1271.0828,2,32.79,1.3024-1.3300,0,6,5643,FF_T_2404_Pig_Rerun_Sample_F_S1-A6_1_499.d,0,0,110,133,,,PEAKS DB
8,554,P02725|GLPA_PIG,T.EDPPLTSVEIETPAS,Y,46.57,1583.7566,15,1.1,792.8826,2,30.27,1.0356-1.0634,5.348E2,6,5046,FF_T_2404_Pig_Rerun_Sample_F_S1-A6_1_499.d,1,1,119,133,,,PEAKS DB
8,554,P02725|GLPA_PIG,E.DPPLTSVEIETPAS,Y,43.34,1454.7140,14,1.8,728.3620,2,30.41,1.0101-1.0379,9.0408E2,6,5094,FF_T_2404_Pig_Rerun_Sample_F_S1-A6_1_499.d,1,1,120,133,,,PEAKS DB
8,554,P02725|GLPA_PIG,D.TEDPPLTSVEIETPAS,Y,41.72,1684.8043,16,4.1,843.4088,2,30.24,1.0668-1.0945,1.4786E3,6,5036,FF_T_2404_Pig_Rerun_Sample_F_S1-A6_1_499.d,1,1,118,133,,,PEAKS DB
8,554,P02725|GLPA_PIG,N.TADPSELQDTEDPPLTSVEIETPAS,Y,37.23,2641.2129,25,6.5,1321.6158,2,32.72,1.3564-1.3839,0,6,5617,FF_T_2404_Pig_Rerun_Sample_F_S1-A6_1_499.d,0,0,109,133,,,PEAKS DB
9,45,Q95274|TYB4_PIG,K.ETIEQEKQAGES,Y,50.86,1347.6154,12,5.6,674.8154,2,6.29,0.9287-0.9566,0,6,715,FF_T_2404_Pig_Rerun_Sample_F_S1-A6_1_499.d,0,0,33,44,,,PEAKS DB
9,45,Q95274|TYB4_PIG,N.PLPSKETIEQEKQAGES,Y,39.93,1869.9319,17,-1.3,624.3140,3,11.79,0.8158-0.8438,1.2001E3,6,1979,FF_T_2404_Pig_Rerun_Sample_F_S1-A6_1_499.d,1,1,28,44,,,PEAKS DB
9,45,Q95274|TYB4_PIG,P.SKETIEQEKQAGES,Y,37.12,1562.7423,14,3.2,521.9205,3,5.27,0.7249-0.7530,0,6,460,FF_T_2404_Pig_Rerun_Sample_F_S1-A6_1_499.d,0,0,31,44,,,PEAKS DB
9,45,Q95274|TYB4_PIG,K.TETQEKNPLPSKETIEQEKQAGES,Y,35.53,2700.3088,24,3.3,676.0834,4,12.16,0.9142-0.9421,0,6,2071,FF_T_2404_Pig_Rerun_Sample_F_S1-A6_1_499.d,0,0,21,44,,,PEAKS DB
9,45,Q95274|TYB4_PIG,E.KNPLPSKETIEQEKQAGES,Y,33.12,2112.0698,19,3.8,705.0298,3,10.82,0.8572-0.8852,1.3643E3,6,1710,FF_T_2404_Pig_Rerun_Sample_F_S1-A6_1_499.d,1,1,26,44,,,PEAKS DB
9,45,Q95274|TYB4_PIG,Q.EKNPLPSKETIEQEKQAGES,Y,32.13,2241.1123,20,5.4,748.0450,3,40.91,0.8818-0.9097,0,6,12365,FF_T_2404_Pig_Rerun_Sample_F_S1-A6_1_499.d,0,0,25,44,,,PEAKS DB
12,26,P19619|ANXA1_PIG,I.DNEEQEYIKTV.K,Y,56.98,1366.6252,11,2.0,684.3179,2,20.08,0.9566-0.9844,1.7135E2,6,3347,FF_T_2404_Pig_Rerun_Sample_F_S1-A6_1_499.d,1,1,15,25,,,PEAKS DB
12,26,P19619|ANXA1_PIG,I.DNEEQEYIKT.V,Y,53.67,1267.5568,10,12.9,634.7907,2,14.39,0.9175-0.9454,0,6,2396,FF_T_2404_Pig_Rerun_Sample_F_S1-A6_1_499.d,0,0,15,24,,,PEAKS DB
12,26,P19619|ANXA1_PIG,D.NEEQEYIKT.V,Y,45.20,1152.5299,9,0.5,577.2697,2,12.47,0.8807-0.9086,0,6,2116,FF_T_2404_Pig_Rerun_Sample_F_S1-A6_1_499.d,0,0,16,24,,,PEAKS DB
7,5,P51525|PF12_PIG,R.FPPPNFPGPRFPPPNFPGPR.F,Y,40.55,2231.1428,20,4.9,744.7216,3,41.59,0.9231-0.9510,1.965E4,6,13408,FF_T_2404_Pig_Rerun_Sample_F_S1-A6_1_499.d,1,1,168,187,,,PEAKS DB
7,5,P51525|PF12_PIG,R.FPPPNFPGPR.F,Y,39.99,1124.5767,10,-0.2,563.2927,2,24.47,0.8348-0.8628,6.8171E4,6,4024,FF_T_2404_Pig_Rerun_Sample_F_S1-A6_1_499.d,13,13,168,177,,,PEAKS DB
7,5,P51525|PF12_PIG,R.QAFPPPNVPGPR.F,Y,38.72,1275.6724,12,-2.5,638.8387,2,28.13,0.9086-0.9365,0,6,4663,FF_T_2404_Pig_Rerun_Sample_F_S1-A6_1_499.d,0,0,146,157,,,PEAKS DB
7,5,P51525|PF12_PIG,F.PPPNFPGPRFPPPNFPGPR.F,Y,34.29,2084.0742,19,1.9,695.6966,3,41.52,0.8863-0.9142,4.1396E2,6,13299,FF_T_2404_Pig_Rerun_Sample_F_S1-A6_1_499.d,1,1,169,187,,,PEAKS DB
7,5,P51525|PF12_PIG,R.FPPPNFPGPRFPPPNFPGP.R,Y,32.32,2075.0417,19,-7.6,1038.5151,2,41.56,1.2163-1.2440,5.696E2,6,13402,FF_T_2404_Pig_Rerun_Sample_F_S1-A6_1_499.d,1,1,168,186,,,PEAKS DB
7,5,P51525|PF12_PIG,R.FPPPNFPGPRFPPPNFP.G,Y,31.95,1920.9674,17,7.1,961.4931,2,41.65,1.1677-1.1953,1.4446E3,6,13566,FF_T_2404_Pig_Rerun_Sample_F_S1-A6_1_499.d,1,1,168,184,,,PEAKS DB
7,4,P51524|PF11_PIG,R.FPPPNFPGPRFPPPNFPGPR.F,Y,40.55,2231.1428,20,4.9,744.7216,3,41.59,0.9231-0.9510,1.965E4,6,13408,FF_T_2404_Pig_Rerun_Sample_F_S1-A6_1_499.d,1,1,142,161,,,PEAKS DB
7,4,P51524|PF11_PIG,R.FPPPNFPGPR.F,Y,39.99,1124.5767,10,-0.2,563.2927,2,24.47,0.8348-0.8628,6.8171E4,6,4024,FF_T_2404_Pig_Rerun_Sample_F_S1-A6_1_499.d,13,13,142,151,,,PEAKS DB
7,4,P51524|PF11_PIG,R.QAFPPPNVPGPR.F,Y,38.72,1275.6724,12,-2.5,638.8387,2,28.13,0.9086-0.9365,0,6,4663,FF_T_2404_Pig_Rerun_Sample_F_S1-A6_1_499.d,0,0,130,141,,,PEAKS DB
7,4,P51524|PF11_PIG,F.PPPNFPGPRFPPPNFPGPR.F,Y,34.29,2084.0742,19,1.9,695.6966,3,41.52,0.8863-0.9142,4.1396E2,6,13299,FF_T_2404_Pig_Rerun_Sample_F_S1-A6_1_499.d,1,1,143,161,,,PEAKS DB
7,4,P51524|PF11_PIG,R.FPPPNFPGPRFPPPNFPGP.R,Y,32.32,2075.0417,19,-7.6,1038.5151,2,41.56,1.2163-1.2440,5.696E2,6,13402,FF_T_2404_Pig_Rerun_Sample_F_S1-A6_1_499.d,1,1,142,160,,,PEAKS DB
7,4,P51524|PF11_PIG,R.FPPPNFPGPRFPPPNFP.G,Y,31.95,1920.9674,17,7.1,961.4931,2,41.65,1.1677-1.1953,1.4446E3,6,13566,FF_T_2404_Pig_Rerun_Sample_F_S1-A6_1_499.d,1,1,142,158,,,PEAKS DB
10,8,Q6QAQ1|ACTB_PIG,P.EEHPVLLTEAPLNPK.A,Y,49.95,1685.8988,15,-1.0,562.9702,3,41.24,0.8538-0.8818,1.361E3,6,12802,FF_T_2404_Pig_Rerun_Sample_F_S1-A6_1_499.d,2,2,99,113,,,PEAKS DB
10,8,Q6QAQ1|ACTB_PIG,E.EHPVLLTEAPLNPK.A,Y,45.43,1556.8562,14,-10.2,519.9515,3,24.11,0.8281-0.8561,0,6,3973,FF_T_2404_Pig_Rerun_Sample_F_S1-A6_1_499.d,0,0,100,113,,,PEAKS DB
10,8,Q6QAQ1|ACTB_PIG,L.TEAPLNPK.A,Y,35.38,868.4654,8,-1.3,435.2372,2,8.49,0.7754-0.8035,0,6,1254,FF_T_2404_Pig_Rerun_Sample_F_S1-A6_1_499.d,0,0,106,113,,,PEAKS DB
10,8,Q6QAQ1|ACTB_PIG,Y.ELPDGQVITIGNE.R,Y,34.35,1383.6881,13,1.0,692.8486,2,30.20,0.9599-0.9878,0,6,5047,FF_T_2404_Pig_Rerun_Sample_F_S1-A6_1_499.d,0,0,241,253,,,PEAKS DB
11,19,Q19AZ8|THRB_PIG,R.TTADDFQPFFNEKTF.G,Y,56.07,1806.8101,15,5.3,904.4126,2,41.48,1.1200-1.1477,3.4618E2,6,13212,FF_T_2404_Pig_Rerun_Sample_F_S1-A6_1_499.d,1,1,316,330,,,PEAKS DB
11,19,Q19AZ8|THRB_PIG,R.TTADDFQPFFNE.K,Y,41.72,1430.5990,12,0.9,716.3039,2,35.34,0.9744-1.0023,4.1071E2,6,6817,FF_T_2404_Pig_Rerun_Sample_F_S1-A6_1_499.d,1,1,316,327,,,PEAKS DB
11,19,Q19AZ8|THRB_PIG,S.SLEDKTEKELFESYIEG.R,Y,40.78,2015.9575,17,5.7,1008.9868,2,41.54,1.1854-1.2130,0,6,13358,FF_T_2404_Pig_Rerun_Sample_F_S1-A6_1_499.d,0,0,347,363,,,PEAKS DB
13,22,P18650|APOE_PIG,R.M(+15.99)QSAVSISSSTSAPSDNQ,Y,49.57,1811.7843,18,2.4,906.8972,2,14.37,1.0956-1.1233,0,6,2392,FF_T_2404_Pig_Rerun_Sample_F_S1-A6_1_499.d,0,0,300,317,Oxidation (M),M1:Oxidation (M):1000.00,PEAKS DB
13,22,P18650|APOE_PIG,V.SISSSTSAPSDNQ,Y,38.34,1279.5527,13,5.3,640.7839,2,7.79,0.9142-0.9421,8.7602E2,6,1114,FF_T_2404_Pig_Rerun_Sample_F_S1-A6_1_499.d,1,1,305,317,,,PEAKS DB
13,22,P18650|APOE_PIG,Q.SAVSISSSTSAPSDNQ,Y,38.31,1536.6903,16,4.4,769.3520,2,13.60,1.0212-1.0490,3.0201E2,6,2247,FF_T_2404_Pig_Rerun_Sample_F_S1-A6_1_499.d,1,1,302,317,,,PEAKS DB
13,22,P18650|APOE_PIG,A.VSISSSTSAPSDNQ,Y,31.65,1378.6212,14,-1.6,690.3134,2,11.94,0.9532-0.9811,0,6,2022,FF_T_2404_Pig_Rerun_Sample_F_S1-A6_1_499.d,0,0,304,317,,,PEAKS DB
14,29,P01025|CO3_PIG,R.EEIPPADLSDQVPDTESETKILLQGTPVAQM(+15.99)VEDA.I,Y,38.11,3780.8137,35,0.3,1261.2727,3,40.89,1.2373-1.2649,0,6,12315,FF_T_2404_Pig_Rerun_Sample_F_S1-A6_1_499.d,0,0,958,992,Oxidation (M),M31:Oxidation (M):1000.00,PEAKS DB
14,29,P01025|CO3_PIG,R.TLDPEHKGQQGVQR.E,Y,33.13,1591.8066,14,0.5,531.6071,3,40.99,0.8046-0.8326,0,6,12454,FF_T_2404_Pig_Rerun_Sample_F_S1-A6_1_499.d,0,0,944,957,,,PEAKS DB
14,29,P01025|CO3_PIG,R.TLDPEHKGQQGVQ.R,Y,32.15,1435.7056,13,-3.3,479.5718,3,6.91,0.7317-0.7597,1.6159E3,6,893,FF_T_2404_Pig_Rerun_Sample_F_S1-A6_1_499.d,1,1,944,956,,,PEAKS DB
20,91,O19084|CDSN_PIG,K.DNPVKGSPGAPS.F,Y,45.99,1124.5461,12,-0.9,563.2770,2,8.19,0.8371-0.8650,2.5875E2,6,1185,FF_T_2404_Pig_Rerun_Sample_F_S1-A6_1_499.d,1,1,47,58,,,PEAKS DB
25,32,P80272|HMGN2_PIG,K.TDQAQKAEGAGDA.K,Y,45.43,1260.5582,13,1.3,631.2841,2,4.84,0.8829-0.9108,0,6,243,FF_T_2404_Pig_Rerun_Sample_F_S1-A6_1_499.d,0,0,77,89,,,PEAKS DB
15,321,O97507|FA12_PIG,Y.LAWIQEHTTS,Y,42.92,1184.5825,10,1.2,593.2963,2,22.21,0.8863-0.9142,5.429E2,6,3665,FF_T_2404_Pig_Rerun_Sample_F_S1-A6_1_499.d,1,1,607,616,,,PEAKS DB
27,3,P18648|APOA1_PIG,V.SILAAIDEASKKLNAQ,Y,33.28,1670.9203,16,8.4,836.4703,2,41.64,1.1588-1.1865,0,6,13645,FF_T_2404_Pig_Rerun_Sample_F_S1-A6_1_499.d,0,0,250,265,,,PEAKS DB
22,130,P06348|H1T_PIG,Y.DVEKNNSRIKL.G,Y,32.50,1314.7256,11,-6.0,439.2443,3,41.52,0.7496-0.7777,0,6,13319,FF_T_2404_Pig_Rerun_Sample_F_S1-A6_1_499.d,0,0,75,85,,,PEAKS DB
19,1843,Q29073|PTGR1_PIG,T.YNRTGPPPPG.P,Y,32.32,1054.5195,10,-6.2,528.2612,2,14.69,0.8035-0.8315,0,6,2434,FF_T_2404_Pig_Rerun_Sample_F_S1-A6_1_499.d,0,0,245,254,,,PEAKS DB
24,177,Q9GLP2|PROC_PIG,R.DTDQVDKKEDQIDPR.L,Y,32.08,1800.8489,15,-1.4,601.2864,3,39.84,0.8684-0.8963,0,6,10902,FF_T_2404_Pig_Rerun_Sample_F_S1-A6_1_499.d,0,0,199,213,,,PEAKS DB
23,2140,C5HGF3|TMCO1_PIG,G.GFLGPPPPSGKF.S,Y,32.02,1199.6338,12,0.4,600.8215,2,31.20,0.9131-0.9410,1.54E3,6,5288,FF_T_2404_Pig_Rerun_Sample_F_S1-A6_1_499.d,1,1,176,187,,,PEAKS DB
18,7,P80054|PR39_PIG,R.LPPRIPPGFPPR.F,Y,31.95,1342.7874,12,-19.5,448.5921,3,41.50,0.8023-0.8303,0,6,13296,FF_T_2404_Pig_Rerun_Sample_F_S1-A6_1_499.d,0,0,152,163,,,PEAKS DB
26,978,P62901|RL31_PIG,Y.TLVTYVPVTTFKNLQTVNVDEN,Y,31.78,2494.2954,22,5.7,1248.1559,2,41.30,1.3729-1.4003,0,6,12919,FF_T_2404_Pig_Rerun_Sample_F_S1-A6_1_499.d,0,0,104,125,,,PEAKS DB
16,497,A0P8Z5|UIMC1_PIG,E.EPVSVSSGSWDQSS.Q,Y,31.66,1450.6212,14,0.7,726.3148,2,20.34,0.9443-0.9722,3.334E2,6,3390,FF_T_2404_Pig_Rerun_Sample_F_S1-A6_1_499.d,1,1,192,205,,,PEAKS DB
