Peptide,-10lgP,Mass,Length,ppm,m/z,RT,1/k0 Range,Area Sample 7,Fraction,Precursor Id,Source File,#Feature,#Feature Sample 7,Accession,PTM,AScore,Found By
TQARETPPEWKALLETRQV,88.34,2252.1912,19,7.9,751.7407,41.76,0.9544-0.9822,1.5955E4,7,20834,FF_T_2404_Pig_Rerun_Sample_G_S1-A7_1_501.d,2,2,tr|F1RX36|F1RX36_PIG,,,PEAKS DB
DETSLSRDPFPDFFSPV,87.76,1954.8948,17,8.2,978.4589,41.83,1.1477-1.1754,3.1566E4,7,21200,FF_T_2404_Pig_Rerun_Sample_G_S1-A7_1_501.d,1,1,tr|F1RX36|F1RX36_PIG,,,PEAKS DB
DDFNPSVHASLDKFLANV,85.99,1987.9639,18,7.7,994.9930,41.76,1.2108-1.2384,3.3797E3,7,20829,FF_T_2404_Pig_Rerun_Sample_G_S1-A7_1_501.d,1,1,P01965|HBA_PIG,,,PEAKS DB
EVQDKGEFLAEGGGV,83.96,1533.7311,15,2.8,767.8719,35.65,1.0401-1.0679,1.253E6,7,11905,FF_T_2404_Pig_Rerun_Sample_G_S1-A7_1_501.d,2,2,tr|F1RX36|F1RX36_PIG,,,PEAKS DB
AIDYDEDEDGRPKVHVDA,83.45,2042.9181,18,6.9,1022.4694,41.72,1.2097-1.2373,1.1036E5,7,20636,FF_T_2404_Pig_Rerun_Sample_G_S1-A7_1_501.d,9,9,tr|F1RX37|F1RX37_PIG,,,PEAKS DB
DYDEDEDGRPKVHVDA,82.54,1858.7969,16,6.8,930.4084,41.71,1.1267-1.1544,1.9399E4,7,20550,FF_T_2404_Pig_Rerun_Sample_G_S1-A7_1_501.d,3,3,tr|F1RX37|F1RX37_PIG,,,PEAKS DB
AEVQDKGEFLAEGGGVR,82.29,1760.8693,17,2.5,587.9629,41.65,0.8919-0.9198,8.3896E4,7,20332,FF_T_2404_Pig_Rerun_Sample_G_S1-A7_1_501.d,6,6,tr|F1RX36|F1RX36_PIG,,,PEAKS DB
EEAPSLRPVAPPISAGGYQPRPA,81.81,2359.2283,23,6.4,787.4187,41.66,0.9532-0.9811,2.2561E3,7,20369,FF_T_2404_Pig_Rerun_Sample_G_S1-A7_1_501.d,2,2,tr|F1RX37|F1RX37_PIG,,,PEAKS DB
EVQDKGEFLAEGGGVR,81.69,1689.8322,16,7.2,845.9261,41.68,1.0978-1.1256,2.3102E5,7,20357,FF_T_2404_Pig_Rerun_Sample_G_S1-A7_1_501.d,6,6,tr|F1RX36|F1RX36_PIG,,,PEAKS DB
AEVQDKGEFLAEGGGV,81.62,1604.7682,16,4.0,803.3914,23.06,1.0668-1.0945,1.0089E5,7,5946,FF_T_2404_Pig_Rerun_Sample_G_S1-A7_1_501.d,2,2,tr|F1RX36|F1RX36_PIG,,,PEAKS DB
TAQDALTSVKESEVAQQA,81.14,1874.9221,18,5.3,938.4697,19.80,1.1367-1.1643,6.7373E4,7,5161,FF_T_2404_Pig_Rerun_Sample_G_S1-A7_1_501.d,12,12,P27917|APOC3_PIG,,,PEAKS DB
DNEEQEYIKTV,80.19,1366.6252,11,3.5,684.3196,19.90,0.9566-0.9844,8.1518E3,7,5209,FF_T_2404_Pig_Rerun_Sample_G_S1-A7_1_501.d,5,5,P19619|ANXA1_PIG,,,PEAKS DB
DGPEYSSSSKISS,79.94,1342.5889,13,0.8,672.2996,9.89,0.9242-0.9521,2.2589E3,7,2442,FF_T_2404_Pig_Rerun_Sample_G_S1-A7_1_501.d,1,1,tr|F1RX36|F1RX36_PIG,,,PEAKS DB
EEAPSLRPVAPPISAGGYQPRP,78.34,2288.1912,22,2.6,763.7367,41.67,0.9321-0.9599,3.0197E3,7,20427,FF_T_2404_Pig_Rerun_Sample_G_S1-A7_1_501.d,2,2,tr|F1RX37|F1RX37_PIG,,,PEAKS DB
DEDEDGRPKVHVDA,77.83,1580.7067,14,8.6,791.3643,41.70,1.0456-1.0734,6.3388E4,7,20473,FF_T_2404_Pig_Rerun_Sample_G_S1-A7_1_501.d,3,3,tr|F1RX37|F1RX37_PIG,,,PEAKS DB
EAPSLRPVAPPISAGGYQPRPA,77.70,2230.1858,22,-0.6,744.3992,24.46,0.8986-0.9265,4.2755E1,7,6446,FF_T_2404_Pig_Rerun_Sample_G_S1-A7_1_501.d,1,1,tr|F1RX37|F1RX37_PIG,,,PEAKS DB
TAQDALTSVKESEV,76.88,1476.7307,14,3.5,739.3723,19.37,1.0245-1.0523,4.0555E3,7,5096,FF_T_2404_Pig_Rerun_Sample_G_S1-A7_1_501.d,4,4,P27917|APOC3_PIG,,,PEAKS DB
RTAQDALTSVKESEVAQQA,76.69,2031.0232,19,3.7,678.0149,41.60,0.8628-0.8907,2.3109E4,7,20143,FF_T_2404_Pig_Rerun_Sample_G_S1-A7_1_501.d,4,4,P27917|APOC3_PIG,,,PEAKS DB
DKFLANVSTVLTSKY,75.85,1684.9036,15,8.3,843.4628,41.73,1.1200-1.1477,0,7,20776,FF_T_2404_Pig_Rerun_Sample_G_S1-A7_1_501.d,0,0,P01965|HBA_PIG,,,PEAKS DB
DNEEQEYIKT,75.43,1267.5568,10,2.5,634.7848,14.26,0.9187-0.9466,2.1818E3,7,3548,FF_T_2404_Pig_Rerun_Sample_G_S1-A7_1_501.d,1,1,P19619|ANXA1_PIG,,,PEAKS DB
YDEDEDGRPKVHVDA,74.96,1743.7699,15,10.0,872.8976,41.71,1.1023-1.1300,1.9529E4,7,20649,FF_T_2404_Pig_Rerun_Sample_G_S1-A7_1_501.d,5,5,tr|F1RX37|F1RX37_PIG,,,PEAKS DB
VLSAADKANVKAAWGKVGGQAGA,74.88,2168.1702,23,4.9,723.7314,41.73,0.9844-1.0123,1.3514E3,7,20738,FF_T_2404_Pig_Rerun_Sample_G_S1-A7_1_501.d,1,1,P01965|HBA_PIG,,,PEAKS DB
TDQAQKAEGAGDA,74.54,1260.5582,13,1.1,631.2846,4.83,0.8840-0.9120,1.9966E2,7,307,FF_T_2404_Pig_Rerun_Sample_G_S1-A7_1_501.d,1,1,P80272|HMGN2_PIG,,,PEAKS DB
DDPQSPWDRVKDFATVY,74.34,2037.9431,17,8.7,1019.9838,41.74,1.1832-1.2108,6.2331E3,7,20735,FF_T_2404_Pig_Rerun_Sample_G_S1-A7_1_501.d,1,1,P18648|APOA1_PIG,,,PEAKS DB
VLSAADKANVKAA,74.25,1256.7087,13,5.4,629.3626,41.67,0.9521-0.9800,2.9286E3,7,20463,FF_T_2404_Pig_Rerun_Sample_G_S1-A7_1_501.d,2,2,P01965|HBA_PIG,,,PEAKS DB
VQDKGEFLAEGGGV,73.92,1404.6885,14,3.7,703.3514,21.56,0.9755-1.0034,8.2792E4,7,5595,FF_T_2404_Pig_Rerun_Sample_G_S1-A7_1_501.d,5,5,tr|F1RX36|F1RX36_PIG,,,PEAKS DB
EDEADSEEGLDLK,73.29,1448.6154,13,3.8,725.3149,16.64,0.9856-1.0134,3.4487E2,7,4413,FF_T_2404_Pig_Rerun_Sample_G_S1-A7_1_501.d,1,1,tr|F1RX36|F1RX36_PIG,,,PEAKS DB
AIDYDEDEDGRP,73.13,1393.5634,12,2.9,697.7883,13.89,0.9610-0.9889,8.2554E2,7,3453,FF_T_2404_Pig_Rerun_Sample_G_S1-A7_1_501.d,1,1,tr|F1RX37|F1RX37_PIG,,,PEAKS DB
DKGEFLAEGGGV,72.77,1177.5615,12,4.4,589.7883,36.20,0.9030-0.9309,2.1305E3,7,12658,FF_T_2404_Pig_Rerun_Sample_G_S1-A7_1_501.d,1,1,tr|F1RX36|F1RX36_PIG,,,PEAKS DB
APPISAGGYQPRPA,72.50,1380.7150,14,1.7,691.3632,16.21,0.9566-0.9844,5.0743E4,7,4162,FF_T_2404_Pig_Rerun_Sample_G_S1-A7_1_501.d,9,9,tr|F1RX37|F1RX37_PIG,,,PEAKS DB
AQDALTSVKESEVAQQA,71.79,1773.8744,17,3.2,887.9438,18.36,1.1134-1.1411,3.1855E3,7,4864,FF_T_2404_Pig_Rerun_Sample_G_S1-A7_1_501.d,2,2,P27917|APOC3_PIG,,,PEAKS DB
FTDFWDYTPKPEPS,71.76,1728.7671,14,11.1,865.3970,41.65,1.1156-1.1433,0,7,20416,FF_T_2404_Pig_Rerun_Sample_G_S1-A7_1_501.d,0,0,P27917|APOC3_PIG,,,PEAKS DB
EDTSLLDKM(+15.99)QDYVKQAT,71.64,1999.9408,17,4.6,667.6547,41.55,0.8773-0.9053,6.3002E4,7,19936,FF_T_2404_Pig_Rerun_Sample_G_S1-A7_1_501.d,6,6,P27917|APOC3_PIG,Oxidation (M),M9:Oxidation (M):1000.00,PEAKS DB
FTDFWDYTPKPEPSSS,71.40,1902.8312,16,1.5,952.4206,41.61,1.1378-1.1654,0,7,20217,FF_T_2404_Pig_Rerun_Sample_G_S1-A7_1_501.d,0,0,P27917|APOC3_PIG,,,PEAKS DB
M(+15.99)EDEADSEEGLDLK,70.80,1595.6508,14,4.5,798.8331,16.56,1.0256-1.0534,3.2225E2,7,4397,FF_T_2404_Pig_Rerun_Sample_G_S1-A7_1_501.d,1,1,tr|F1RX36|F1RX36_PIG,Oxidation (M),M1:Oxidation (M):1000.00,PEAKS DB
IDNEEQEYIKTV,70.70,1479.7092,12,3.5,740.8616,20.65,0.9967-1.0245,0,7,5467,FF_T_2404_Pig_Rerun_Sample_G_S1-A7_1_501.d,0,0,P19619|ANXA1_PIG,,,PEAKS DB
DLEEATLQHEATAA,70.24,1497.6947,14,7.0,749.8569,21.14,1.0067-1.0345,0,7,5588,FF_T_2404_Pig_Rerun_Sample_G_S1-A7_1_501.d,0,0,Q9TV63|MYH2_PIG:P79293|MYH7_PIG:Q9TV62|MYH4_PIG:Q9TV61|MYH1_PIG,,,PEAKS DB
QDALTSVKESEVAQQA,70.11,1702.8373,16,5.0,852.4268,18.25,1.0856-1.1134,1.4604E3,7,4857,FF_T_2404_Pig_Rerun_Sample_G_S1-A7_1_501.d,1,1,P27917|APOC3_PIG,,,PEAKS DB
DDFQNKWQEEM(+15.99)ETY,70.04,1877.7413,14,8.0,939.8818,23.89,1.1123-1.1400,6.399E1,7,6308,FF_T_2404_Pig_Rerun_Sample_G_S1-A7_1_501.d,1,1,P18648|APOA1_PIG,Oxidation (M),M11:Oxidation (M):1000.00,PEAKS DB
DKGEFLAEGGGVR,69.76,1333.6626,13,6.8,667.8405,41.64,0.9811-1.0089,6.4066E4,7,20277,FF_T_2404_Pig_Rerun_Sample_G_S1-A7_1_501.d,6,6,tr|F1RX36|F1RX36_PIG,,,PEAKS DB
VGM(+15.99)GQKDSYVGDEAQS,69.14,1685.7202,16,3.8,843.8673,8.88,1.0468-1.0745,1.408E3,7,2169,FF_T_2404_Pig_Rerun_Sample_G_S1-A7_1_501.d,1,1,P68137|ACTS_PIG:Q6QAQ1|ACTB_PIG,Oxidation (M),M3:Oxidation (M):1000.00,PEAKS DB
VQDKGEFLAEGGGVR,69.07,1560.7896,15,8.6,781.4058,41.68,1.0545-1.0823,6.5147E3,7,20461,FF_T_2404_Pig_Rerun_Sample_G_S1-A7_1_501.d,2,2,tr|F1RX36|F1RX36_PIG,,,PEAKS DB
EAPSLRPVAPPISAGGYQPRP,69.02,2159.1487,21,15.1,720.7316,24.88,0.8852-0.9131,0,7,6532,FF_T_2404_Pig_Rerun_Sample_G_S1-A7_1_501.d,0,0,tr|F1RX37|F1RX37_PIG,,,PEAKS DB
DDLPGALSALSDLHAH,68.90,1630.7950,16,10.8,816.4105,41.73,1.1666-1.1942,0,7,20758,FF_T_2404_Pig_Rerun_Sample_G_S1-A7_1_501.d,0,0,P01965|HBA_PIG,,,PEAKS DB
STGTWDSGHPDPG,68.77,1312.5320,13,4.7,657.2738,11.49,0.9164-0.9443,0,7,2925,FF_T_2404_Pig_Rerun_Sample_G_S1-A7_1_501.d,0,0,tr|F1RX36|F1RX36_PIG,,,PEAKS DB
DGPEYSSSSKISSHS,68.68,1566.6798,15,-1.2,523.2312,7.76,0.8315-0.8594,1.7978E3,7,1823,FF_T_2404_Pig_Rerun_Sample_G_S1-A7_1_501.d,2,2,tr|F1RX36|F1RX36_PIG,,,PEAKS DB
VGGQAGAHGAEALE,68.19,1265.6000,14,1.7,633.8059,10.36,0.9198-0.9477,1.7812E4,7,2541,FF_T_2404_Pig_Rerun_Sample_G_S1-A7_1_501.d,5,5,P01965|HBA_PIG,,,PEAKS DB
QQYQDATAEEEEDFGEEAEEEA,68.17,2545.9727,22,3.7,1273.9934,25.55,1.2572-1.2848,0,7,6730,FF_T_2404_Pig_Rerun_Sample_G_S1-A7_1_501.d,0,0,Q767L7|TBB5_PIG,,,PEAKS DB
EDTSLLDKM(+15.99)QDYV,68.15,1571.7025,13,4.0,786.8586,23.70,1.0590-1.0867,8.3481E2,7,6248,FF_T_2404_Pig_Rerun_Sample_G_S1-A7_1_501.d,1,1,P27917|APOC3_PIG,Oxidation (M),M9:Oxidation (M):1000.00,PEAKS DB
DLSNADAVM(+15.99)GNPKV,67.83,1445.6820,14,6.7,723.8503,16.41,0.9822-1.0101,2.3491E2,7,4322,FF_T_2404_Pig_Rerun_Sample_G_S1-A7_1_501.d,1,1,P02067|HBB_PIG,Oxidation (M),M9:Oxidation (M):1000.00,PEAKS DB
EEIPPADLSDQVPDTESETKILLQGTPVAQM(+15.99)VEDA,67.71,3780.8137,35,9.1,1261.2850,41.44,1.2042-1.2318,3.0481E3,7,19696,FF_T_2404_Pig_Rerun_Sample_G_S1-A7_1_501.d,2,2,P01025|CO3_PIG,Oxidation (M),M31:Oxidation (M):1000.00,PEAKS DB
FIDNEEQEYIKTV,67.47,1626.7777,13,5.4,814.3973,25.63,1.0723-1.1001,9.9381E2,7,6740,FF_T_2404_Pig_Rerun_Sample_G_S1-A7_1_501.d,2,2,P19619|ANXA1_PIG,,,PEAKS DB
TEAESNM(+15.99)NDLVSEYQQY,67.38,2035.8317,17,8.2,1018.9275,25.34,1.1455-1.1732,3.569E2,7,6631,FF_T_2404_Pig_Rerun_Sample_G_S1-A7_1_501.d,1,1,Q767L7|TBB5_PIG,Oxidation (M),M7:Oxidation (M):1000.00,PEAKS DB
DEDEDGRPKV,67.28,1158.5153,10,1.7,580.2636,6.48,0.8606-0.8885,3.3742E4,7,1164,FF_T_2404_Pig_Rerun_Sample_G_S1-A7_1_501.d,3,3,tr|F1RX37|F1RX37_PIG,,,PEAKS DB
DGPEYSSSSKI,67.14,1168.5248,11,-0.4,585.2672,12.13,0.8784-0.9064,6.4763E2,7,3085,FF_T_2404_Pig_Rerun_Sample_G_S1-A7_1_501.d,1,1,tr|F1RX36|F1RX36_PIG,,,PEAKS DB
DDFQNKWQEEM(+15.99)ET,67.14,1714.6781,13,7.0,858.3490,18.65,1.0401-1.0679,0,7,4958,FF_T_2404_Pig_Rerun_Sample_G_S1-A7_1_501.d,0,0,P18648|APOA1_PIG,Oxidation (M),M11:Oxidation (M):1000.00,PEAKS DB
IDYDEDEDGRP,67.02,1322.5262,11,0.9,662.2684,12.88,0.9633-0.9911,1.4113E3,7,3218,FF_T_2404_Pig_Rerun_Sample_G_S1-A7_1_501.d,1,1,tr|F1RX37|F1RX37_PIG,,,PEAKS DB
TRTAQDALTSVKESEVAQQA,66.98,2132.0708,20,0.9,711.6954,41.60,0.9097-0.9376,5.6995E3,7,20210,FF_T_2404_Pig_Rerun_Sample_G_S1-A7_1_501.d,2,2,P27917|APOC3_PIG,,,PEAKS DB
IDYDEDEDGRPKVHVDA,66.80,1971.8810,17,14.4,986.9581,41.71,1.1666-1.1942,6.5332E3,7,20648,FF_T_2404_Pig_Rerun_Sample_G_S1-A7_1_501.d,3,3,tr|F1RX37|F1RX37_PIG,,,PEAKS DB
M(+15.99)EDEADSEEGLD,66.77,1354.4718,12,4.0,678.2432,11.51,0.9309-0.9588,2.5719E3,7,2902,FF_T_2404_Pig_Rerun_Sample_G_S1-A7_1_501.d,1,1,tr|F1RX36|F1RX36_PIG,Oxidation (M),M1:Oxidation (M):1000.00,PEAKS DB
AQDALTSVKESEV,66.69,1375.6831,13,11.7,688.8542,17.91,0.9900-1.0178,9.6538E1,7,4783,FF_T_2404_Pig_Rerun_Sample_G_S1-A7_1_501.d,1,1,P27917|APOC3_PIG,,,PEAKS DB
VVYPWTQRFFESFGDLSNADAV,66.47,2547.2070,22,-0.8,1274.6049,41.81,1.3773-1.4047,0,7,21108,FF_T_2404_Pig_Rerun_Sample_G_S1-A7_1_501.d,0,0,P02067|HBB_PIG,,,PEAKS DB
SYKM(+15.99)EDEADSEEGLD,66.43,1732.6621,15,5.1,867.3394,10.96,1.0523-1.0801,1.1552E3,7,2740,FF_T_2404_Pig_Rerun_Sample_G_S1-A7_1_501.d,1,1,tr|F1RX36|F1RX36_PIG,Oxidation (M),M4:Oxidation (M):1000.00,PEAKS DB
DAIKDSGRDYVAQFEA,66.38,1783.8376,16,10.2,892.9317,41.63,1.1522-1.1798,1.2696E2,7,20284,FF_T_2404_Pig_Rerun_Sample_G_S1-A7_1_501.d,1,1,P18648|APOA1_PIG,,,PEAKS DB
YPWTQRFFESFGDLSNADAV,66.26,2349.0701,20,4.4,1175.5430,41.79,1.2980-1.3256,1.2387E3,7,21016,FF_T_2404_Pig_Rerun_Sample_G_S1-A7_1_501.d,1,1,P02067|HBB_PIG,,,PEAKS DB
DYDEDEDGRPKV,66.11,1436.6055,12,6.4,719.3118,9.88,0.9766-1.0045,0,7,2467,FF_T_2404_Pig_Rerun_Sample_G_S1-A7_1_501.d,0,0,tr|F1RX37|F1RX37_PIG,,,PEAKS DB
SGSGSLRPDSSGPGD,66.07,1374.6011,15,6.3,688.3094,7.97,0.9298-0.9577,0,7,1893,FF_T_2404_Pig_Rerun_Sample_G_S1-A7_1_501.d,0,0,tr|F1RX36|F1RX36_PIG,,,PEAKS DB
DSEEGLDLKGGHV,65.93,1354.6365,13,6.4,678.3272,16.44,0.9934-1.0212,0,7,4370,FF_T_2404_Pig_Rerun_Sample_G_S1-A7_1_501.d,0,0,tr|F1RX36|F1RX36_PIG,,,PEAKS DB
VHLSAEEKEAV,65.85,1210.6194,11,-1.8,606.3135,11.00,0.9164-0.9443,2.882E3,7,2763,FF_T_2404_Pig_Rerun_Sample_G_S1-A7_1_501.d,2,2,P02067|HBB_PIG,,,PEAKS DB
TEAESNM(+15.99)NDLVSEY,65.72,1616.6511,14,0.5,809.3301,21.30,1.0345-1.0623,0,7,5617,FF_T_2404_Pig_Rerun_Sample_G_S1-A7_1_501.d,0,0,Q767L7|TBB5_PIG,Oxidation (M),M7:Oxidation (M):1000.00,PEAKS DB
DSLDDYVNTQGA,65.36,1296.5470,12,2.5,649.2798,23.56,0.9309-0.9588,2.3769E3,7,6225,FF_T_2404_Pig_Rerun_Sample_G_S1-A7_1_501.d,1,1,P06867|PLMN_PIG,,,PEAKS DB
M(+15.99)AEVQDKGEFLAEGGGV,65.07,1751.8036,17,3.5,876.9088,22.70,1.0867-1.1145,7.5107E1,7,6018,FF_T_2404_Pig_Rerun_Sample_G_S1-A7_1_501.d,1,1,tr|F1RX36|F1RX36_PIG,Oxidation (M),M1:Oxidation (M):1000.00,PEAKS DB
DALTSVKESEVAQQA,65.00,1574.7787,15,3.6,788.3964,18.91,1.0590-1.0867,4.5554E3,7,5009,FF_T_2404_Pig_Rerun_Sample_G_S1-A7_1_501.d,1,1,P27917|APOC3_PIG,,,PEAKS DB
FIAGAAPTKEELATFDPVDNIVF,64.77,2464.2524,23,8.1,1233.1387,41.79,1.3641-1.3916,0,7,21050,FF_T_2404_Pig_Rerun_Sample_G_S1-A7_1_501.d,0,0,Q2LE37|APOM_PIG,,,PEAKS DB
RVDPVNFKLLSH,64.67,1423.7936,12,-5.7,475.6006,41.77,0.7990-0.8270,0,7,20990,FF_T_2404_Pig_Rerun_Sample_G_S1-A7_1_501.d,0,0,P01965|HBA_PIG,,,PEAKS DB
VGGQAGAHGAEAL,64.61,1136.5574,13,2.2,569.2850,10.41,0.8684-0.8963,2.4787E3,7,2581,FF_T_2404_Pig_Rerun_Sample_G_S1-A7_1_501.d,4,4,P01965|HBA_PIG,,,PEAKS DB
HRDETSLSRDPFPDFFSPV,64.25,2248.0549,19,3.4,750.3585,41.82,0.9153-0.9432,6.2827E3,7,21128,FF_T_2404_Pig_Rerun_Sample_G_S1-A7_1_501.d,1,1,tr|F1RX36|F1RX36_PIG,,,PEAKS DB
ETIEQEKQAGES,64.10,1347.6154,12,-1.4,674.8114,6.10,0.9321-0.9599,3.9207E2,7,1005,FF_T_2404_Pig_Rerun_Sample_G_S1-A7_1_501.d,1,1,Q95274|TYB4_PIG,,,PEAKS DB
EDTSLLDKM(+15.99)QD,63.91,1309.5708,11,6.6,655.7944,13.49,0.9510-0.9789,1.6556E2,7,3365,FF_T_2404_Pig_Rerun_Sample_G_S1-A7_1_501.d,1,1,P27917|APOC3_PIG,Oxidation (M),M9:Oxidation (M):1000.00,PEAKS DB
DEDGRPKVHVDA,63.89,1336.6371,12,7.2,669.3280,41.70,0.9610-0.9889,1.0898E4,7,20553,FF_T_2404_Pig_Rerun_Sample_G_S1-A7_1_501.d,1,1,tr|F1RX37|F1RX37_PIG,,,PEAKS DB
FPPPNFPGPRFPPPNFPGPR,63.84,2231.1428,20,7.3,744.7241,41.75,0.9532-0.9811,4.1592E4,7,20750,FF_T_2404_Pig_Rerun_Sample_G_S1-A7_1_501.d,1,1,P51524|PF11_PIG,,,PEAKS DB
FSSEETGPGGY,63.73,1129.4563,11,-2.9,565.7316,16.02,0.8303-0.8583,2.5586E2,7,4189,FF_T_2404_Pig_Rerun_Sample_G_S1-A7_1_501.d,1,1,P48819|VTNC_PIG,,,PEAKS DB
QDKGEFLAEGGGV,63.73,1305.6200,13,2.5,653.8163,20.92,0.9521-0.9800,1.9507E5,7,5472,FF_T_2404_Pig_Rerun_Sample_G_S1-A7_1_501.d,8,8,tr|F1RX36|F1RX36_PIG,,,PEAKS DB
EDEDGRPKVHVDA,63.69,1465.6797,13,3.8,733.8470,41.71,1.0101-1.0379,4.5066E3,7,20639,FF_T_2404_Pig_Rerun_Sample_G_S1-A7_1_501.d,1,1,tr|F1RX37|F1RX37_PIG,,,PEAKS DB
DETSLSRDPFPDFFSP,63.67,1855.8264,16,8.3,928.9246,41.79,1.1311-1.1588,0,7,21031,FF_T_2404_Pig_Rerun_Sample_G_S1-A7_1_501.d,0,0,tr|F1RX36|F1RX36_PIG,,,PEAKS DB
M(+15.99)EDEADSEEGLDL,63.29,1467.5559,13,1.1,734.7832,25.68,0.9844-1.0123,1.0914E3,7,6745,FF_T_2404_Pig_Rerun_Sample_G_S1-A7_1_501.d,1,1,tr|F1RX36|F1RX36_PIG,Oxidation (M),M1:Oxidation (M):1000.00,PEAKS DB
TAQDALTSVKESEVAQ,63.19,1675.8264,16,0.7,838.9178,17.94,1.0879-1.1156,2.8134E2,7,4788,FF_T_2404_Pig_Rerun_Sample_G_S1-A7_1_501.d,1,1,P27917|APOC3_PIG,,,PEAKS DB
M(+15.99)EDEADSEEGLDLKGGHVIKRVYT,63.05,2706.2805,24,8.2,677.5803,41.75,0.9666-0.9945,8.3646E2,7,20848,FF_T_2404_Pig_Rerun_Sample_G_S1-A7_1_501.d,1,1,tr|F1RX36|F1RX36_PIG,Oxidation (M),M1:Oxidation (M):1000.00,PEAKS DB
VGM(+15.99)GQKDSYVGDEA,63.02,1470.6296,14,3.2,736.3216,9.68,0.9833-1.0112,1.817E2,7,2398,FF_T_2404_Pig_Rerun_Sample_G_S1-A7_1_501.d,1,1,P68137|ACTS_PIG:Q6QAQ1|ACTB_PIG,Oxidation (M),M3:Oxidation (M):1000.00,PEAKS DB
DDFNPSVHASLD,62.96,1315.5680,12,4.3,658.7916,21.55,0.9242-0.9521,2.8411E2,7,5662,FF_T_2404_Pig_Rerun_Sample_G_S1-A7_1_501.d,1,1,P01965|HBA_PIG,,,PEAKS DB
DEDEDGRPKVH,62.93,1295.5742,11,4.2,648.7946,41.68,0.9432-0.9711,3.9221E3,7,20453,FF_T_2404_Pig_Rerun_Sample_G_S1-A7_1_501.d,2,2,tr|F1RX37|F1RX37_PIG,,,PEAKS DB
NEEQEYIKTV,62.70,1251.5983,10,0.4,626.8042,17.17,0.9030-0.9309,1.1063E3,7,4551,FF_T_2404_Pig_Rerun_Sample_G_S1-A7_1_501.d,1,1,P19619|ANXA1_PIG,,,PEAKS DB
QDKGEFLAEGGGVR,62.66,1461.7212,14,9.8,731.8722,41.67,1.0201-1.0479,4.4606E3,7,20452,FF_T_2404_Pig_Rerun_Sample_G_S1-A7_1_501.d,2,2,tr|F1RX36|F1RX36_PIG,,,PEAKS DB
SISSSTSAPSDNQ,62.56,1279.5527,13,3.4,640.7833,7.65,0.9187-0.9466,7.5303E3,7,1774,FF_T_2404_Pig_Rerun_Sample_G_S1-A7_1_501.d,1,1,P18650|APOE_PIG,,,PEAKS DB
NEEQEYIKT,62.46,1152.5299,9,5.4,577.2731,12.21,0.8818-0.9097,0,7,3118,FF_T_2404_Pig_Rerun_Sample_G_S1-A7_1_501.d,0,0,P19619|ANXA1_PIG,,,PEAKS DB
YDEDEDGRP,62.40,1094.4152,9,0.2,548.2128,7.70,0.8281-0.8561,6.3159E3,7,1770,FF_T_2404_Pig_Rerun_Sample_G_S1-A7_1_501.d,3,3,tr|F1RX37|F1RX37_PIG,,,PEAKS DB
TAQDALTSVKESEVAQQ,62.14,1803.8850,17,3.4,902.9493,17.84,1.1089-1.1367,3.0532E2,7,4753,FF_T_2404_Pig_Rerun_Sample_G_S1-A7_1_501.d,1,1,P27917|APOC3_PIG,,,PEAKS DB
HLSAEEKEAV,62.04,1111.5509,10,1.3,556.7813,41.70,0.8796-0.9075,1.0298E4,7,20554,FF_T_2404_Pig_Rerun_Sample_G_S1-A7_1_501.d,2,2,P02067|HBB_PIG,,,PEAKS DB
FFESFGDLSNADAV,61.93,1517.6674,14,6.7,759.8431,37.26,1.0401-1.0679,1.3175E4,7,13946,FF_T_2404_Pig_Rerun_Sample_G_S1-A7_1_501.d,2,2,P02067|HBB_PIG,,,PEAKS DB
GM(+15.99)GQKDSYVGDEAQS,61.75,1586.6519,15,8.3,794.3367,7.69,1.0089-1.0367,6.2107E2,7,1781,FF_T_2404_Pig_Rerun_Sample_G_S1-A7_1_501.d,1,1,P68137|ACTS_PIG:Q6QAQ1|ACTB_PIG,Oxidation (M),M2:Oxidation (M):1000.00,PEAKS DB
SISHGPGSVPGTGSPGGLKPG,61.74,1844.9380,21,-0.7,615.9838,14.29,0.8270-0.8550,0,7,3574,FF_T_2404_Pig_Rerun_Sample_G_S1-A7_1_501.d,0,0,tr|F1RX36|F1RX36_PIG,,,PEAKS DB
EDTSLLDKMQDYVKQAT,61.31,1983.9459,17,3.4,992.9798,41.70,1.1964-1.2241,1.5371E3,7,20549,FF_T_2404_Pig_Rerun_Sample_G_S1-A7_1_501.d,1,1,P27917|APOC3_PIG,,,PEAKS DB
LAWIQEHTTS,61.27,1184.5825,10,1.2,593.2969,21.83,0.8796-0.9075,1.2955E5,7,5696,FF_T_2404_Pig_Rerun_Sample_G_S1-A7_1_501.d,2,2,O97507|FA12_PIG,,,PEAKS DB
EDEADSEEGLDL,61.10,1320.5205,12,0.5,661.2653,26.07,0.9365-0.9644,2.6949E2,7,6852,FF_T_2404_Pig_Rerun_Sample_G_S1-A7_1_501.d,1,1,tr|F1RX36|F1RX36_PIG,,,PEAKS DB
GGQAGAHGAEALE,60.97,1166.5316,13,-2.8,584.2692,8.31,0.8371-0.8650,1.3358E3,7,1992,FF_T_2404_Pig_Rerun_Sample_G_S1-A7_1_501.d,1,1,P01965|HBA_PIG,,,PEAKS DB
SYKM(+15.99)EDEADSEEGLDL,60.93,1845.7462,16,3.1,923.8796,21.90,1.1145-1.1422,0,7,5744,FF_T_2404_Pig_Rerun_Sample_G_S1-A7_1_501.d,0,0,tr|F1RX36|F1RX36_PIG,Oxidation (M),M4:Oxidation (M):1000.00,PEAKS DB
DSSGPGDTTPSNPDWGT,60.92,1689.6754,17,6.6,845.8473,19.92,1.0345-1.0623,7.6491E1,7,5237,FF_T_2404_Pig_Rerun_Sample_G_S1-A7_1_501.d,1,1,tr|F1RX36|F1RX36_PIG,,,PEAKS DB
DLSNADAVM(+15.99)GNPK,60.80,1346.6136,13,-2.4,674.3099,10.83,0.9354-0.9633,6.5045E2,7,2703,FF_T_2404_Pig_Rerun_Sample_G_S1-A7_1_501.d,1,1,P02067|HBB_PIG,Oxidation (M),M9:Oxidation (M):1000.00,PEAKS DB
EAPSLRPVAPPISA,60.78,1403.7772,14,4.2,702.8961,25.88,0.9588-0.9867,3.5702E2,7,6820,FF_T_2404_Pig_Rerun_Sample_G_S1-A7_1_501.d,1,1,tr|F1RX37|F1RX37_PIG,,,PEAKS DB
EDTSLLDKM(+15.99)QDYVKQA,60.77,1898.8931,16,0.6,633.9695,19.03,0.8180-0.8460,4.5735E3,7,5029,FF_T_2404_Pig_Rerun_Sample_G_S1-A7_1_501.d,4,4,P27917|APOC3_PIG,Oxidation (M),M9:Oxidation (M):1000.00,PEAKS DB
KGEFLAEGGGV,60.66,1062.5345,11,-0.4,532.2723,20.21,0.8348-0.8628,1.0763E5,7,5266,FF_T_2404_Pig_Rerun_Sample_G_S1-A7_1_501.d,6,6,tr|F1RX36|F1RX36_PIG,,,PEAKS DB
DYDEDEDGRP,60.61,1209.4421,10,-1.1,605.7253,9.68,0.8796-0.9075,2.5948E3,7,2390,FF_T_2404_Pig_Rerun_Sample_G_S1-A7_1_501.d,2,2,tr|F1RX37|F1RX37_PIG,,,PEAKS DB
DEDPGTPKPV,60.56,1053.4978,10,1.4,527.7549,10.20,0.8359-0.8639,0,7,2555,FF_T_2404_Pig_Rerun_Sample_G_S1-A7_1_501.d,0,0,P51524|PF11_PIG:P80054|PR39_PIG,,,PEAKS DB
ELDQPPKADEDPGTPKPV,60.55,1931.9475,18,-2.9,644.9854,14.27,0.8303-0.8583,8.0722E2,7,3551,FF_T_2404_Pig_Rerun_Sample_G_S1-A7_1_501.d,1,1,P51524|PF11_PIG:P80054|PR39_PIG,,,PEAKS DB
SPLPDITPADF,60.53,1171.5760,11,1.4,586.7938,37.35,0.8740-0.9019,1.3379E4,7,13990,FF_T_2404_Pig_Rerun_Sample_G_S1-A7_1_501.d,3,3,tr|F1RX36|F1RX36_PIG,,,PEAKS DB
TSVKESEVAQQA,60.06,1275.6306,12,0.6,638.8205,8.12,0.9120-0.9399,1.8853E3,7,1925,FF_T_2404_Pig_Rerun_Sample_G_S1-A7_1_501.d,1,1,P27917|APOC3_PIG,,,PEAKS DB
EDTSLLDKM(+15.99)QDY,59.86,1472.6340,12,5.0,737.3251,18.94,0.9922-1.0201,7.2371E2,7,5004,FF_T_2404_Pig_Rerun_Sample_G_S1-A7_1_501.d,1,1,P27917|APOC3_PIG,Oxidation (M),M9:Oxidation (M):1000.00,PEAKS DB
DFWDYTPKPEPS,59.86,1480.6510,12,4.2,741.3330,30.51,0.9867-1.0145,2.3215E3,7,8448,FF_T_2404_Pig_Rerun_Sample_G_S1-A7_1_501.d,2,2,P27917|APOC3_PIG,,,PEAKS DB
DEVNQDFTNRIN,59.85,1463.6641,12,0.6,732.8369,17.97,0.9778-1.0056,0,7,4800,FF_T_2404_Pig_Rerun_Sample_G_S1-A7_1_501.d,0,0,tr|F1RX36|F1RX36_PIG,,,PEAKS DB
ALTSVKESEVAQQA,59.41,1459.7518,14,2.5,730.8821,13.96,1.0000-1.0279,3.2733E2,7,3478,FF_T_2404_Pig_Rerun_Sample_G_S1-A7_1_501.d,1,1,P27917|APOC3_PIG,,,PEAKS DB
EDEADSEEGLD,59.38,1207.4364,11,0.3,604.7233,11.17,0.8874-0.9153,2.7921E3,7,2791,FF_T_2404_Pig_Rerun_Sample_G_S1-A7_1_501.d,1,1,tr|F1RX36|F1RX36_PIG,,,PEAKS DB
GGSISHGPGSVPGTGSPGGLKPG,59.32,1958.9810,23,4.4,654.0013,14.46,0.8303-0.8583,6.0151E2,7,3604,FF_T_2404_Pig_Rerun_Sample_G_S1-A7_1_501.d,2,2,tr|F1RX36|F1RX36_PIG,,,PEAKS DB
VHLSAEEKEAVL,59.29,1323.7034,12,5.8,662.8602,41.73,0.9967-1.0245,0,7,20761,FF_T_2404_Pig_Rerun_Sample_G_S1-A7_1_501.d,0,0,P02067|HBB_PIG,,,PEAKS DB
SGSVSPGTKSEVHTS,59.19,1458.6951,15,4.1,730.3550,5.41,0.9778-1.0056,1.6467E3,7,701,FF_T_2404_Pig_Rerun_Sample_G_S1-A7_1_501.d,1,1,tr|F1RX36|F1RX36_PIG,,,PEAKS DB
M(+15.99)EDEADSEEGLDLKGGHVI,59.00,2058.9050,19,0.3,687.3065,22.55,0.9688-0.9967,1.2669E3,7,5970,FF_T_2404_Pig_Rerun_Sample_G_S1-A7_1_501.d,2,2,tr|F1RX36|F1RX36_PIG,Oxidation (M),M1:Oxidation (M):1000.00,PEAKS DB
FPPPNFPGPRFPPPNFPGP,58.92,2075.0417,19,5.1,1038.5294,41.72,1.2219-1.2495,1.5695E4,7,20539,FF_T_2404_Pig_Rerun_Sample_G_S1-A7_1_501.d,1,1,P51524|PF11_PIG,,,PEAKS DB
TITKTINREGGAVES,58.78,1574.8264,15,5.9,788.4221,41.65,1.0656-1.0934,1.5261E3,7,20329,FF_T_2404_Pig_Rerun_Sample_G_S1-A7_1_501.d,2,2,tr|F1RX36|F1RX36_PIG,,,PEAKS DB
DDPQSPWDR,58.73,1114.4679,9,-0.4,558.2388,15.37,0.8371-0.8650,4.0991E2,7,3874,FF_T_2404_Pig_Rerun_Sample_G_S1-A7_1_501.d,1,1,P18648|APOA1_PIG,,,PEAKS DB
DETSLSRDPFPDF,58.67,1524.6732,13,7.8,763.3469,34.24,1.0023-1.0301,6.3946E2,7,10346,FF_T_2404_Pig_Rerun_Sample_G_S1-A7_1_501.d,1,1,tr|F1RX36|F1RX36_PIG,,,PEAKS DB
DTSLLDKM(+15.99)QDY,58.56,1343.5914,11,-2.1,672.7990,19.65,0.9399-0.9677,0,7,5176,FF_T_2404_Pig_Rerun_Sample_G_S1-A7_1_501.d,0,0,P27917|APOC3_PIG,Oxidation (M),M8:Oxidation (M):1000.00,PEAKS DB
FPPPNFPGPRFPPPN,58.47,1676.8463,15,8.1,839.4340,41.54,1.0890-1.1167,2.4116E3,7,20150,FF_T_2404_Pig_Rerun_Sample_G_S1-A7_1_501.d,1,1,P51524|PF11_PIG,,,PEAKS DB
GGQAGAHGAEAL,58.40,1037.4890,12,-5.4,519.7469,8.38,0.8180-0.8460,2.4212E2,7,2020,FF_T_2404_Pig_Rerun_Sample_G_S1-A7_1_501.d,1,1,P01965|HBA_PIG,,,PEAKS DB
EEAPSLRPV,58.39,996.5240,9,0.1,499.2674,16.54,0.8080-0.8359,9.2759E3,7,4346,FF_T_2404_Pig_Rerun_Sample_G_S1-A7_1_501.d,4,4,tr|F1RX37|F1RX37_PIG,,,PEAKS DB
DSLDDYVNTQGAF,58.34,1443.6154,13,4.6,722.8155,32.41,0.9889-1.0167,4.1366E2,7,9253,FF_T_2404_Pig_Rerun_Sample_G_S1-A7_1_501.d,1,1,P06867|PLMN_PIG,,,PEAKS DB
TKTINREGGAVES,58.32,1360.6946,13,-2.1,681.3505,5.43,0.9432-0.9711,0,7,712,FF_T_2404_Pig_Rerun_Sample_G_S1-A7_1_501.d,0,0,tr|F1RX36|F1RX36_PIG,,,PEAKS DB
DRLNEQSSEANLY,58.27,1537.7008,13,6.4,769.8596,16.92,1.0101-1.0379,2.935E2,7,4476,FF_T_2404_Pig_Rerun_Sample_G_S1-A7_1_501.d,1,1,P51524|PF11_PIG:P80054|PR39_PIG,,,PEAKS DB
EVSGSVSPGTK,58.27,1046.5244,11,-1.6,524.2666,6.05,0.8192-0.8471,7.1458E3,7,950,FF_T_2404_Pig_Rerun_Sample_G_S1-A7_1_501.d,1,1,tr|F1RX36|F1RX36_PIG,,,PEAKS DB
PPEWKALLETRQV,58.14,1565.8566,13,-5.0,522.9548,41.75,0.8404-0.8684,6.4434E2,7,20789,FF_T_2404_Pig_Rerun_Sample_G_S1-A7_1_501.d,1,1,tr|F1RX36|F1RX36_PIG,,,PEAKS DB
LTSVKESEVAQQA,58.04,1388.7147,13,5.8,695.3660,11.67,0.9588-0.9867,3.7251E2,7,2962,FF_T_2404_Pig_Rerun_Sample_G_S1-A7_1_501.d,1,1,P27917|APOC3_PIG,,,PEAKS DB
DSSGPGDTTPSNPDWGTF,57.98,1836.7438,18,3.5,919.3788,31.72,1.1100-1.1378,2.1437E2,7,8914,FF_T_2404_Pig_Rerun_Sample_G_S1-A7_1_501.d,1,1,tr|F1RX36|F1RX36_PIG,,,PEAKS DB
DLHAHKLRVDPV,57.51,1398.7732,12,-7.8,467.2596,41.81,0.7429-0.7710,1.4085E3,7,21120,FF_T_2404_Pig_Rerun_Sample_G_S1-A7_1_501.d,1,1,P01965|HBA_PIG,,,PEAKS DB
M(+15.99)EDEADSEEGLDLKGGHV,57.50,1945.8210,18,-0.8,649.6113,17.19,0.9332-0.9610,7.787E2,7,4543,FF_T_2404_Pig_Rerun_Sample_G_S1-A7_1_501.d,1,1,tr|F1RX36|F1RX36_PIG,Oxidation (M),M1:Oxidation (M):1000.00,PEAKS DB
SILAAIDEASKKLNAQ,57.41,1670.9203,16,6.2,836.4694,41.77,1.1699-1.1975,0,7,20957,FF_T_2404_Pig_Rerun_Sample_G_S1-A7_1_501.d,0,0,P18648|APOA1_PIG,,,PEAKS DB
EVSGSVSPGTKSEVHTS,57.39,1686.8060,17,0.7,563.2742,7.41,0.8001-0.8281,7.2452E4,7,1631,FF_T_2404_Pig_Rerun_Sample_G_S1-A7_1_501.d,5,5,tr|F1RX36|F1RX36_PIG,,,PEAKS DB
FHPDGPEYSSSS,57.32,1308.5259,12,17.1,655.2789,11.16,0.9298-0.9577,2.1532E2,7,2785,FF_T_2404_Pig_Rerun_Sample_G_S1-A7_1_501.d,1,1,tr|F1RX36|F1RX36_PIG,,,PEAKS DB
VLSAADKANVKA,57.09,1185.6716,12,-2.4,593.8394,8.88,0.9175-0.9454,8.3304E2,7,2183,FF_T_2404_Pig_Rerun_Sample_G_S1-A7_1_501.d,2,2,P01965|HBA_PIG,,,PEAKS DB
DEDEDGRPK,57.06,1059.4468,9,0.2,530.7287,4.32,0.8214-0.8494,1.4353E4,7,149,FF_T_2404_Pig_Rerun_Sample_G_S1-A7_1_501.d,3,3,tr|F1RX37|F1RX37_PIG,,,PEAKS DB
WDYTPKPEPS,57.00,1218.5557,10,5.5,610.2861,17.11,0.8784-0.9064,0,7,4531,FF_T_2404_Pig_Rerun_Sample_G_S1-A7_1_501.d,0,0,P27917|APOC3_PIG,,,PEAKS DB
TINREGGAVES,56.87,1131.5520,11,-0.6,566.7808,6.71,0.8382-0.8662,3.7247E4,7,1079,FF_T_2404_Pig_Rerun_Sample_G_S1-A7_1_501.d,5,5,tr|F1RX36|F1RX36_PIG,,,PEAKS DB
VLSAADKANVK,56.82,1114.6345,11,3.1,558.3241,41.67,0.9064-0.9343,6.9136E2,7,20464,FF_T_2404_Pig_Rerun_Sample_G_S1-A7_1_501.d,2,2,P01965|HBA_PIG,,,PEAKS DB
DYDEDEDGRPKVH,56.56,1573.6644,13,-3.6,525.5582,6.55,0.7855-0.8136,5.8059E2,7,1270,FF_T_2404_Pig_Rerun_Sample_G_S1-A7_1_501.d,1,1,tr|F1RX37|F1RX37_PIG,,,PEAKS DB
TPPEWKALLETRQV,56.40,1666.9042,14,7.6,834.4625,41.75,1.1178-1.1455,4.0517E3,7,20831,FF_T_2404_Pig_Rerun_Sample_G_S1-A7_1_501.d,1,1,tr|F1RX36|F1RX36_PIG,,,PEAKS DB
IEAEDTSLLDKM(+15.99)QDYVKQAT,56.39,2313.1045,20,-1.2,772.0381,22.96,0.9142-0.9421,6.1679E2,7,6071,FF_T_2404_Pig_Rerun_Sample_G_S1-A7_1_501.d,1,1,P27917|APOC3_PIG,Oxidation (M),M12:Oxidation (M):1000.00,PEAKS DB
LDDFQNKWQEEM(+15.99)ETY,56.37,1990.8254,15,6.1,996.4222,25.33,1.1433-1.1710,5.7973E2,7,6628,FF_T_2404_Pig_Rerun_Sample_G_S1-A7_1_501.d,1,1,P18648|APOA1_PIG,Oxidation (M),M12:Oxidation (M):1000.00,PEAKS DB
DYDEDEDGRPK,56.31,1337.5371,11,-0.8,669.7727,5.56,0.9321-0.9599,5.4556E2,7,760,FF_T_2404_Pig_Rerun_Sample_G_S1-A7_1_501.d,1,1,tr|F1RX37|F1RX37_PIG,,,PEAKS DB
ESFGDLSNADAV,56.19,1223.5305,12,2.2,612.7715,27.69,0.9209-0.9488,2.3401E4,7,7390,FF_T_2404_Pig_Rerun_Sample_G_S1-A7_1_501.d,1,1,P02067|HBB_PIG,,,PEAKS DB
NFPGPRFPPPNFPGP,56.11,1636.8149,15,-3.2,819.4089,41.68,1.0712-1.0989,2.0073E3,7,20349,FF_T_2404_Pig_Rerun_Sample_G_S1-A7_1_501.d,1,1,P51524|PF11_PIG,,,PEAKS DB
TAQDALTSVKESEVA,56.10,1547.7678,15,2.3,774.8900,19.05,1.0323-1.0601,2.3227E2,7,5030,FF_T_2404_Pig_Rerun_Sample_G_S1-A7_1_501.d,1,1,P27917|APOC3_PIG,,,PEAKS DB
IDEASKKLNAQ,56.06,1215.6459,11,1.5,608.8287,6.06,0.9220-0.9499,0,7,1002,FF_T_2404_Pig_Rerun_Sample_G_S1-A7_1_501.d,0,0,P18648|APOA1_PIG,,,PEAKS DB
EDEADSEEGLDLKGGHV,55.89,1798.7856,17,0.7,600.6006,17.35,0.8907-0.9187,7.2809E2,7,4576,FF_T_2404_Pig_Rerun_Sample_G_S1-A7_1_501.d,1,1,tr|F1RX36|F1RX36_PIG,,,PEAKS DB
DDFNPSVHA,55.58,1000.4250,9,-0.8,501.2174,15.63,0.8102-0.8382,5.7824E3,7,4172,FF_T_2404_Pig_Rerun_Sample_G_S1-A7_1_501.d,1,1,P01965|HBA_PIG,,,PEAKS DB
RTAQDALTSVKESEV,55.58,1632.8318,15,-14.1,545.2747,16.94,0.7754-0.8035,0,7,4492,FF_T_2404_Pig_Rerun_Sample_G_S1-A7_1_501.d,0,0,P27917|APOC3_PIG,,,PEAKS DB
DEEVGDALGENADAAIEG,55.52,1773.7540,18,0.4,887.8812,28.20,1.1067-1.1344,0,7,7638,FF_T_2404_Pig_Rerun_Sample_G_S1-A7_1_501.d,0,0,Q19AZ8|THRB_PIG,,,PEAKS DB
EVSGSVSPGTKSE,55.35,1262.5990,13,1.6,632.3053,6.51,0.8952-0.9231,5.575E2,7,1204,FF_T_2404_Pig_Rerun_Sample_G_S1-A7_1_501.d,1,1,tr|F1RX36|F1RX36_PIG,,,PEAKS DB
DEVGGEALGRL,55.19,1114.5618,11,2.3,558.2873,23.99,0.8617-0.8896,0,7,6344,FF_T_2404_Pig_Rerun_Sample_G_S1-A7_1_501.d,0,0,P02067|HBB_PIG,,,PEAKS DB
VADALTKAV,55.16,886.5123,9,-6.8,444.2587,17.12,0.7710-0.7990,0,7,4538,FF_T_2404_Pig_Rerun_Sample_G_S1-A7_1_501.d,0,0,P01965|HBA_PIG,,,PEAKS DB
GDFSNANNNDNIY,55.09,1456.5854,13,1.4,729.2982,19.45,0.9688-0.9967,2.3984E2,7,5116,FF_T_2404_Pig_Rerun_Sample_G_S1-A7_1_501.d,1,1,tr|F1RX36|F1RX36_PIG,,,PEAKS DB
TINREGGAVESKSY,54.98,1509.7423,14,7.5,755.8812,41.67,1.0423-1.0701,2.2763E3,7,20398,FF_T_2404_Pig_Rerun_Sample_G_S1-A7_1_501.d,2,2,tr|F1RX36|F1RX36_PIG,,,PEAKS DB
DQAQKAEGAGDA,54.91,1159.5105,12,0.8,580.7607,4.69,0.8438-0.8717,0,7,251,FF_T_2404_Pig_Rerun_Sample_G_S1-A7_1_501.d,0,0,P80272|HMGN2_PIG,,,PEAKS DB
FESFGDLSNADAV,54.86,1370.5990,13,1.1,686.3049,32.67,0.9856-1.0134,1.5028E4,7,9271,FF_T_2404_Pig_Rerun_Sample_G_S1-A7_1_501.d,1,1,P02067|HBB_PIG,,,PEAKS DB
HGAEALERM(+15.99)FLGFPT,54.81,1690.8137,15,11.8,846.4208,41.77,1.0978-1.1256,0,7,20927,FF_T_2404_Pig_Rerun_Sample_G_S1-A7_1_501.d,0,0,P01965|HBA_PIG,Oxidation (M),M9:Oxidation (M):1000.00,PEAKS DB
ETPPEWKALLETRQV,54.73,1795.9468,15,7.8,898.9841,41.73,1.1389-1.1666,2.1158E3,7,20747,FF_T_2404_Pig_Rerun_Sample_G_S1-A7_1_501.d,1,1,tr|F1RX36|F1RX36_PIG,,,PEAKS DB
QAFPPPNVPGPRFPPPNFPGP,54.72,2226.1375,21,2.1,1114.0740,40.03,1.2406-1.2682,4.1233E3,7,18397,FF_T_2404_Pig_Rerun_Sample_G_S1-A7_1_501.d,1,1,P51524|PF11_PIG,,,PEAKS DB
DTSLLDKM(+15.99)QDYVKQAT,54.67,1870.8982,16,-2.2,624.6362,21.13,0.8315-0.8594,2.5061E3,7,5574,FF_T_2404_Pig_Rerun_Sample_G_S1-A7_1_501.d,4,4,P27917|APOC3_PIG,Oxidation (M),M8:Oxidation (M):1000.00,PEAKS DB
GEFLAEGGGVR,54.52,1090.5406,11,-0.7,546.2751,17.63,0.8740-0.9019,2.9152E4,7,4633,FF_T_2404_Pig_Rerun_Sample_G_S1-A7_1_501.d,2,2,tr|F1RX36|F1RX36_PIG,,,PEAKS DB
DTTPSNPDWGT,54.47,1189.4888,11,-1.7,595.7484,18.21,0.8315-0.8594,0,7,4852,FF_T_2404_Pig_Rerun_Sample_G_S1-A7_1_501.d,0,0,tr|F1RX36|F1RX36_PIG,,,PEAKS DB
DYTPKPEPS,54.44,1032.4763,9,-0.5,517.2432,9.22,0.8359-0.8639,4.6926E3,7,2282,FF_T_2404_Pig_Rerun_Sample_G_S1-A7_1_501.d,2,2,P27917|APOC3_PIG,,,PEAKS DB
HM(+15.99)LPGKGSLDEFFH,54.25,1629.7609,14,2.0,544.2599,41.77,0.9041-0.9321,0,7,20961,FF_T_2404_Pig_Rerun_Sample_G_S1-A7_1_501.d,0,0,tr|F1RX36|F1RX36_PIG,Oxidation (M),M2:Oxidation (M):1000.00,PEAKS DB
DEADSEEGLDLKGGHV,54.17,1669.7430,16,-0.8,557.5857,17.72,0.8606-0.8885,0,7,4691,FF_T_2404_Pig_Rerun_Sample_G_S1-A7_1_501.d,0,0,tr|F1RX36|F1RX36_PIG,,,PEAKS DB
EEIPPADLSDQVPDTESETKILLQGTPVA,54.13,3091.5447,29,5.8,1031.5242,41.47,1.0845-1.1123,2.0453E3,7,19759,FF_T_2404_Pig_Rerun_Sample_G_S1-A7_1_501.d,1,1,P01025|CO3_PIG,,,PEAKS DB
DTSLLDKM(+15.99)QDYV,54.01,1442.6599,12,6.2,722.3389,24.68,0.9856-1.0134,1.0683E3,7,6466,FF_T_2404_Pig_Rerun_Sample_G_S1-A7_1_501.d,1,1,P27917|APOC3_PIG,Oxidation (M),M8:Oxidation (M):1000.00,PEAKS DB
QAFPPPNVPGPR,53.93,1275.6724,12,1.5,638.8419,27.66,0.9231-0.9510,1.3347E4,7,7470,FF_T_2404_Pig_Rerun_Sample_G_S1-A7_1_501.d,1,1,P51524|PF11_PIG,,,PEAKS DB
DETSLSRDP,53.91,1018.4567,9,-1.7,510.2328,9.72,0.8113-0.8393,4.3291E4,7,2276,FF_T_2404_Pig_Rerun_Sample_G_S1-A7_1_501.d,3,3,tr|F1RX36|F1RX36_PIG,,,PEAKS DB
EDTSLLDKM(+15.99)QDYVKQATRTAQDALTSVKESEVAQQA,53.81,4012.9534,36,11.6,1004.2534,41.71,1.1078-1.1355,0,7,20680,FF_T_2404_Pig_Rerun_Sample_G_S1-A7_1_501.d,0,0,P27917|APOC3_PIG,Oxidation (M),M9:Oxidation (M):1000.00,PEAKS DB
DALTSVKESEVAQ,53.67,1375.6831,13,1.7,688.8474,17.06,0.9811-1.0089,3.5264E2,7,4509,FF_T_2404_Pig_Rerun_Sample_G_S1-A7_1_501.d,1,1,P27917|APOC3_PIG,,,PEAKS DB
PPISAGGYQPRPA,53.65,1309.6779,13,3.2,655.8458,14.75,0.9321-0.9599,2.1256E2,7,3678,FF_T_2404_Pig_Rerun_Sample_G_S1-A7_1_501.d,1,1,tr|F1RX37|F1RX37_PIG,,,PEAKS DB
DGPEYSSSSKIS,53.31,1255.5568,12,5.4,628.7866,9.86,0.8919-0.9198,0,7,2466,FF_T_2404_Pig_Rerun_Sample_G_S1-A7_1_501.d,0,0,tr|F1RX36|F1RX36_PIG,,,PEAKS DB
EEQEYIKTV,53.05,1137.5553,9,1.1,569.7833,15.77,0.8818-0.9097,2.8799E2,7,4118,FF_T_2404_Pig_Rerun_Sample_G_S1-A7_1_501.d,1,1,P19619|ANXA1_PIG,,,PEAKS DB
DEDGRPKV,53.05,914.4457,8,-4.1,458.2265,37.91,0.7923-0.8203,7.28E4,7,15433,FF_T_2404_Pig_Rerun_Sample_G_S1-A7_1_501.d,4,4,tr|F1RX37|F1RX37_PIG,,,PEAKS DB
VGGQAGAHGAEA,52.98,1023.4733,12,-1.1,512.7414,4.86,0.8080-0.8359,0,7,338,FF_T_2404_Pig_Rerun_Sample_G_S1-A7_1_501.d,0,0,P01965|HBA_PIG,,,PEAKS DB
FPPPNFPGPRFPPPNFP,52.92,1920.9674,17,8.8,961.4957,41.74,1.1677-1.1953,2.1885E3,7,20718,FF_T_2404_Pig_Rerun_Sample_G_S1-A7_1_501.d,1,1,P51524|PF11_PIG,,,PEAKS DB
TETQEKNPLPSKETIEQEKQAGES,52.60,2700.3088,24,-1.6,676.0808,11.88,0.9120-0.9399,0,7,3035,FF_T_2404_Pig_Rerun_Sample_G_S1-A7_1_501.d,0,0,Q95274|TYB4_PIG,,,PEAKS DB
DETSLSRDPFP,52.58,1262.5779,11,1.5,632.2947,36.94,0.9187-0.9466,2.9086E4,7,13680,FF_T_2404_Pig_Rerun_Sample_G_S1-A7_1_501.d,2,2,tr|F1RX36|F1RX36_PIG,,,PEAKS DB
DEDGRPKVH,52.52,1051.5046,9,-1.0,526.7570,41.68,0.8404-0.8684,1.5939E3,7,20465,FF_T_2404_Pig_Rerun_Sample_G_S1-A7_1_501.d,1,1,tr|F1RX37|F1RX37_PIG,,,PEAKS DB
HPDDFNPSVHA,52.34,1234.5366,11,10.0,618.2794,41.67,0.9298-0.9577,0,7,20504,FF_T_2404_Pig_Rerun_Sample_G_S1-A7_1_501.d,0,0,P01965|HBA_PIG,,,PEAKS DB
FPPPNFPGPR,52.30,1124.5767,10,0.5,563.2937,38.02,0.8684-0.8963,7.529E5,7,15612,FF_T_2404_Pig_Rerun_Sample_G_S1-A7_1_501.d,22,22,P51524|PF11_PIG,,,PEAKS DB
DALTSVKESEV,52.13,1176.5874,11,0.0,589.2987,18.62,0.8840-0.9120,2.2139E2,7,4941,FF_T_2404_Pig_Rerun_Sample_G_S1-A7_1_501.d,1,1,P27917|APOC3_PIG,,,PEAKS DB
EVSGSVSPGTKSEVHT,52.05,1599.7740,16,-1.9,534.2622,8.29,0.7844-0.8124,1.335E3,7,1993,FF_T_2404_Pig_Rerun_Sample_G_S1-A7_1_501.d,1,1,tr|F1RX36|F1RX36_PIG,,,PEAKS DB
DSGDGVTHNVPIYEGY,51.94,1721.7533,16,5.3,861.8851,25.75,1.0712-1.0989,0,7,6790,FF_T_2404_Pig_Rerun_Sample_G_S1-A7_1_501.d,0,0,P68137|ACTS_PIG,,,PEAKS DB
EDTSLLDKM(+15.99)QDYVKQ,51.91,1827.8560,15,-8.7,610.2849,17.25,0.8169-0.8449,0,7,4570,FF_T_2404_Pig_Rerun_Sample_G_S1-A7_1_501.d,0,0,P27917|APOC3_PIG,Oxidation (M),M9:Oxidation (M):1000.00,PEAKS DB
LPGKGSLDEFFH,51.91,1345.6666,12,6.8,673.8425,41.75,0.9856-1.0134,0,7,20887,FF_T_2404_Pig_Rerun_Sample_G_S1-A7_1_501.d,0,0,tr|F1RX36|F1RX36_PIG,,,PEAKS DB
STVLTSKY,51.81,897.4807,8,-12.5,449.7403,13.42,0.7766-0.8046,0,7,3351,FF_T_2404_Pig_Rerun_Sample_G_S1-A7_1_501.d,0,0,P01965|HBA_PIG,,,PEAKS DB
VLSAADKANV,51.72,986.5396,10,-2.6,494.2739,11.44,0.8180-0.8460,9.4101E3,7,2860,FF_T_2404_Pig_Rerun_Sample_G_S1-A7_1_501.d,6,6,P01965|HBA_PIG,,,PEAKS DB
DDFNPSVH,51.61,929.3879,8,-2.6,465.6982,12.64,0.7979-0.8259,1.6012E3,7,3171,FF_T_2404_Pig_Rerun_Sample_G_S1-A7_1_501.d,1,1,P01965|HBA_PIG,,,PEAKS DB
QDALTSVKESEV,51.48,1304.6460,12,2.3,653.3292,17.80,0.9521-0.9800,0,7,4754,FF_T_2404_Pig_Rerun_Sample_G_S1-A7_1_501.d,0,0,P27917|APOC3_PIG,,,PEAKS DB
EEIPPADLSDQVPDTESET,51.48,2070.9116,19,-10.1,1036.4486,26.29,1.1821-1.2097,0,7,6912,FF_T_2404_Pig_Rerun_Sample_G_S1-A7_1_501.d,0,0,P01025|CO3_PIG,,,PEAKS DB
ETSLSRDPFPDFFSPV,51.38,1839.8679,16,8.8,920.9457,41.81,1.1267-1.1544,0,7,21113,FF_T_2404_Pig_Rerun_Sample_G_S1-A7_1_501.d,0,0,tr|F1RX36|F1RX36_PIG,,,PEAKS DB
NLSHGSDQV,51.31,955.4359,9,-3.2,478.7219,6.85,0.8001-0.8281,4.6643E3,7,1375,FF_T_2404_Pig_Rerun_Sample_G_S1-A7_1_501.d,1,1,P01965|HBA_PIG,,,PEAKS DB
EVSGSVSPGTKSEVH,51.29,1498.7263,15,-2.2,500.5797,6.80,0.7721-0.8001,0,7,1407,FF_T_2404_Pig_Rerun_Sample_G_S1-A7_1_501.d,0,0,tr|F1RX36|F1RX36_PIG,,,PEAKS DB
DLYANTVLSGGTTM(+15.99)YPGIAD,51.24,2073.9565,20,4.8,1037.9865,34.61,1.1986-1.2263,4.5457E2,7,10636,FF_T_2404_Pig_Rerun_Sample_G_S1-A7_1_501.d,1,1,Q6QAQ1|ACTB_PIG,Oxidation (M),M14:Oxidation (M):1000.00,PEAKS DB
GFFHPDGPEYSSSS,51.22,1512.6157,14,1.3,757.3132,21.33,0.9789-1.0067,0,7,5621,FF_T_2404_Pig_Rerun_Sample_G_S1-A7_1_501.d,0,0,tr|F1RX36|F1RX36_PIG,,,PEAKS DB
TEAPLNPK,51.11,868.4654,8,-4.8,435.2362,8.23,0.7754-0.8035,9.8539E2,7,1964,FF_T_2404_Pig_Rerun_Sample_G_S1-A7_1_501.d,1,1,P68137|ACTS_PIG:Q6QAQ1|ACTB_PIG,,,PEAKS DB
FPPPNFPGPRFPPP,51.08,1562.8033,14,6.9,782.4113,41.71,1.0645-1.0923,2.706E3,7,20562,FF_T_2404_Pig_Rerun_Sample_G_S1-A7_1_501.d,1,1,P51524|PF11_PIG,,,PEAKS DB
EEIPPADLSDQVPDTESETKILLQGTPV,50.97,3020.5076,28,4.8,1007.8441,41.55,1.0556-1.0834,2.7453E3,7,19857,FF_T_2404_Pig_Rerun_Sample_G_S1-A7_1_501.d,2,2,P01025|CO3_PIG,,,PEAKS DB
EFDGKTHPG,50.93,986.4457,9,-2.8,494.2269,41.65,0.8303-0.8583,2.4873E3,7,20308,FF_T_2404_Pig_Rerun_Sample_G_S1-A7_1_501.d,2,2,tr|F1RX36|F1RX36_PIG,,,PEAKS DB
TTFKNLQTVNVDEN,50.89,1621.7948,14,3.1,811.9041,20.04,1.0790-1.1067,0,7,5271,FF_T_2404_Pig_Rerun_Sample_G_S1-A7_1_501.d,0,0,P62901|RL31_PIG,,,PEAKS DB
HLDDLPGALSA,50.66,1107.5560,11,-0.2,554.7830,25.65,0.8695-0.8974,0,7,6763,FF_T_2404_Pig_Rerun_Sample_G_S1-A7_1_501.d,0,0,P01965|HBA_PIG,,,PEAKS DB
HFNLSHGSDQV,50.63,1239.5632,11,4.2,620.7891,41.71,0.9187-0.9466,1.0175E3,7,20696,FF_T_2404_Pig_Rerun_Sample_G_S1-A7_1_501.d,1,1,P01965|HBA_PIG,,,PEAKS DB
VLERVGGDE,50.61,972.4876,9,-3.9,487.2473,9.57,0.8012-0.8292,5.2375E2,7,2368,FF_T_2404_Pig_Rerun_Sample_G_S1-A7_1_501.d,1,1,tr|F1RX36|F1RX36_PIG,,,PEAKS DB
EFLAEGGGVR,50.38,1033.5192,10,-1.9,517.7639,36.39,0.8281-0.8561,8.9904E4,7,13184,FF_T_2404_Pig_Rerun_Sample_G_S1-A7_1_501.d,2,2,tr|F1RX36|F1RX36_PIG,,,PEAKS DB
VQMAEVQDKGEFLAEGGGV,50.29,1962.9357,19,18.5,982.4894,35.80,1.1654-1.1931,3.3953E2,7,12221,FF_T_2404_Pig_Rerun_Sample_G_S1-A7_1_501.d,1,1,tr|F1RX36|F1RX36_PIG,,,PEAKS DB
ELDQPPKADEDPGTP,50.22,1607.7314,15,2.1,804.8715,13.64,1.0167-1.0445,3.8974E2,7,3396,FF_T_2404_Pig_Rerun_Sample_G_S1-A7_1_501.d,1,1,P51524|PF11_PIG:P80054|PR39_PIG,,,PEAKS DB
VPPGIPPVH,50.22,911.5228,9,0.0,456.7669,18.31,0.7889-0.8169,0,7,4880,FF_T_2404_Pig_Rerun_Sample_G_S1-A7_1_501.d,0,0,P29700|FETUA_PIG,,,PEAKS DB
SLEDKTEKELFESYIEG,50.22,2015.9575,17,9.9,1008.9921,41.73,1.1898-1.2174,3.9947E3,7,20691,FF_T_2404_Pig_Rerun_Sample_G_S1-A7_1_501.d,1,1,Q19AZ8|THRB_PIG,,,PEAKS DB
QDATAEEEEDFGEEAEEEA,50.20,2126.7922,19,3.2,1064.4027,23.87,1.1699-1.1975,6.2408E1,7,6307,FF_T_2404_Pig_Rerun_Sample_G_S1-A7_1_501.d,1,1,Q767L7|TBB5_PIG,,,PEAKS DB
TTADDFQPFFNEKTF,50.15,1806.8101,15,10.7,904.4185,41.67,1.1455-1.1732,0,7,20517,FF_T_2404_Pig_Rerun_Sample_G_S1-A7_1_501.d,0,0,Q19AZ8|THRB_PIG,,,PEAKS DB
EEAPSLRPVAPPIS,50.06,1461.7827,14,2.8,731.8978,25.08,0.9844-1.0123,0,7,6582,FF_T_2404_Pig_Rerun_Sample_G_S1-A7_1_501.d,0,0,tr|F1RX37|F1RX37_PIG,,,PEAKS DB
GDTTPSNPDWGTF,50.03,1393.5786,13,-6.7,697.7892,30.31,0.9588-0.9867,1.0639E2,7,8395,FF_T_2404_Pig_Rerun_Sample_G_S1-A7_1_501.d,1,1,tr|F1RX36|F1RX36_PIG,,,PEAKS DB
DRLNEQSSEA,49.99,1147.5105,10,-1.2,574.7596,5.93,0.8550-0.8829,2.9913E2,7,926,FF_T_2404_Pig_Rerun_Sample_G_S1-A7_1_501.d,1,1,P51524|PF11_PIG:P80054|PR39_PIG,,,PEAKS DB
EDGRPKVHVDA,49.81,1221.6101,11,4.6,611.8127,41.70,0.9309-0.9588,2.0494E3,7,20564,FF_T_2404_Pig_Rerun_Sample_G_S1-A7_1_501.d,1,1,tr|F1RX37|F1RX37_PIG,,,PEAKS DB
DGQVITIGNE,49.74,1044.5088,10,-0.3,523.2595,22.99,0.8236-0.8516,0,7,6077,FF_T_2404_Pig_Rerun_Sample_G_S1-A7_1_501.d,0,0,P68137|ACTS_PIG:Q6QAQ1|ACTB_PIG,,,PEAKS DB
STTALVSSPKEGAL,49.74,1359.7245,14,1.3,680.8677,19.85,0.9867-1.0145,0,7,5220,FF_T_2404_Pig_Rerun_Sample_G_S1-A7_1_501.d,0,0,P50390|TTHY_PIG,,,PEAKS DB
GHLDDLPGALSA,49.72,1164.5775,12,1.1,583.2944,25.82,0.8885-0.9164,4.7201E3,7,6797,FF_T_2404_Pig_Rerun_Sample_G_S1-A7_1_501.d,3,3,P01965|HBA_PIG,,,PEAKS DB
DGRPKVHVDA,49.71,1092.5676,10,0.6,547.2893,41.71,0.8919-0.9198,3.2562E3,7,20576,FF_T_2404_Pig_Rerun_Sample_G_S1-A7_1_501.d,1,1,tr|F1RX37|F1RX37_PIG,,,PEAKS DB
AVSISSSTSAPSDNQ,49.60,1449.6583,15,0.6,725.8340,12.74,0.9822-1.0101,2.3948E2,7,3193,FF_T_2404_Pig_Rerun_Sample_G_S1-A7_1_501.d,1,1,P18650|APOE_PIG,,,PEAKS DB
DFENEM(+15.99)ATAASSSSLE,49.49,1703.6832,16,3.4,852.8484,20.47,1.0634-1.0912,0,7,5372,FF_T_2404_Pig_Rerun_Sample_G_S1-A7_1_501.d,0,0,P68137|ACTS_PIG,Oxidation (M),M6:Oxidation (M):1000.00,PEAKS DB
DEDEDGRP,49.44,931.3519,8,-5.7,466.6787,5.04,0.7743-0.8023,2.4671E3,7,471,FF_T_2404_Pig_Rerun_Sample_G_S1-A7_1_501.d,1,1,tr|F1RX37|F1RX37_PIG,,,PEAKS DB
EEAPSLRPVAPPISA,49.43,1532.8198,15,7.5,767.4199,26.54,1.0490-1.0767,0,7,7012,FF_T_2404_Pig_Rerun_Sample_G_S1-A7_1_501.d,0,0,tr|F1RX37|F1RX37_PIG,,,PEAKS DB
DTSLLDKM(+15.99)QD,49.41,1180.5282,10,0.0,591.2691,13.73,0.8762-0.9041,0,7,3427,FF_T_2404_Pig_Rerun_Sample_G_S1-A7_1_501.d,0,0,P27917|APOC3_PIG,Oxidation (M),M8:Oxidation (M):1000.00,PEAKS DB
PGVTVKDVNQQEFV,49.31,1558.7991,14,2.9,780.4061,23.10,1.0423-1.0701,0,7,6093,FF_T_2404_Pig_Rerun_Sample_G_S1-A7_1_501.d,0,0,Q29308|RS19_PIG,,,PEAKS DB
SRDPFPDFFSPV,49.29,1409.6615,12,6.6,705.8400,41.81,0.9989-1.0267,0,7,21115,FF_T_2404_Pig_Rerun_Sample_G_S1-A7_1_501.d,0,0,tr|F1RX36|F1RX36_PIG,,,PEAKS DB
VSISSSTSAPSDNQ,49.22,1378.6212,14,1.2,690.3160,11.84,0.9577-0.9856,2.9992E2,7,3010,FF_T_2404_Pig_Rerun_Sample_G_S1-A7_1_501.d,1,1,P18650|APOE_PIG,,,PEAKS DB
PPPNFPGPR,49.15,977.5082,9,-4.0,489.7575,32.42,0.8248-0.8527,1.4562E4,7,9336,FF_T_2404_Pig_Rerun_Sample_G_S1-A7_1_501.d,4,4,P51524|PF11_PIG,,,PEAKS DB
AIDYDEDEDGRPKVH,48.93,1757.7856,15,0.1,586.9336,9.74,0.8281-0.8561,0,7,2428,FF_T_2404_Pig_Rerun_Sample_G_S1-A7_1_501.d,0,0,tr|F1RX37|F1RX37_PIG,,,PEAKS DB
SGSVSPGTKSEV,48.76,1133.5564,12,-1.9,567.7822,7.32,0.8594-0.8874,5.3357E2,7,1626,FF_T_2404_Pig_Rerun_Sample_G_S1-A7_1_501.d,1,1,tr|F1RX36|F1RX36_PIG,,,PEAKS DB
APPISAGGYQP,48.74,1056.5239,11,-2.8,529.2657,19.90,0.8348-0.8628,1.8943E3,7,5239,FF_T_2404_Pig_Rerun_Sample_G_S1-A7_1_501.d,1,1,tr|F1RX37|F1RX37_PIG,,,PEAKS DB
EVSGSVSPGTKSEVHTSKLVTS,48.73,2215.1331,22,-0.9,739.3814,11.30,0.9789-1.0067,0,7,2838,FF_T_2404_Pig_Rerun_Sample_G_S1-A7_1_501.d,0,0,tr|F1RX36|F1RX36_PIG,,,PEAKS DB
DSSTLSRNIIE,48.71,1233.6201,11,-3.5,617.8128,20.19,0.9153-0.9432,8.0092E1,7,5302,FF_T_2404_Pig_Rerun_Sample_G_S1-A7_1_501.d,1,1,tr|F1RX36|F1RX36_PIG,,,PEAKS DB
PPPNVPGPR,48.68,929.5082,9,-9.2,465.7553,27.95,0.8046-0.8326,3.3599E2,7,7551,FF_T_2404_Pig_Rerun_Sample_G_S1-A7_1_501.d,1,1,P51524|PF11_PIG,,,PEAKS DB
EVSGSVSPGTKSEV,48.66,1361.6674,14,0.6,681.8387,10.34,0.9276-0.9555,7.7653E2,7,2568,FF_T_2404_Pig_Rerun_Sample_G_S1-A7_1_501.d,1,1,tr|F1RX36|F1RX36_PIG,,,PEAKS DB
ALDFENEM(+15.99)ATAASSSSLE,48.62,1887.8043,18,-1.6,944.9042,27.18,1.1256-1.1533,0,7,7292,FF_T_2404_Pig_Rerun_Sample_G_S1-A7_1_501.d,0,0,P68137|ACTS_PIG,Oxidation (M),M8:Oxidation (M):1000.00,PEAKS DB
SYVTTSTRTY,48.50,1177.5615,10,-7.2,589.7815,11.88,0.8885-0.9164,0,7,3040,FF_T_2404_Pig_Rerun_Sample_G_S1-A7_1_501.d,0,0,P02543|VIME_PIG,,,PEAKS DB
EGFTVQNEANKY,48.43,1398.6415,12,0.2,700.3254,17.57,0.9755-1.0034,0,7,4640,FF_T_2404_Pig_Rerun_Sample_G_S1-A7_1_501.d,0,0,tr|F1RX37|F1RX37_PIG,,,PEAKS DB
VLQPQPAGADAGATPV,48.30,1490.7728,16,4.7,746.3943,20.44,1.0234-1.0512,1.4241E2,7,5346,FF_T_2404_Pig_Rerun_Sample_G_S1-A7_1_501.d,1,1,P29700|FETUA_PIG,,,PEAKS DB
EDEDGRPKV,48.25,1043.4883,9,-0.1,522.7493,5.59,0.8113-0.8393,0,7,792,FF_T_2404_Pig_Rerun_Sample_G_S1-A7_1_501.d,0,0,tr|F1RX37|F1RX37_PIG,,,PEAKS DB
GKVGGQAGAHGAEALE,48.22,1450.7164,16,6.0,726.3670,41.66,1.0156-1.0434,1.7469E3,7,20484,FF_T_2404_Pig_Rerun_Sample_G_S1-A7_1_501.d,2,2,P01965|HBA_PIG,,,PEAKS DB
DRLNEQSSEAN,48.17,1261.5535,11,-5.7,631.7780,5.35,0.8829-0.9108,0,7,674,FF_T_2404_Pig_Rerun_Sample_G_S1-A7_1_501.d,0,0,P51524|PF11_PIG:P80054|PR39_PIG,,,PEAKS DB
RPPPGPPPPGPPPPGP,48.12,1509.8091,16,-0.3,755.9086,15.75,1.0101-1.0379,1.9184E2,7,4122,FF_T_2404_Pig_Rerun_Sample_G_S1-A7_1_501.d,1,1,Q95JC9|PRP_PIG,,,PEAKS DB
EDEADSEEGLDLKGGHVI,48.04,1911.8698,18,9.4,956.9474,41.67,1.1599-1.1876,9.7371E2,7,20471,FF_T_2404_Pig_Rerun_Sample_G_S1-A7_1_501.d,2,2,tr|F1RX36|F1RX36_PIG,,,PEAKS DB
GM(+15.99)GQKDSYVGDEA,48.01,1371.5613,13,3.9,686.7879,8.37,0.9343-0.9622,1.8047E2,7,2018,FF_T_2404_Pig_Rerun_Sample_G_S1-A7_1_501.d,1,1,P68137|ACTS_PIG:Q6QAQ1|ACTB_PIG,Oxidation (M),M2:Oxidation (M):1000.00,PEAKS DB
SYSTTALVSSPKEGAL,48.01,1609.8198,16,4.9,805.9180,23.77,1.0756-1.1034,1.0067E2,7,6277,FF_T_2404_Pig_Rerun_Sample_G_S1-A7_1_501.d,1,1,P50390|TTHY_PIG,,,PEAKS DB
EVSGSVSPGTKSEVHTSK,47.91,1814.9010,18,-1.5,605.9710,5.82,0.8919-0.9198,0,7,889,FF_T_2404_Pig_Rerun_Sample_G_S1-A7_1_501.d,0,0,tr|F1RX36|F1RX36_PIG,,,PEAKS DB
HLSAEEKEAVLG,47.84,1281.6565,12,4.7,641.8361,41.71,0.9867-1.0145,0,7,20663,FF_T_2404_Pig_Rerun_Sample_G_S1-A7_1_501.d,0,0,P02067|HBB_PIG,,,PEAKS DB
SKETIEQEKQAGES,47.72,1562.7423,14,-2.1,521.9183,5.14,0.7272-0.7553,0,7,529,FF_T_2404_Pig_Rerun_Sample_G_S1-A7_1_501.d,0,0,Q95274|TYB4_PIG,,,PEAKS DB
EVQDKGEFL,47.68,1063.5186,9,-2.0,532.7634,19.27,0.8460-0.8740,1.105E3,7,5067,FF_T_2404_Pig_Rerun_Sample_G_S1-A7_1_501.d,1,1,tr|F1RX36|F1RX36_PIG,,,PEAKS DB
EAPSLRPV,47.57,867.4814,8,-0.6,434.7460,15.27,0.7754-0.8035,0,7,3865,FF_T_2404_Pig_Rerun_Sample_G_S1-A7_1_501.d,0,0,tr|F1RX37|F1RX37_PIG,,,PEAKS DB
FNLSHGSDQV,47.53,1102.5043,10,0.8,552.2577,16.55,0.8684-0.8963,0,7,4408,FF_T_2404_Pig_Rerun_Sample_G_S1-A7_1_501.d,0,0,P01965|HBA_PIG,,,PEAKS DB
PPPPPPPPP,47.49,891.4854,9,0.0,446.7482,14.81,0.8393-0.8673,9.5111E2,7,3724,FF_T_2404_Pig_Rerun_Sample_G_S1-A7_1_501.d,1,1,A5D9M6|BAG6_PIG:P0DW16|RBM20_PIG:O62651|WT1_PIG:Q9BEA8|TNFL6_PIG:P08001|ACRO_PIG,,,PEAKS DB
PPNFPGPR,47.38,880.4555,8,-3.2,441.2319,14.21,0.7911-0.8192,0,7,3552,FF_T_2404_Pig_Rerun_Sample_G_S1-A7_1_501.d,0,0,P51524|PF11_PIG,,,PEAKS DB
DVPAASLVVGPM(+15.99)VV,47.36,1368.7323,14,4.1,685.3735,36.34,0.9688-0.9967,6.2689E2,7,12822,FF_T_2404_Pig_Rerun_Sample_G_S1-A7_1_501.d,1,1,P29700|FETUA_PIG,Oxidation (M),M12:Oxidation (M):1000.00,PEAKS DB
DNYAVTVM(+15.99)IGGEPY,47.12,1543.6864,14,6.0,772.8521,31.98,1.0367-1.0645,4.1094E2,7,9064,FF_T_2404_Pig_Rerun_Sample_G_S1-A7_1_501.d,1,1,Q007T2|CDC42_PIG,Oxidation (M),M8:Oxidation (M):1000.00,PEAKS DB
SVKESEVAQQA,47.08,1174.5830,11,2.1,588.2977,7.22,0.8572-0.8852,1.6729E3,7,1590,FF_T_2404_Pig_Rerun_Sample_G_S1-A7_1_501.d,1,1,P27917|APOC3_PIG,,,PEAKS DB
DEVGGEALGR,47.02,1001.4777,10,-4.0,501.7422,11.45,0.8225-0.8505,0,7,2910,FF_T_2404_Pig_Rerun_Sample_G_S1-A7_1_501.d,0,0,P02067|HBB_PIG,,,PEAKS DB
IPPADLSDQVPDTESET,47.00,1812.8264,17,5.1,907.4216,24.52,1.1112-1.1389,1.5129E3,7,6477,FF_T_2404_Pig_Rerun_Sample_G_S1-A7_1_501.d,1,1,P01025|CO3_PIG,,,PEAKS DB
VGGQAGAHGAEALER,46.94,1421.7010,15,-1.5,474.9051,8.06,0.7496-0.7777,0,7,1935,FF_T_2404_Pig_Rerun_Sample_G_S1-A7_1_501.d,0,0,P01965|HBA_PIG,,,PEAKS DB
TDFWDYTPKPEPS,46.93,1581.6987,13,-2.5,791.8516,38.76,1.0334-1.0612,3.2942E2,7,16152,FF_T_2404_Pig_Rerun_Sample_G_S1-A7_1_501.d,1,1,P27917|APOC3_PIG,,,PEAKS DB
DKGEFLAEGGGVRGP,46.92,1487.7368,15,0.6,744.8732,35.14,1.0212-1.0490,1.3544E3,7,11281,FF_T_2404_Pig_Rerun_Sample_G_S1-A7_1_501.d,2,2,tr|F1RX36|F1RX36_PIG,,,PEAKS DB
SVKESEVAQ,46.86,975.4872,9,1.7,488.7498,5.45,0.7799-0.8080,2.6582E2,7,728,FF_T_2404_Pig_Rerun_Sample_G_S1-A7_1_501.d,1,1,P27917|APOC3_PIG,,,PEAKS DB
YLIQPSDSIEPY,46.69,1423.6870,12,3.2,712.8503,32.39,0.9889-1.0167,1.6943E3,7,9227,FF_T_2404_Pig_Rerun_Sample_G_S1-A7_1_501.d,1,1,tr|F1RX37|F1RX37_PIG,,,PEAKS DB
PPPGPPPPGPPPP,46.61,1199.6338,13,6.4,600.8257,18.31,0.8483-0.8762,1.5764E3,7,4879,FF_T_2404_Pig_Rerun_Sample_G_S1-A7_1_501.d,2,2,Q95JC9|PRP_PIG,,,PEAKS DB
DGRGAAQNIIPASTGAA,46.57,1568.7906,17,4.7,785.4033,19.95,1.0023-1.0301,4.6018E2,7,5226,FF_T_2404_Pig_Rerun_Sample_G_S1-A7_1_501.d,1,1,P00355|G3P_PIG,,,PEAKS DB
DSEEGLDLK,46.55,1004.4662,9,-2.3,503.2372,15.42,0.8348-0.8628,0,7,3911,FF_T_2404_Pig_Rerun_Sample_G_S1-A7_1_501.d,0,0,tr|F1RX36|F1RX36_PIG,,,PEAKS DB
DEASKKLN,46.55,903.4661,8,0.4,452.7388,36.43,0.7822-0.8102,0,7,12999,FF_T_2404_Pig_Rerun_Sample_G_S1-A7_1_501.d,0,0,P18648|APOA1_PIG,,,PEAKS DB
YDEDEDGRPKVH,46.55,1458.6375,12,1.8,487.2188,6.18,0.7620-0.7900,2.5109E2,7,1039,FF_T_2404_Pig_Rerun_Sample_G_S1-A7_1_501.d,1,1,tr|F1RX37|F1RX37_PIG,,,PEAKS DB
PPPPPPPP,46.41,794.4326,8,-3.3,398.2207,12.73,0.8046-0.8326,0,7,3204,FF_T_2404_Pig_Rerun_Sample_G_S1-A7_1_501.d,0,0,Q95JC9|PRP_PIG:A5D9M6|BAG6_PIG:P0DW16|RBM20_PIG:O62651|WT1_PIG:Q9BEA8|TNFL6_PIG:P08001|ACRO_PIG,,,PEAKS DB
DEADSEEGLD,46.30,1078.3938,10,-0.8,540.2017,11.19,0.8315-0.8594,0,7,2808,FF_T_2404_Pig_Rerun_Sample_G_S1-A7_1_501.d,0,0,tr|F1RX36|F1RX36_PIG,,,PEAKS DB
GQAGAHGAEAL,46.20,980.4675,11,-2.6,491.2379,8.33,0.7979-0.8259,0,7,2023,FF_T_2404_Pig_Rerun_Sample_G_S1-A7_1_501.d,0,0,P01965|HBA_PIG,,,PEAKS DB
M(+15.99)QSAVSISSSTSAPSDNQ,46.02,1811.7843,18,10.5,906.9054,14.26,1.0934-1.1211,0,7,3566,FF_T_2404_Pig_Rerun_Sample_G_S1-A7_1_501.d,0,0,P18650|APOE_PIG,Oxidation (M),M1:Oxidation (M):1000.00,PEAKS DB
DNENVINEF,46.01,1092.4723,9,1.4,547.2421,30.02,0.8572-0.8852,2.3371E3,7,8393,FF_T_2404_Pig_Rerun_Sample_G_S1-A7_1_501.d,1,1,tr|F1RX37|F1RX37_PIG,,,PEAKS DB
KVNVDEVGGEALG,45.91,1285.6514,13,6.9,643.8349,18.70,0.9287-0.9566,0,7,4966,FF_T_2404_Pig_Rerun_Sample_G_S1-A7_1_501.d,0,0,P02067|HBB_PIG,,,PEAKS DB
EGGAVESKSY,45.89,1025.4666,10,0.2,513.7386,6.92,0.8136-0.8415,0,7,1460,FF_T_2404_Pig_Rerun_Sample_G_S1-A7_1_501.d,0,0,tr|F1RX36|F1RX36_PIG,,,PEAKS DB
EEQEYIKT,45.81,1038.4869,8,3.4,520.2505,11.32,0.8415-0.8695,0,7,2845,FF_T_2404_Pig_Rerun_Sample_G_S1-A7_1_501.d,0,0,P19619|ANXA1_PIG,,,PEAKS DB
EVQDKGEFLAEGG,45.61,1377.6411,13,2.5,689.8269,17.27,0.9321-0.9599,0,7,4572,FF_T_2404_Pig_Rerun_Sample_G_S1-A7_1_501.d,0,0,tr|F1RX36|F1RX36_PIG,,,PEAKS DB
PLPSKETIEQEKQAGES,45.56,1869.9319,17,5.1,624.3187,11.61,0.8203-0.8483,5.6409E2,7,2943,FF_T_2404_Pig_Rerun_Sample_G_S1-A7_1_501.d,1,1,Q95274|TYB4_PIG,,,PEAKS DB
ESFGDLSNADAVM(+15.99)GNPKV,45.56,1865.8466,18,16.0,933.9419,24.46,1.1433-1.1710,8.2842E1,7,6448,FF_T_2404_Pig_Rerun_Sample_G_S1-A7_1_501.d,1,1,P02067|HBB_PIG,Oxidation (M),M13:Oxidation (M):1000.00,PEAKS DB
VQM(+15.99)AEVQDKGEFLAEGGGV,45.51,1978.9305,19,16.5,990.4850,35.98,1.1710-1.1986,6.8471E2,7,12251,FF_T_2404_Pig_Rerun_Sample_G_S1-A7_1_501.d,1,1,tr|F1RX36|F1RX36_PIG,Oxidation (M),M3:Oxidation (M):1000.00,PEAKS DB
DYTPKPEPSSS,45.43,1206.5404,11,3.2,604.2770,8.92,0.8818-0.9097,1.0569E3,7,2176,FF_T_2404_Pig_Rerun_Sample_G_S1-A7_1_501.d,1,1,P27917|APOC3_PIG,,,PEAKS DB
NREGGAVESKSY,45.37,1295.6106,12,-5.5,432.8734,5.43,0.6923-0.7204,0,7,716,FF_T_2404_Pig_Rerun_Sample_G_S1-A7_1_501.d,0,0,tr|F1RX36|F1RX36_PIG,,,PEAKS DB
EEQGSQLRLQAEAFQA,45.37,1803.8751,16,1.2,902.9424,25.86,1.1167-1.1444,0,7,6818,FF_T_2404_Pig_Rerun_Sample_G_S1-A7_1_501.d,0,0,P18650|APOE_PIG,,,PEAKS DB
EGGGSLAEYQAKAQEQL,45.33,1777.8481,17,4.2,889.9316,22.80,1.1100-1.1378,4.6752E1,7,6037,FF_T_2404_Pig_Rerun_Sample_G_S1-A7_1_501.d,1,1,P18648|APOA1_PIG,,,PEAKS DB
HLSAEEK,45.32,812.4028,7,-6.4,407.2045,41.69,0.8023-0.8303,0,7,20546,FF_T_2404_Pig_Rerun_Sample_G_S1-A7_1_501.d,0,0,P02067|HBB_PIG,,,PEAKS DB
FPPPNVPGPR,45.23,1076.5767,10,4.2,539.2958,18.60,0.8326-0.8606,2.6643E3,7,4951,FF_T_2404_Pig_Rerun_Sample_G_S1-A7_1_501.d,2,2,P51524|PF11_PIG,,,PEAKS DB
GQAGAHGAEALE,45.18,1109.5101,12,-1.0,555.7596,8.20,0.8415-0.8695,6.287E2,7,1958,FF_T_2404_Pig_Rerun_Sample_G_S1-A7_1_501.d,1,1,P01965|HBA_PIG,,,PEAKS DB
TEAPLNPKAN,45.03,1053.5454,10,1.9,527.7789,8.98,0.8505-0.8784,0,7,2218,FF_T_2404_Pig_Rerun_Sample_G_S1-A7_1_501.d,0,0,P68137|ACTS_PIG:Q6QAQ1|ACTB_PIG,,,PEAKS DB
EVQDKGEFLAEGGG,44.94,1434.6626,14,0.1,718.3359,16.94,0.9733-1.0011,0,7,4494,FF_T_2404_Pig_Rerun_Sample_G_S1-A7_1_501.d,0,0,tr|F1RX36|F1RX36_PIG,,,PEAKS DB
GDALGENADAAIEG,44.69,1301.5735,14,2.1,651.7928,20.98,0.9566-0.9844,1.5496E2,7,5539,FF_T_2404_Pig_Rerun_Sample_G_S1-A7_1_501.d,1,1,Q19AZ8|THRB_PIG,,,PEAKS DB
DTSLLDKM(+15.99)QDYVKQA,44.56,1769.8506,15,8.1,590.9600,19.55,0.8080-0.8359,0,7,5145,FF_T_2404_Pig_Rerun_Sample_G_S1-A7_1_501.d,0,0,P27917|APOC3_PIG,Oxidation (M),M8:Oxidation (M):1000.00,PEAKS DB
VYPWTQRFFESFGDLSNADAV,44.51,2448.1387,21,5.7,1225.0789,41.81,1.3256-1.3531,0,7,21109,FF_T_2404_Pig_Rerun_Sample_G_S1-A7_1_501.d,0,0,P02067|HBB_PIG,,,PEAKS DB
SPLPDITPADFK,44.34,1299.6710,12,5.1,650.8436,30.99,0.9711-0.9989,0,7,8656,FF_T_2404_Pig_Rerun_Sample_G_S1-A7_1_501.d,0,0,tr|F1RX36|F1RX36_PIG,,,PEAKS DB
GKVNVDEVGGEA,44.19,1172.5673,12,-2.3,587.2873,11.65,0.8684-0.8963,0,7,2970,FF_T_2404_Pig_Rerun_Sample_G_S1-A7_1_501.d,0,0,P02067|HBB_PIG,,,PEAKS DB
EELEAQLGPVTQETQA,43.92,1741.8370,16,4.7,871.9265,27.21,1.0956-1.1233,0,7,7310,FF_T_2404_Pig_Rerun_Sample_G_S1-A7_1_501.d,0,0,P18650|APOE_PIG,,,PEAKS DB
DETSLSRD,43.91,921.4039,8,-7.7,461.7039,6.56,0.7811-0.8091,0,7,1299,FF_T_2404_Pig_Rerun_Sample_G_S1-A7_1_501.d,0,0,tr|F1RX36|F1RX36_PIG,,,PEAKS DB
PPPGPPPPGPPPPGP,43.85,1353.7080,15,4.1,677.8615,20.16,0.9343-0.9622,2.152E2,7,5296,FF_T_2404_Pig_Rerun_Sample_G_S1-A7_1_501.d,1,1,Q95JC9|PRP_PIG,,,PEAKS DB
WGKVGGQAGAHGAEALERM(+15.99)FLGFPT,43.83,2602.2749,25,9.1,868.4368,41.79,0.9833-1.0112,5.3665E2,7,21057,FF_T_2404_Pig_Rerun_Sample_G_S1-A7_1_501.d,1,1,P01965|HBA_PIG,Oxidation (M),M19:Oxidation (M):1000.00,PEAKS DB
FPPPNFPGP,43.64,968.4755,9,-10.6,485.2380,31.19,0.7923-0.8203,0,7,8708,FF_T_2404_Pig_Rerun_Sample_G_S1-A7_1_501.d,0,0,P51524|PF11_PIG,,,PEAKS DB
KNLQTVNVDEN,43.63,1272.6310,11,-2.5,637.3187,10.74,0.9231-0.9510,0,7,2691,FF_T_2404_Pig_Rerun_Sample_G_S1-A7_1_501.d,0,0,P62901|RL31_PIG,,,PEAKS DB
DKRREEAPSLRPV,43.52,1551.8480,13,-7.5,518.2841,41.77,0.8292-0.8572,0,7,20980,FF_T_2404_Pig_Rerun_Sample_G_S1-A7_1_501.d,0,0,tr|F1RX37|F1RX37_PIG,,,PEAKS DB
TINREGGAVE,43.39,1044.5200,10,0.5,523.2655,6.46,0.8102-0.8382,3.0541E2,7,1194,FF_T_2404_Pig_Rerun_Sample_G_S1-A7_1_501.d,1,1,tr|F1RX36|F1RX36_PIG,,,PEAKS DB
NLESLPLVDT,43.27,1099.5760,10,0.7,550.7935,34.03,0.8840-0.9120,2.3856E3,7,10045,FF_T_2404_Pig_Rerun_Sample_G_S1-A7_1_501.d,1,1,P02543|VIME_PIG,,,PEAKS DB
DIAVDGEPLGRV,43.26,1239.6459,12,0.1,620.8279,36.86,0.9309-0.9588,2.3623E3,7,13388,FF_T_2404_Pig_Rerun_Sample_G_S1-A7_1_501.d,1,1,P62936|PPIA_PIG,,,PEAKS DB
DKGEFLAEGGG,43.22,1078.4930,11,4.2,540.2540,16.04,0.8538-0.8818,0,7,4211,FF_T_2404_Pig_Rerun_Sample_G_S1-A7_1_501.d,0,0,tr|F1RX36|F1RX36_PIG,,,PEAKS DB
APPISAGGYQPRP,43.09,1309.6779,13,4.4,655.8466,16.73,0.9354-0.9633,1.8888E2,7,4430,FF_T_2404_Pig_Rerun_Sample_G_S1-A7_1_501.d,1,1,tr|F1RX37|F1RX37_PIG,,,PEAKS DB
IPPGFPPR,42.91,879.4966,8,-5.3,440.7516,37.57,0.7900-0.8180,1.229E4,7,13564,FF_T_2404_Pig_Rerun_Sample_G_S1-A7_1_501.d,1,1,P80054|PR39_PIG,,,PEAKS DB
GGYQPRPA,42.87,844.4191,8,-4.5,423.2133,6.45,0.7564-0.7844,3.0773E3,7,1122,FF_T_2404_Pig_Rerun_Sample_G_S1-A7_1_501.d,1,1,tr|F1RX37|F1RX37_PIG,,,PEAKS DB
GGSISHGPGSVPG,42.81,1107.5309,13,-6.7,554.7668,9.45,0.8494-0.8773,0,7,2349,FF_T_2404_Pig_Rerun_Sample_G_S1-A7_1_501.d,0,0,tr|F1RX36|F1RX36_PIG,,,PEAKS DB
DTTPSNPDWGTF,42.74,1336.5571,12,1.2,669.2841,31.54,0.9030-0.9309,7.7133E2,7,8838,FF_T_2404_Pig_Rerun_Sample_G_S1-A7_1_501.d,2,2,tr|F1RX36|F1RX36_PIG,,,PEAKS DB
DITPADFK,42.73,905.4494,8,-2.3,453.7292,19.96,0.7788-0.8068,4.8974E2,7,5245,FF_T_2404_Pig_Rerun_Sample_G_S1-A7_1_501.d,1,1,tr|F1RX36|F1RX36_PIG,,,PEAKS DB
TPKPEPS,42.73,754.3861,7,-13.3,378.1938,4.67,0.7070-0.7350,0,7,237,FF_T_2404_Pig_Rerun_Sample_G_S1-A7_1_501.d,0,0,P27917|APOC3_PIG,,,PEAKS DB
VNVDEVGGEALG,42.64,1157.5564,12,4.0,579.7855,23.80,0.8673-0.8952,0,7,6294,FF_T_2404_Pig_Rerun_Sample_G_S1-A7_1_501.d,0,0,P02067|HBB_PIG,,,PEAKS DB
EDTSLLDKM(+15.99)QDYVK,42.60,1699.7975,14,-1.6,567.6033,17.82,0.8192-0.8471,0,7,4766,FF_T_2404_Pig_Rerun_Sample_G_S1-A7_1_501.d,0,0,P27917|APOC3_PIG,Oxidation (M),M9:Oxidation (M):1000.00,PEAKS DB
TQARETPPEWKALLETRQVKM(+15.99)V,42.54,2626.3901,22,0.4,657.6025,41.77,0.9086-0.9365,0,7,20952,FF_T_2404_Pig_Rerun_Sample_G_S1-A7_1_501.d,0,0,tr|F1RX36|F1RX36_PIG,Oxidation (M),M21:Oxidation (M):1000.00,PEAKS DB
DNENVINEFSSELE,42.54,1637.7057,14,-4.0,819.8537,37.33,1.0612-1.0890,1.7299E2,7,14120,FF_T_2404_Pig_Rerun_Sample_G_S1-A7_1_501.d,1,1,tr|F1RX37|F1RX37_PIG,,,PEAKS DB
HLDDLPGALSALSDLHAH,42.49,1880.9380,18,5.7,627.9877,41.79,0.9856-1.0134,0,7,21043,FF_T_2404_Pig_Rerun_Sample_G_S1-A7_1_501.d,0,0,P01965|HBA_PIG,,,PEAKS DB
GFFHPDGPEY,42.38,1164.4875,10,-5.2,583.2457,24.51,0.8796-0.9075,0,7,6455,FF_T_2404_Pig_Rerun_Sample_G_S1-A7_1_501.d,0,0,tr|F1RX36|F1RX36_PIG,,,PEAKS DB
TSVKESEVAQ,42.21,1076.5349,10,4.3,539.2750,6.23,0.8415-0.8695,0,7,1082,FF_T_2404_Pig_Rerun_Sample_G_S1-A7_1_501.d,0,0,P27917|APOC3_PIG,,,PEAKS DB
EGSDAEIGLAPWQV,42.15,1470.6990,14,3.9,736.3568,37.04,1.0134-1.0412,8.8531E2,7,13591,FF_T_2404_Pig_Rerun_Sample_G_S1-A7_1_501.d,1,1,Q19AZ8|THRB_PIG,,,PEAKS DB
FFHPDGPEY,41.96,1107.4661,9,1.0,554.7387,20.81,0.8460-0.8740,0,7,5504,FF_T_2404_Pig_Rerun_Sample_G_S1-A7_1_501.d,0,0,tr|F1RX36|F1RX36_PIG,,,PEAKS DB
LLAKTEETPV,41.82,1099.6124,10,0.0,550.8113,15.27,0.8617-0.8896,0,7,3864,FF_T_2404_Pig_Rerun_Sample_G_S1-A7_1_501.d,0,0,P48819|VTNC_PIG,,,PEAKS DB
FHPDGPEYS,41.78,1047.4297,9,0.1,524.7202,11.74,0.8303-0.8583,1.4599E2,7,2983,FF_T_2404_Pig_Rerun_Sample_G_S1-A7_1_501.d,1,1,tr|F1RX36|F1RX36_PIG,,,PEAKS DB
TITKTINREGGAVESKS,41.73,1789.9534,17,-0.8,597.6556,8.06,0.8113-0.8393,0,7,1934,FF_T_2404_Pig_Rerun_Sample_G_S1-A7_1_501.d,0,0,tr|F1RX36|F1RX36_PIG,,,PEAKS DB
NELRVAPEEHPV,41.59,1388.7048,12,1.9,695.3583,41.71,1.0078-1.0356,1.3359E3,7,20603,FF_T_2404_Pig_Rerun_Sample_G_S1-A7_1_501.d,1,1,Q6QAQ1|ACTB_PIG,,,PEAKS DB
DSGRDYVAQ,41.58,1009.4465,9,4.2,505.7307,7.44,0.8124-0.8404,0,7,1704,FF_T_2404_Pig_Rerun_Sample_G_S1-A7_1_501.d,0,0,P18648|APOA1_PIG,,,PEAKS DB
TLVTYVPVTTFKNLQTVNVDEN,41.51,2494.2954,22,-1.0,1248.1489,41.61,1.3696-1.3971,0,7,20213,FF_T_2404_Pig_Rerun_Sample_G_S1-A7_1_501.d,0,0,P62901|RL31_PIG,,,PEAKS DB
EQEYIKTV,41.49,1008.5128,8,-0.2,505.2616,14.89,0.8259-0.8538,1.6394E2,7,3754,FF_T_2404_Pig_Rerun_Sample_G_S1-A7_1_501.d,1,1,P19619|ANXA1_PIG,,,PEAKS DB
NREGGAVES,41.44,917.4202,9,-3.9,459.7138,4.23,0.7665-0.7945,1.8765E4,7,652,FF_T_2404_Pig_Rerun_Sample_G_S1-A7_1_501.d,1,1,tr|F1RX36|F1RX36_PIG,,,PEAKS DB
EAPLNPK,41.35,767.4177,7,-7.1,384.7119,6.90,0.7294-0.7575,0,7,1450,FF_T_2404_Pig_Rerun_Sample_G_S1-A7_1_501.d,0,0,P68137|ACTS_PIG:Q6QAQ1|ACTB_PIG,,,PEAKS DB
LDDLPGALSA,41.32,970.4971,10,-5.5,486.2513,29.72,0.8113-0.8393,0,7,8218,FF_T_2404_Pig_Rerun_Sample_G_S1-A7_1_501.d,0,0,P01965|HBA_PIG,,,PEAKS DB
IPPGFPPRFPP,41.29,1220.6705,11,3.2,611.3421,41.76,0.9343-0.9622,5.5037E2,7,20860,FF_T_2404_Pig_Rerun_Sample_G_S1-A7_1_501.d,1,1,P80054|PR39_PIG,,,PEAKS DB
DNEEQEY,41.03,925.3301,7,-3.6,463.6689,8.37,0.7553-0.7833,0,7,2033,FF_T_2404_Pig_Rerun_Sample_G_S1-A7_1_501.d,0,0,P19619|ANXA1_PIG,,,PEAKS DB
GFLGPPPPSGKF,40.99,1199.6338,12,-0.7,600.8214,31.06,0.9131-0.9410,1.5708E3,7,8717,FF_T_2404_Pig_Rerun_Sample_G_S1-A7_1_501.d,1,1,C5HGF3|TMCO1_PIG,,,PEAKS DB
PPPNFPGPRFPPPNFPGPR,40.94,2084.0742,19,0.2,695.6961,41.72,0.9164-0.9443,3.8006E3,7,20675,FF_T_2404_Pig_Rerun_Sample_G_S1-A7_1_501.d,1,1,P51524|PF11_PIG,,,PEAKS DB
DNPVKGSPGAPS,40.93,1124.5461,12,-0.9,563.2776,8.01,0.8393-0.8673,3.3729E2,7,1895,FF_T_2404_Pig_Rerun_Sample_G_S1-A7_1_501.d,1,1,O19084|CDSN_PIG,,,PEAKS DB
DQPPKADEDPGTP,40.87,1365.6047,13,-8.6,683.8011,8.70,0.9376-0.9655,9.1516E2,7,2130,FF_T_2404_Pig_Rerun_Sample_G_S1-A7_1_501.d,1,1,P51524|PF11_PIG:P80054|PR39_PIG,,,PEAKS DB
ELPDGQVITIGNE,40.84,1383.6881,13,5.5,692.8525,30.07,0.9555-0.9833,8.0283E2,7,8289,FF_T_2404_Pig_Rerun_Sample_G_S1-A7_1_501.d,1,1,P68137|ACTS_PIG:Q6QAQ1|ACTB_PIG,,,PEAKS DB
FLAEGGGVR,40.83,904.4766,9,-5.6,453.2413,35.56,0.7721-0.8001,5.5532E3,7,11231,FF_T_2404_Pig_Rerun_Sample_G_S1-A7_1_501.d,2,2,tr|F1RX36|F1RX36_PIG,,,PEAKS DB
DLHAHKLRVDP,40.81,1299.7047,11,-8.1,434.2370,41.81,0.7440-0.7721,0,7,21131,FF_T_2404_Pig_Rerun_Sample_G_S1-A7_1_501.d,0,0,P01965|HBA_PIG,,,PEAKS DB
DTYKSEIAHRFKDLGEQY,40.77,2199.0596,18,8.8,734.0307,41.77,0.9488-0.9766,0,7,20929,FF_T_2404_Pig_Rerun_Sample_G_S1-A7_1_501.d,0,0,P08835|ALBU_PIG,,,PEAKS DB
GPPGPLQPT,40.72,862.4548,9,-4.8,432.2310,16.46,0.7586-0.7867,0,7,4380,FF_T_2404_Pig_Rerun_Sample_G_S1-A7_1_501.d,0,0,P79263|ITIH4_PIG,,,PEAKS DB
VLSAADKA,40.68,773.4283,8,-8.8,387.7165,7.03,0.7159-0.7440,1.0894E3,7,1481,FF_T_2404_Pig_Rerun_Sample_G_S1-A7_1_501.d,1,1,P01965|HBA_PIG,,,PEAKS DB
PGPRFPPP,40.33,863.4653,8,-12.3,432.7330,36.76,0.7642-0.7923,0,7,13408,FF_T_2404_Pig_Rerun_Sample_G_S1-A7_1_501.d,0,0,P51524|PF11_PIG,,,PEAKS DB
VLSAADKAN,40.30,887.4712,9,-2.0,444.7402,5.90,0.7631-0.7911,0,7,925,FF_T_2404_Pig_Rerun_Sample_G_S1-A7_1_501.d,0,0,P01965|HBA_PIG,,,PEAKS DB
GGQAGAHGAEALERM(+15.99)FLGFPT,40.27,2132.0107,21,10.5,1067.0197,41.75,1.2726-1.3002,5.8407E3,7,20828,FF_T_2404_Pig_Rerun_Sample_G_S1-A7_1_501.d,1,1,P01965|HBA_PIG,Oxidation (M),M15:Oxidation (M):1000.00,PEAKS DB
VGHLDDLPGALSA,40.22,1263.6459,13,3.5,632.8300,40.18,0.9387-0.9666,1.2709E4,7,17271,FF_T_2404_Pig_Rerun_Sample_G_S1-A7_1_501.d,1,1,P01965|HBA_PIG,,,PEAKS DB
FPPPNFP,40.16,814.4013,7,-4.4,408.2046,32.64,0.7418-0.7698,8.8603E2,7,9383,FF_T_2404_Pig_Rerun_Sample_G_S1-A7_1_501.d,1,1,P51524|PF11_PIG,,,PEAKS DB
DGVTHTVPIYE,40.09,1229.5928,11,2.6,615.8029,21.16,0.8885-0.9164,0,7,5591,FF_T_2404_Pig_Rerun_Sample_G_S1-A7_1_501.d,0,0,Q6QAQ1|ACTB_PIG,,,PEAKS DB
DVFLQPDDEY,40.08,1239.5295,10,9.2,620.7753,33.36,0.9142-0.9421,0,7,9747,FF_T_2404_Pig_Rerun_Sample_G_S1-A7_1_501.d,0,0,P48819|VTNC_PIG,,,PEAKS DB
NLSHGSDQVKA,40.04,1154.5680,11,-11.1,385.8575,5.72,0.7092-0.7373,0,7,861,FF_T_2404_Pig_Rerun_Sample_G_S1-A7_1_501.d,0,0,P01965|HBA_PIG,,,PEAKS DB
DDYVNTQGAFL,40.04,1241.5564,11,-1.3,621.7822,32.60,0.9120-0.9399,0,7,9360,FF_T_2404_Pig_Rerun_Sample_G_S1-A7_1_501.d,0,0,P06867|PLMN_PIG,,,PEAKS DB
WDYTPKPEPSSS,39.96,1392.6198,12,-0.4,697.3141,16.59,0.9566-0.9844,0,7,4414,FF_T_2404_Pig_Rerun_Sample_G_S1-A7_1_501.d,0,0,P27917|APOC3_PIG,,,PEAKS DB
EVQDKGEFLAEGGGVRGPR,39.89,2000.0074,19,-19.4,1000.9877,35.92,1.1732-1.2009,1.5009E2,7,12216,FF_T_2404_Pig_Rerun_Sample_G_S1-A7_1_501.d,1,1,tr|F1RX36|F1RX36_PIG,,,PEAKS DB
SLGSALRPSTS,39.88,1074.5669,11,-0.7,538.2883,14.68,0.8505-0.8784,0,7,3673,FF_T_2404_Pig_Rerun_Sample_G_S1-A7_1_501.d,0,0,P02543|VIME_PIG,,,PEAKS DB
IEQEKQAGES,39.87,1117.5251,10,-0.5,559.7674,4.36,0.8483-0.8762,0,7,162,FF_T_2404_Pig_Rerun_Sample_G_S1-A7_1_501.d,0,0,Q95274|TYB4_PIG,,,PEAKS DB
DNEEQEYIKTVK,39.85,1494.7202,12,0.6,499.2457,14.01,0.7923-0.8203,0,7,3496,FF_T_2404_Pig_Rerun_Sample_G_S1-A7_1_501.d,0,0,P19619|ANXA1_PIG,,,PEAKS DB
NVDEVGGEALG,39.84,1058.4880,11,0.8,530.2496,19.14,0.8292-0.8572,0,7,5058,FF_T_2404_Pig_Rerun_Sample_G_S1-A7_1_501.d,0,0,P02067|HBB_PIG,,,PEAKS DB
FPPRFPP,39.64,856.4595,7,-7.0,429.2323,41.49,0.7732-0.8012,5.5639E3,7,19006,FF_T_2404_Pig_Rerun_Sample_G_S1-A7_1_501.d,1,1,P80054|PR39_PIG,,,PEAKS DB
EPSATPGPQM(+15.99)GVPTG,39.58,1440.6555,15,-1.5,721.3312,10.78,0.9521-0.9800,4.6584E2,7,2728,FF_T_2404_Pig_Rerun_Sample_G_S1-A7_1_501.d,1,1,O97661|OX1R_PIG,Oxidation (M),M10:Oxidation (M):1000.00,PEAKS DB
DGRGAAQNIIPA,39.56,1181.6152,12,0.6,591.8129,19.58,0.8751-0.9030,2.2374E3,7,5135,FF_T_2404_Pig_Rerun_Sample_G_S1-A7_1_501.d,1,1,P00355|G3P_PIG,,,PEAKS DB
DKGEFLAEGG,39.56,1021.4716,10,4.3,511.7433,16.50,0.8337-0.8617,4.6854E2,7,4373,FF_T_2404_Pig_Rerun_Sample_G_S1-A7_1_501.d,1,1,tr|F1RX36|F1RX36_PIG,,,PEAKS DB
NRM(+15.99)ALFQHLTCV,39.49,1447.7064,12,-3.2,724.8553,29.15,1.0167-1.0445,5.7773E3,7,7994,FF_T_2404_Pig_Rerun_Sample_G_S1-A7_1_501.d,1,1,O62640|PIAP_PIG,Oxidation (M),M3:Oxidation (M):1000.00,PEAKS DB
DDYVNTQGA,39.17,981.4039,9,-3.1,491.7058,12.00,0.8068-0.8348,0,7,3066,FF_T_2404_Pig_Rerun_Sample_G_S1-A7_1_501.d,0,0,P06867|PLMN_PIG,,,PEAKS DB
GGQAGAHGAEALERM(+15.99),39.16,1469.6681,15,-7.9,490.8909,7.36,0.7822-0.8102,0,7,1656,FF_T_2404_Pig_Rerun_Sample_G_S1-A7_1_501.d,0,0,P01965|HBA_PIG,Oxidation (M),M15:Oxidation (M):1000.00,PEAKS DB
EPVSVSSGSWDQSS,39.10,1450.6212,14,0.2,726.3152,20.37,0.9577-0.9856,8.3602E2,7,5334,FF_T_2404_Pig_Rerun_Sample_G_S1-A7_1_501.d,1,1,A0P8Z5|UIMC1_PIG,,,PEAKS DB
VISDARENV,39.09,1001.5142,9,-1.9,501.7615,9.49,0.8248-0.8527,0,7,2360,FF_T_2404_Pig_Rerun_Sample_G_S1-A7_1_501.d,0,0,P0DSO0|SAA2_PIG,,,PEAKS DB
ALQEASEAY,38.98,980.4451,9,-0.9,491.2275,14.59,0.7990-0.8270,4.6675E2,7,3638,FF_T_2404_Pig_Rerun_Sample_G_S1-A7_1_501.d,1,1,Q71LE2|H33_PIG,,,PEAKS DB
EVQDKGEF,38.89,950.4345,8,-2.9,476.2213,9.71,0.7945-0.8225,1.0314E3,7,2388,FF_T_2404_Pig_Rerun_Sample_G_S1-A7_1_501.d,1,1,tr|F1RX36|F1RX36_PIG,,,PEAKS DB
DALTKAV,38.82,716.4069,7,-12.0,359.2050,13.11,0.7013-0.7294,0,7,3278,FF_T_2404_Pig_Rerun_Sample_G_S1-A7_1_501.d,0,0,P01965|HBA_PIG,,,PEAKS DB
GPPPPTVQIY,38.74,1067.5651,10,7.3,534.7916,6.74,0.8259-0.8538,1.8031E2,7,1406,FF_T_2404_Pig_Rerun_Sample_G_S1-A7_1_501.d,1,1,A5GFW5|CASS4_PIG,,,PEAKS DB
LSAEEKEAV,38.65,974.4920,9,1.9,488.2523,9.26,0.8046-0.8326,0,7,2304,FF_T_2404_Pig_Rerun_Sample_G_S1-A7_1_501.d,0,0,P02067|HBB_PIG,,,PEAKS DB
GKVNVDEVGGEALG,38.60,1342.6729,14,3.5,672.3434,18.77,0.9365-0.9644,3.712E2,7,4969,FF_T_2404_Pig_Rerun_Sample_G_S1-A7_1_501.d,1,1,P02067|HBB_PIG,,,PEAKS DB
SAEEKEAV,38.49,861.4080,8,-16.6,431.7024,5.10,0.7440-0.7721,0,7,505,FF_T_2404_Pig_Rerun_Sample_G_S1-A7_1_501.d,0,0,P02067|HBB_PIG,,,PEAKS DB
YVTTSTRTY,37.91,1090.5295,9,1.1,546.2705,9.56,0.8583-0.8863,0,7,2374,FF_T_2404_Pig_Rerun_Sample_G_S1-A7_1_501.d,0,0,P02543|VIME_PIG,,,PEAKS DB
ALKRQGRTLYGFGG,37.77,1522.8368,14,-3.9,508.6156,41.79,0.7833-0.8113,0,7,21037,FF_T_2404_Pig_Rerun_Sample_G_S1-A7_1_501.d,0,0,P62802|H4_PIG,,,PEAKS DB
FPPPPPFRPPP,37.64,1244.6705,11,1.7,623.3412,41.59,0.9209-0.9488,1.4041E3,7,20142,FF_T_2404_Pig_Rerun_Sample_G_S1-A7_1_501.d,1,1,P51524|PF11_PIG,,,PEAKS DB
TQEKNPLPSKETIEQEKQAGES,37.62,2470.2188,22,0.2,618.5597,11.38,0.8896-0.9175,0,7,2870,FF_T_2404_Pig_Rerun_Sample_G_S1-A7_1_501.d,0,0,Q95274|TYB4_PIG,,,PEAKS DB
SLNLRETNLE,37.36,1187.6146,10,1.9,594.8134,20.26,0.8885-0.9164,0,7,5321,FF_T_2404_Pig_Rerun_Sample_G_S1-A7_1_501.d,0,0,P02543|VIME_PIG,,,PEAKS DB
WGKVGGQAGAHGAEALE,37.33,1636.7957,17,-2.1,546.6025,14.44,0.7429-0.7710,2.0073E3,7,3608,FF_T_2404_Pig_Rerun_Sample_G_S1-A7_1_501.d,1,1,P01965|HBA_PIG,,,PEAKS DB
LSSCSSTSTDSSSSSF,37.17,1568.6147,16,-8.7,785.3048,10.58,1.0267-1.0545,3.1449E2,7,2644,FF_T_2404_Pig_Rerun_Sample_G_S1-A7_1_501.d,1,1,A5GFW5|CASS4_PIG,,,PEAKS DB
TPKPEPSSS,36.98,928.4501,9,7.5,465.2340,4.79,0.7642-0.7923,0,7,296,FF_T_2404_Pig_Rerun_Sample_G_S1-A7_1_501.d,0,0,P27917|APOC3_PIG,,,PEAKS DB
GGPGTASRPS,36.95,885.4304,10,-5.2,443.7184,4.55,0.7597-0.7878,0,7,194,FF_T_2404_Pig_Rerun_Sample_G_S1-A7_1_501.d,0,0,P02543|VIME_PIG,,,PEAKS DB
DGQVINETSQHHDDLE,36.86,1835.7922,16,-3.2,612.9337,12.11,0.8012-0.8292,0,7,3097,FF_T_2404_Pig_Rerun_Sample_G_S1-A7_1_501.d,0,0,P02543|VIME_PIG,,,PEAKS DB
AM(+15.99)FDQSQIQEF,36.81,1358.5813,11,2.3,680.2968,28.32,0.9510-0.9789,7.8808E2,7,7640,FF_T_2404_Pig_Rerun_Sample_G_S1-A7_1_501.d,1,1,P29269|MYL9_PIG,Oxidation (M),M2:Oxidation (M):1000.00,PEAKS DB
PGPRFPPPN,36.72,977.5082,9,-1.8,489.7586,34.88,0.8080-0.8359,9.9563E3,7,11398,FF_T_2404_Pig_Rerun_Sample_G_S1-A7_1_501.d,1,1,P51524|PF11_PIG,,,PEAKS DB
AM(+15.99)DFSMRDDVPPLD,36.60,1623.6909,14,-2.7,812.8474,28.30,1.0356-1.0634,1.1131E3,7,7648,FF_T_2404_Pig_Rerun_Sample_G_S1-A7_1_501.d,1,1,Q9GKE7|CLCN5_PIG,Oxidation (M),M2:Oxidation (M):6.65,PEAKS DB
