Protein Group,Protein ID,Protein Accession,Peptide,Unique,-10lgP,Mass,Length,ppm,m/z,z,RT,1/k0 Range,Area Sample 5,Fraction,Precursor Id,Source File,#Feature,#Feature Sample 5,Start,End,PTM,AScore,Found By
1,1,tr|F1RX36|F1RX36_PIG,K.M(+15.99)EDEADSEEGLDLKGGHV.I,Y,66.76,1945.8210,18,-1.8,649.6102,3,17.01,0.9287-0.9566,6.9098E2,5,5426,FF_T_2404_Pig_Rerun_Sample_E_S1-A5_1_497.d,1,1,659,676,Oxidation (M),M1:Oxidation (M):1000.00,PEAKS DB
1,1,tr|F1RX36|F1RX36_PIG,M.AEVQDKGEFLAEGGGV.R,Y,65.46,1604.7682,16,4.8,803.3916,2,22.56,1.0612-1.0890,1.1219E5,5,7198,FF_T_2404_Pig_Rerun_Sample_E_S1-A5_1_497.d,4,4,47,62,,,PEAKS DB
1,1,tr|F1RX36|F1RX36_PIG,A.EVQDKGEFLAEGGGV.R,Y,65.40,1533.7311,15,6.9,767.8746,2,37.60,1.0367-1.0645,1.1502E6,5,14145,FF_T_2404_Pig_Rerun_Sample_E_S1-A5_1_497.d,3,3,48,62,,,PEAKS DB
1,1,tr|F1RX36|F1RX36_PIG,M.AEVQDKGEFLAEGGGVR.G,Y,64.93,1760.8693,17,1.7,587.9620,3,16.85,0.8773-0.9053,1.9329E5,5,5280,FF_T_2404_Pig_Rerun_Sample_E_S1-A5_1_497.d,6,6,47,63,,,PEAKS DB
1,1,tr|F1RX36|F1RX36_PIG,K.M(+15.99)EDEADSEEGLDLK.G,Y,63.91,1595.6508,14,3.8,798.8321,2,16.41,1.0234-1.0512,2.6296E2,5,5183,FF_T_2404_Pig_Rerun_Sample_E_S1-A5_1_497.d,1,1,659,672,Oxidation (M),M1:Oxidation (M):1000.00,PEAKS DB
1,1,tr|F1RX36|F1RX36_PIG,A.EVQDKGEFLAEGGGVR.G,Y,62.71,1689.8322,16,1.0,564.2827,3,41.79,0.8740-0.9019,3.527E5,5,21733,FF_T_2404_Pig_Rerun_Sample_E_S1-A5_1_497.d,8,8,48,63,,,PEAKS DB
1,1,tr|F1RX36|F1RX36_PIG,K.M(+15.99)EDEADSEEGLDLKGGHVI.K,Y,60.79,2058.9050,19,1.9,687.3072,3,22.28,0.9622-0.9900,1.3016E2,5,7239,FF_T_2404_Pig_Rerun_Sample_E_S1-A5_1_497.d,1,1,659,677,Oxidation (M),M1:Oxidation (M):1000.00,PEAKS DB
1,1,tr|F1RX36|F1RX36_PIG,K.M(+15.99)EDEADSEEGLDLKGGHVIK.R,Y,60.20,2187.0000,20,1.5,547.7556,4,16.08,0.8348-0.8628,0,5,5003,FF_T_2404_Pig_Rerun_Sample_E_S1-A5_1_497.d,0,0,659,678,Oxidation (M),M1:Oxidation (M):1000.00,PEAKS DB
1,1,tr|F1RX36|F1RX36_PIG,Q.DKGEFLAEGGGV.R,Y,57.12,1177.5615,12,0.9,589.7859,2,21.95,0.9164-0.9443,6.2085E2,5,7052,FF_T_2404_Pig_Rerun_Sample_E_S1-A5_1_497.d,1,1,51,62,,,PEAKS DB
1,1,tr|F1RX36|F1RX36_PIG,R.GGSISHGPGSVPGTGSPGGLKPGSYGP.G,Y,55.67,2363.1504,27,18.8,788.7353,3,18.69,0.8974-0.9254,0,5,6020,FF_T_2404_Pig_Rerun_Sample_E_S1-A5_1_497.d,0,0,300,326,,,PEAKS DB
1,1,tr|F1RX36|F1RX36_PIG,V.QDKGEFLAEGGGV.R,Y,55.58,1305.6200,13,2.2,653.8157,2,21.20,0.9488-0.9766,1.6581E5,5,6581,FF_T_2404_Pig_Rerun_Sample_E_S1-A5_1_497.d,10,10,50,62,,,PEAKS DB
1,1,tr|F1RX36|F1RX36_PIG,I.SHGPGSVPGTGSPGGLKPG.S,Y,54.56,1644.8219,19,-3.7,549.2767,3,11.81,0.7609-0.7889,0,5,3346,FF_T_2404_Pig_Rerun_Sample_E_S1-A5_1_497.d,0,0,304,322,,,PEAKS DB
1,1,tr|F1RX36|F1RX36_PIG,Q.DKGEFLAEGGGVR.G,Y,54.17,1333.6626,13,5.6,667.8393,2,41.76,0.9733-1.0011,1.724E5,5,21627,FF_T_2404_Pig_Rerun_Sample_E_S1-A5_1_497.d,5,5,51,63,,,PEAKS DB
1,1,tr|F1RX36|F1RX36_PIG,S.SGSGSLRPDSSGPGD.T,Y,54.13,1374.6011,15,4.1,688.3076,2,7.92,0.9265-0.9544,2.9337E2,5,1756,FF_T_2404_Pig_Rerun_Sample_E_S1-A5_1_497.d,1,1,454,468,,,PEAKS DB
1,1,tr|F1RX36|F1RX36_PIG,E.VQDKGEFLAEGGGV.R,Y,54.01,1404.6885,14,4.9,703.3518,2,38.12,0.9989-1.0267,4.8817E5,5,13289,FF_T_2404_Pig_Rerun_Sample_E_S1-A5_1_497.d,12,12,49,62,,,PEAKS DB
1,1,tr|F1RX36|F1RX36_PIG,R.DETSLSRDPFPDFFSPV.L,Y,54.00,1954.8948,17,12.0,978.4620,2,41.84,1.1433-1.1710,0,5,22095,FF_T_2404_Pig_Rerun_Sample_E_S1-A5_1_497.d,0,0,583,599,,,PEAKS DB
1,1,tr|F1RX36|F1RX36_PIG,A.DSEEGLDLKGGHV.I,Y,52.50,1354.6365,13,4.2,678.3253,2,16.27,0.9900-1.0178,0,5,5134,FF_T_2404_Pig_Rerun_Sample_E_S1-A5_1_497.d,0,0,664,676,,,PEAKS DB
1,1,tr|F1RX36|F1RX36_PIG,P.DGPEYSSSSKISS.H,Y,52.21,1342.5889,13,1.9,672.2999,2,9.77,0.9231-0.9510,4.3926E2,5,2508,FF_T_2404_Pig_Rerun_Sample_E_S1-A5_1_497.d,1,1,623,635,,,PEAKS DB
1,1,tr|F1RX36|F1RX36_PIG,R.GGSISHGPGSVPGTGSPGGLKPG.S,Y,50.96,1958.9810,23,0.3,653.9982,3,14.29,0.8292-0.8572,4.4794E3,5,4100,FF_T_2404_Pig_Rerun_Sample_E_S1-A5_1_497.d,2,2,300,322,,,PEAKS DB
1,1,tr|F1RX36|F1RX36_PIG,E.VQDKGEFLAEGGGVR.G,Y,50.73,1560.7896,15,0.2,521.2682,3,41.81,0.8382-0.8662,1.6438E4,5,21899,FF_T_2404_Pig_Rerun_Sample_E_S1-A5_1_497.d,3,3,49,63,,,PEAKS DB
1,1,tr|F1RX36|F1RX36_PIG,R.GGSISHGPGSVPGTGSPGGLKPGSY.G,Y,50.65,2209.0762,25,3.1,737.3649,3,17.55,0.8796-0.9075,1.0167E3,5,5598,FF_T_2404_Pig_Rerun_Sample_E_S1-A5_1_497.d,1,1,300,324,,,PEAKS DB
1,1,tr|F1RX36|F1RX36_PIG,K.M(+15.99)EDEADSEEGLD.L,Y,50.53,1354.4718,12,1.8,678.2413,2,11.43,0.9276-0.9555,5.6187E2,5,3167,FF_T_2404_Pig_Rerun_Sample_E_S1-A5_1_497.d,1,1,659,670,Oxidation (M),M1:Oxidation (M):1000.00,PEAKS DB
1,1,tr|F1RX36|F1RX36_PIG,P.DGPEYSSSSKISSHS.K,Y,50.14,1566.6798,15,6.8,784.3489,2,7.70,1.0123-1.0401,9.3567E2,5,1688,FF_T_2404_Pig_Rerun_Sample_E_S1-A5_1_497.d,2,2,623,637,,,PEAKS DB
1,1,tr|F1RX36|F1RX36_PIG,S.TGTWDSGHPDPG.S,Y,49.94,1225.5000,12,-0.6,613.7542,2,11.23,0.8807-0.9086,0,5,3045,FF_T_2404_Pig_Rerun_Sample_E_S1-A5_1_497.d,0,0,342,353,,,PEAKS DB
1,1,tr|F1RX36|F1RX36_PIG,D.KGEFLAEGGGV.R,Y,49.44,1062.5345,11,-1.2,532.2715,2,20.26,0.8382-0.8662,1.688E5,5,6351,FF_T_2404_Pig_Rerun_Sample_E_S1-A5_1_497.d,6,6,52,62,,,PEAKS DB
1,1,tr|F1RX36|F1RX36_PIG,R.GGSISHGPGSVPGTGSPGGLKPGS.Y,Y,48.94,2046.0129,24,3.7,683.0110,3,14.00,0.8404-0.8684,5.3769E2,5,4015,FF_T_2404_Pig_Rerun_Sample_E_S1-A5_1_497.d,1,1,300,323,,,PEAKS DB
1,1,tr|F1RX36|F1RX36_PIG,P.DGPEYSSSSKI.S,Y,48.84,1168.5248,11,-0.5,585.2667,2,12.04,0.8706-0.8986,6.7175E2,5,3414,FF_T_2404_Pig_Rerun_Sample_E_S1-A5_1_497.d,1,1,623,633,,,PEAKS DB
1,1,tr|F1RX36|F1RX36_PIG,G.STGTWDSGHPDPG.S,Y,48.28,1312.5320,13,-0.9,657.2697,2,11.40,0.9108-0.9387,6.7241E2,5,3131,FF_T_2404_Pig_Rerun_Sample_E_S1-A5_1_497.d,1,1,341,353,,,PEAKS DB
1,1,tr|F1RX36|F1RX36_PIG,G.FFHPDGPEYSSSSKISS.H,Y,47.80,1870.8373,17,-3.6,624.6146,3,17.33,0.8091-0.8371,0,5,5545,FF_T_2404_Pig_Rerun_Sample_E_S1-A5_1_497.d,0,0,619,635,,,PEAKS DB
1,1,tr|F1RX36|F1RX36_PIG,P.DSSGPGDTTPSNPDWGT.F,Y,47.76,1689.6754,17,-2.0,845.8395,2,19.85,1.0423-1.0701,0,5,6366,FF_T_2404_Pig_Rerun_Sample_E_S1-A5_1_497.d,0,0,462,478,,,PEAKS DB
1,1,tr|F1RX36|F1RX36_PIG,Q.M(+15.99)AEVQDKGEFLAEGGGV.R,Y,46.89,1751.8036,17,-0.2,876.9050,2,22.42,1.0779-1.1056,8.3958E1,5,7293,FF_T_2404_Pig_Rerun_Sample_E_S1-A5_1_497.d,1,1,46,62,Oxidation (M),M1:Oxidation (M):1000.00,PEAKS DB
1,1,tr|F1RX36|F1RX36_PIG,R.EGGAVESKSY.K,Y,46.47,1025.4666,10,-2.4,513.7370,2,6.45,0.8147-0.8427,3.4773E2,5,1142,FF_T_2404_Pig_Rerun_Sample_E_S1-A5_1_497.d,1,1,648,657,,,PEAKS DB
1,1,tr|F1RX36|F1RX36_PIG,P.GDTTPSNPDWGTFKEV.S,Y,46.11,1749.7845,16,2.6,875.8979,2,26.82,1.0723-1.1001,6.2702E3,5,8278,FF_T_2404_Pig_Rerun_Sample_E_S1-A5_1_497.d,2,2,467,482,,,PEAKS DB
1,1,tr|F1RX36|F1RX36_PIG,Q.M(+15.99)AEVQDKGEFLAEGGGVR.G,Y,45.72,1907.9047,18,5.3,636.9760,3,17.03,0.9041-0.9321,0,5,5453,FF_T_2404_Pig_Rerun_Sample_E_S1-A5_1_497.d,0,0,46,63,Oxidation (M),M1:Oxidation (M):1000.00,PEAKS DB
1,1,tr|F1RX36|F1RX36_PIG,I.SPLPDITPADFK.T,Y,45.31,1299.6710,12,0.6,650.8402,2,30.83,0.9633-0.9911,0,5,9302,FF_T_2404_Pig_Rerun_Sample_E_S1-A5_1_497.d,0,0,255,266,,,PEAKS DB
1,1,tr|F1RX36|F1RX36_PIG,K.EVSGSVSPGTKSEVHTS.K,Y,45.23,1686.8060,17,1.6,563.2743,3,7.31,0.7979-0.8259,1.3593E4,5,1490,FF_T_2404_Pig_Rerun_Sample_E_S1-A5_1_497.d,2,2,481,497,,,PEAKS DB
1,1,tr|F1RX36|F1RX36_PIG,R.DETSLSRDPFPDF.F,Y,44.98,1524.6732,13,-3.3,763.3379,2,34.20,1.0011-1.0290,8.5276E1,5,10803,FF_T_2404_Pig_Rerun_Sample_E_S1-A5_1_497.d,1,1,583,595,,,PEAKS DB
1,1,tr|F1RX36|F1RX36_PIG,K.TINREGGAVESKSY.K,Y,44.93,1509.7423,14,-2.2,504.2513,3,7.60,0.7407-0.7687,2.8152E3,5,1630,FF_T_2404_Pig_Rerun_Sample_E_S1-A5_1_497.d,2,2,644,657,,,PEAKS DB
1,1,tr|F1RX36|F1RX36_PIG,P.GDTTPSNPDWGT.F,Y,44.87,1246.5103,12,-3.3,624.2575,2,17.23,0.8919-0.9198,4.0045E2,5,5493,FF_T_2404_Pig_Rerun_Sample_E_S1-A5_1_497.d,1,1,467,478,,,PEAKS DB
1,1,tr|F1RX36|F1RX36_PIG,G.DTTPSNPDWGTF.K,Y,44.86,1336.5571,12,2.0,669.2842,2,31.48,0.8952-0.9231,1.222E3,5,9441,FF_T_2404_Pig_Rerun_Sample_E_S1-A5_1_497.d,2,2,468,479,,,PEAKS DB
1,1,tr|F1RX36|F1RX36_PIG,A.EVQDKGEFLAEGGG.V,Y,44.85,1434.6626,14,3.2,718.3376,2,16.87,0.9733-1.0011,3.5278E3,5,5357,FF_T_2404_Pig_Rerun_Sample_E_S1-A5_1_497.d,2,2,48,61,,,PEAKS DB
1,1,tr|F1RX36|F1RX36_PIG,R.DETSLSRDP.F,Y,44.85,1018.4567,9,-3.4,510.2316,2,9.16,0.8068-0.8348,1.0166E3,5,2243,FF_T_2404_Pig_Rerun_Sample_E_S1-A5_1_497.d,1,1,583,591,,,PEAKS DB
1,1,tr|F1RX36|F1RX36_PIG,G.DTTPSNPDWGT.F,Y,44.75,1189.4888,11,2.5,595.7505,2,18.11,0.8348-0.8628,6.3011E2,5,5849,FF_T_2404_Pig_Rerun_Sample_E_S1-A5_1_497.d,1,1,468,478,,,PEAKS DB
1,1,tr|F1RX36|F1RX36_PIG,K.SYKM(+15.99)EDEADSEEGLD.L,Y,44.42,1732.6621,15,4.1,867.3380,2,10.85,1.0490-1.0767,4.0759E2,5,2894,FF_T_2404_Pig_Rerun_Sample_E_S1-A5_1_497.d,1,1,656,670,Oxidation (M),M4:Oxidation (M):1000.00,PEAKS DB
1,1,tr|F1RX36|F1RX36_PIG,K.EVSGSVSPGTKSEV.H,Y,44.30,1361.6674,14,2.6,681.8397,2,10.23,0.9321-0.9599,5.3926E2,5,2657,FF_T_2404_Pig_Rerun_Sample_E_S1-A5_1_497.d,1,1,481,494,,,PEAKS DB
1,1,tr|F1RX36|F1RX36_PIG,V.SGSVSPGTKSEVHTS.K,Y,44.28,1458.6951,15,-4.6,487.2345,3,5.40,0.7384-0.7665,2.832E3,5,611,FF_T_2404_Pig_Rerun_Sample_E_S1-A5_1_497.d,1,1,483,497,,,PEAKS DB
1,1,tr|F1RX36|F1RX36_PIG,P.GRPEPGSTGTWD.S,Y,44.27,1258.5579,12,-2.8,630.2816,2,12.27,0.8907-0.9187,0,5,3502,FF_T_2404_Pig_Rerun_Sample_E_S1-A5_1_497.d,0,0,335,346,,,PEAKS DB
1,1,tr|F1RX36|F1RX36_PIG,P.GSVPGTGSPGGLKPG.S,Y,44.24,1266.6567,15,1.5,634.3337,2,13.08,0.9064-0.9343,0,5,3746,FF_T_2404_Pig_Rerun_Sample_E_S1-A5_1_497.d,0,0,308,322,,,PEAKS DB
1,1,tr|F1RX36|F1RX36_PIG,R.GGSISHGPGSVPGTGSPGGLKPGSYGPGGP.G,Y,43.89,2574.2461,30,-4.5,859.0815,3,18.78,0.9298-0.9577,0,5,6041,FF_T_2404_Pig_Rerun_Sample_E_S1-A5_1_497.d,0,0,300,329,,,PEAKS DB
1,1,tr|F1RX36|F1RX36_PIG,L.AGFFHPDGPEY.S,Y,43.88,1235.5247,11,-2.0,618.7656,2,24.72,0.9053-0.9332,1.6997E2,5,7803,FF_T_2404_Pig_Rerun_Sample_E_S1-A5_1_497.d,1,1,617,627,,,PEAKS DB
1,1,tr|F1RX36|F1RX36_PIG,V.QDKGEFLAEGGGVR.G,Y,43.84,1461.7212,14,-1.9,488.2445,3,14.26,0.8091-0.8371,1.2127E4,5,4082,FF_T_2404_Pig_Rerun_Sample_E_S1-A5_1_497.d,2,2,50,63,,,PEAKS DB
1,1,tr|F1RX36|F1RX36_PIG,P.DGPEYSSSSKISSH.S,Y,43.70,1479.6477,14,-9.0,494.2165,3,7.69,0.7934-0.8214,0,5,1701,FF_T_2404_Pig_Rerun_Sample_E_S1-A5_1_497.d,0,0,623,636,,,PEAKS DB
1,1,tr|F1RX36|F1RX36_PIG,M.EDEADSEEGLDLK.G,Y,43.52,1448.6154,13,3.7,725.3144,2,16.44,0.9822-1.0101,0,5,5209,FF_T_2404_Pig_Rerun_Sample_E_S1-A5_1_497.d,0,0,660,672,,,PEAKS DB
1,1,tr|F1RX36|F1RX36_PIG,L.AGFFHPDGPEYSSSS.K,Y,43.41,1583.6528,15,10.0,792.8380,2,21.81,1.0323-1.0601,3.8366E2,5,6984,FF_T_2404_Pig_Rerun_Sample_E_S1-A5_1_497.d,1,1,617,631,,,PEAKS DB
1,1,tr|F1RX36|F1RX36_PIG,P.GSVPGTGSPGGLKPGSYGP.G,Y,43.11,1670.8263,19,2.7,836.4189,2,19.21,1.0434-1.0712,3.4451E2,5,6140,FF_T_2404_Pig_Rerun_Sample_E_S1-A5_1_497.d,1,1,308,326,,,PEAKS DB
1,1,tr|F1RX36|F1RX36_PIG,K.TINREGGAVES.K,Y,42.96,1131.5520,11,1.6,566.7816,2,6.42,0.8393-0.8673,3.2327E4,5,979,FF_T_2404_Pig_Rerun_Sample_E_S1-A5_1_497.d,2,2,644,654,,,PEAKS DB
1,1,tr|F1RX36|F1RX36_PIG,G.DTTPSNPDWGTFKEV.S,Y,42.75,1692.7631,15,3.4,847.3879,2,28.12,1.0579-1.0856,4.8045E2,5,8540,FF_T_2404_Pig_Rerun_Sample_E_S1-A5_1_497.d,1,1,468,482,,,PEAKS DB
1,1,tr|F1RX36|F1RX36_PIG,K.EVSGSVSPGTK.S,Y,42.70,1046.5244,11,-1.2,524.2665,2,5.98,0.8169-0.8449,5.4344E3,5,862,FF_T_2404_Pig_Rerun_Sample_E_S1-A5_1_497.d,1,1,481,491,,,PEAKS DB
1,1,tr|F1RX36|F1RX36_PIG,F.FHPDGPEYSSSS.K,Y,42.31,1308.5259,12,1.7,655.2684,2,11.00,0.9265-0.9544,0,5,2944,FF_T_2404_Pig_Rerun_Sample_E_S1-A5_1_497.d,0,0,620,631,,,PEAKS DB
1,1,tr|F1RX36|F1RX36_PIG,S.SGSGSLRPDSS.G,Y,42.22,1048.4785,11,-0.2,525.2441,2,5.79,0.8012-0.8292,0,5,814,FF_T_2404_Pig_Rerun_Sample_E_S1-A5_1_497.d,0,0,454,464,,,PEAKS DB
1,1,tr|F1RX36|F1RX36_PIG,D.KGEFLAEGGGVR.G,Y,42.19,1218.6356,12,-2.0,610.3211,2,13.16,0.9477-0.9755,0,5,3765,FF_T_2404_Pig_Rerun_Sample_E_S1-A5_1_497.d,0,0,52,63,,,PEAKS DB
1,1,tr|F1RX36|F1RX36_PIG,M.EDEADSEEGLD.L,Y,42.14,1207.4364,11,2.0,604.7239,2,11.09,0.8829-0.9108,1.3136E2,5,2963,FF_T_2404_Pig_Rerun_Sample_E_S1-A5_1_497.d,1,1,660,670,,,PEAKS DB
1,1,tr|F1RX36|F1RX36_PIG,P.GTGSPGGLKPG.S,Y,42.13,926.4821,11,-4.0,464.2444,2,7.67,0.7754-0.8035,0,5,1692,FF_T_2404_Pig_Rerun_Sample_E_S1-A5_1_497.d,0,0,312,322,,,PEAKS DB
1,1,tr|F1RX36|F1RX36_PIG,G.SGSLRPDSSGPGD.T,Y,41.95,1230.5476,13,-4.3,616.2756,2,7.61,0.8706-0.8986,1.4507E2,5,1647,FF_T_2404_Pig_Rerun_Sample_E_S1-A5_1_497.d,1,1,456,468,,,PEAKS DB
1,1,tr|F1RX36|F1RX36_PIG,A.GFFHPDGPEYSSSS.K,Y,41.87,1512.6157,14,6.0,757.3162,2,21.11,0.9811-1.0089,4.9833E2,5,6779,FF_T_2404_Pig_Rerun_Sample_E_S1-A5_1_497.d,1,1,618,631,,,PEAKS DB
1,1,tr|F1RX36|F1RX36_PIG,S.HGPGSVPGTGSPGGLKPG.S,Y,41.76,1557.7899,18,-14.9,520.2605,3,11.65,0.8449-0.8729,0,5,3285,FF_T_2404_Pig_Rerun_Sample_E_S1-A5_1_497.d,0,0,305,322,,,PEAKS DB
1,1,tr|F1RX36|F1RX36_PIG,F.FHPDGPEY.S,Y,41.67,960.3977,8,-3.7,481.2022,2,13.12,0.7889-0.8169,0,5,3757,FF_T_2404_Pig_Rerun_Sample_E_S1-A5_1_497.d,0,0,620,627,,,PEAKS DB
1,1,tr|F1RX36|F1RX36_PIG,Y.KM(+15.99)EDEADSEEGLD.L,Y,41.52,1482.5668,13,-5.5,742.2832,2,8.55,0.9867-1.0145,0,5,1977,FF_T_2404_Pig_Rerun_Sample_E_S1-A5_1_497.d,0,0,658,670,Oxidation (M),M2:Oxidation (M):1000.00,PEAKS DB
1,1,tr|F1RX36|F1RX36_PIG,S.GSVSPGTKSEVHTS.K,Y,41.37,1371.6630,14,-0.5,686.8353,2,5.33,0.9532-0.9811,0,5,599,FF_T_2404_Pig_Rerun_Sample_E_S1-A5_1_497.d,0,0,484,497,,,PEAKS DB
1,1,tr|F1RX36|F1RX36_PIG,G.FFHPDGPEY.S,Y,41.37,1107.4661,9,1.3,554.7385,2,20.58,0.8438-0.8717,6.0838E2,5,6619,FF_T_2404_Pig_Rerun_Sample_E_S1-A5_1_497.d,2,2,619,627,,,PEAKS DB
1,1,tr|F1RX36|F1RX36_PIG,K.EVSGSVSPGTKSEVH.T,Y,41.37,1498.7263,15,-1.9,500.5795,3,6.71,0.7710-0.7990,0,5,1285,FF_T_2404_Pig_Rerun_Sample_E_S1-A5_1_497.d,0,0,481,495,,,PEAKS DB
1,1,tr|F1RX36|F1RX36_PIG,K.EVSGSVSPGTKSEVHTSK.L,Y,41.19,1814.9010,18,0.5,605.9719,3,5.79,0.8885-0.9164,2.0574E2,5,800,FF_T_2404_Pig_Rerun_Sample_E_S1-A5_1_497.d,1,1,481,498,,,PEAKS DB
1,1,tr|F1RX36|F1RX36_PIG,R.GGSISHGPGSVPGTGSPG.G,Y,41.17,1506.7063,18,12.3,754.3663,2,11.39,0.9800-1.0078,9.0634E1,5,3147,FF_T_2404_Pig_Rerun_Sample_E_S1-A5_1_497.d,1,1,300,317,,,PEAKS DB
1,1,tr|F1RX36|F1RX36_PIG,E.DEADSEEGLDLK.G,Y,41.08,1319.5728,12,3.5,660.7930,2,16.90,0.9321-0.9599,0,5,5402,FF_T_2404_Pig_Rerun_Sample_E_S1-A5_1_497.d,0,0,661,672,,,PEAKS DB
1,1,tr|F1RX36|F1RX36_PIG,R.DETSLSRDPFP.D,Y,41.04,1262.5779,11,3.8,632.2958,2,24.94,0.9120-0.9399,0,5,7853,FF_T_2404_Pig_Rerun_Sample_E_S1-A5_1_497.d,0,0,583,593,,,PEAKS DB
1,1,tr|F1RX36|F1RX36_PIG,A.EVQDKGEFLAEGG.G,Y,40.96,1377.6411,13,4.1,689.8275,2,17.15,0.9265-0.9544,5.7506E2,5,5485,FF_T_2404_Pig_Rerun_Sample_E_S1-A5_1_497.d,1,1,48,60,,,PEAKS DB
1,1,tr|F1RX36|F1RX36_PIG,I.TKTINREGGAVES.K,Y,40.66,1360.6946,13,1.5,681.3525,2,5.37,0.9399-0.9677,0,5,621,FF_T_2404_Pig_Rerun_Sample_E_S1-A5_1_497.d,0,0,642,654,,,PEAKS DB
1,1,tr|F1RX36|F1RX36_PIG,T.INREGGAVESKSY.K,Y,40.62,1408.6946,13,-5.1,470.5676,3,6.69,0.7294-0.7575,0,5,1281,FF_T_2404_Pig_Rerun_Sample_E_S1-A5_1_497.d,0,0,645,657,,,PEAKS DB
1,1,tr|F1RX36|F1RX36_PIG,G.SWKPGSSGSGSLRPDSSGP.G,Y,40.58,1844.8652,19,11.6,615.9667,3,13.69,0.8046-0.8326,0,5,3931,FF_T_2404_Pig_Rerun_Sample_E_S1-A5_1_497.d,0,0,448,466,,,PEAKS DB
1,1,tr|F1RX36|F1RX36_PIG,D.TTPSNPDWGTF.K,Y,40.54,1221.5302,11,1.1,611.7703,2,29.81,0.8907-0.9187,1.464E3,5,8992,FF_T_2404_Pig_Rerun_Sample_E_S1-A5_1_497.d,1,1,469,479,,,PEAKS DB
1,1,tr|F1RX36|F1RX36_PIG,G.EFLAEGGGVR.G,Y,40.34,1033.5192,10,-1.4,517.7638,2,17.07,0.8192-0.8471,8.9589E4,5,5827,FF_T_2404_Pig_Rerun_Sample_E_S1-A5_1_497.d,5,5,54,63,,,PEAKS DB
1,1,tr|F1RX36|F1RX36_PIG,K.SEVHTSKLV.T,Y,40.28,998.5397,9,2.5,500.2761,2,8.73,0.8147-0.8427,0,5,2065,FF_T_2404_Pig_Rerun_Sample_E_S1-A5_1_497.d,0,0,492,500,,,PEAKS DB
1,1,tr|F1RX36|F1RX36_PIG,G.SISHGPGSVPGTGSPGGLKPG.S,Y,40.08,1844.9380,21,-1.7,615.9828,3,14.10,0.8225-0.8505,0,5,4059,FF_T_2404_Pig_Rerun_Sample_E_S1-A5_1_497.d,0,0,302,322,,,PEAKS DB
1,1,tr|F1RX36|F1RX36_PIG,P.GSVPGTGSPGGLKPGSY.G,Y,40.04,1516.7521,17,2.0,759.3814,2,17.63,0.9789-1.0067,7.7764E2,5,5614,FF_T_2404_Pig_Rerun_Sample_E_S1-A5_1_497.d,1,1,308,324,,,PEAKS DB
1,1,tr|F1RX36|F1RX36_PIG,W.DSGHPDPGSAGTWKPGRPEPG.S,Y,39.67,2100.9612,21,-6.0,526.2421,4,12.52,0.8192-0.8471,0,5,3576,FF_T_2404_Pig_Rerun_Sample_E_S1-A5_1_497.d,0,0,346,366,,,PEAKS DB
1,1,tr|F1RX36|F1RX36_PIG,K.GEFLAEGGGVR.G,Y,39.66,1090.5406,11,0.7,546.2755,2,39.79,0.8784-0.9064,1.3234E5,5,16769,FF_T_2404_Pig_Rerun_Sample_E_S1-A5_1_497.d,8,8,53,63,,,PEAKS DB
1,1,tr|F1RX36|F1RX36_PIG,A.GFFHPDGPEY.S,Y,39.58,1164.4875,10,1.0,583.2490,2,24.08,0.8740-0.9019,8.5496E1,5,7685,FF_T_2404_Pig_Rerun_Sample_E_S1-A5_1_497.d,1,1,618,627,,,PEAKS DB
1,1,tr|F1RX36|F1RX36_PIG,K.TQARETPPEWKALLETRQV.K,Y,39.54,2252.1912,19,5.8,751.7386,3,27.35,0.9265-0.9544,0,5,8397,FF_T_2404_Pig_Rerun_Sample_E_S1-A5_1_497.d,0,0,267,285,,,PEAKS DB
1,1,tr|F1RX36|F1RX36_PIG,E.VQDKGEFLAEGGG.V,Y,39.46,1305.6200,13,-0.6,653.8140,2,15.53,0.9410-0.9688,1.3259E2,5,4722,FF_T_2404_Pig_Rerun_Sample_E_S1-A5_1_497.d,1,1,49,61,,,PEAKS DB
1,1,tr|F1RX36|F1RX36_PIG,F.FHPDGPEYSSSSKISSHS.K,Y,39.40,1947.8599,18,8.3,650.2963,3,9.94,0.9577-0.9856,0,5,2580,FF_T_2404_Pig_Rerun_Sample_E_S1-A5_1_497.d,0,0,620,637,,,PEAKS DB
1,1,tr|F1RX36|F1RX36_PIG,I.TKTINREGGAVESKSY.K,Y,39.37,1738.8849,16,2.6,580.6345,3,6.43,0.7811-0.8091,2.414E2,5,1129,FF_T_2404_Pig_Rerun_Sample_E_S1-A5_1_497.d,1,1,642,657,,,PEAKS DB
1,1,tr|F1RX36|F1RX36_PIG,Q.TITKTINREGGAVES.K,Y,39.17,1574.8264,15,-0.4,525.9468,3,9.16,0.7508-0.7788,3.3227E3,5,2253,FF_T_2404_Pig_Rerun_Sample_E_S1-A5_1_497.d,2,2,640,654,,,PEAKS DB
1,1,tr|F1RX36|F1RX36_PIG,M.AEVQDKGEFLAEGGG.V,Y,39.15,1505.6997,15,2.6,753.8557,2,17.28,0.9922-1.0201,6.5684E1,5,5515,FF_T_2404_Pig_Rerun_Sample_E_S1-A5_1_497.d,1,1,47,61,,,PEAKS DB
1,1,tr|F1RX36|F1RX36_PIG,S.SGPGDTTPSNPDWGT.F,Y,39.14,1487.6165,15,2.0,744.8137,2,18.78,0.9633-0.9911,0,5,6045,FF_T_2404_Pig_Rerun_Sample_E_S1-A5_1_497.d,0,0,464,478,,,PEAKS DB
1,1,tr|F1RX36|F1RX36_PIG,V.SGSVSPGTKSEVHT.S,Y,38.96,1371.6630,14,2.3,686.8372,2,5.97,0.9510-0.9789,0,5,890,FF_T_2404_Pig_Rerun_Sample_E_S1-A5_1_497.d,0,0,483,496,,,PEAKS DB
1,1,tr|F1RX36|F1RX36_PIG,V.SGSVSPGTKSEVHTSKLV.T,Y,38.95,1798.9425,18,-2.4,600.6506,3,9.88,0.8762-0.9041,0,5,2563,FF_T_2404_Pig_Rerun_Sample_E_S1-A5_1_497.d,0,0,483,500,,,PEAKS DB
1,1,tr|F1RX36|F1RX36_PIG,P.DGPEYSSSSKIS.S,Y,38.84,1255.5568,12,6.7,628.7870,2,9.80,0.8840-0.9120,0,5,2538,FF_T_2404_Pig_Rerun_Sample_E_S1-A5_1_497.d,0,0,623,634,,,PEAKS DB
1,1,tr|F1RX36|F1RX36_PIG,P.GSSGSGSLRPDSS.G,Y,38.68,1192.5320,13,-0.1,597.2705,2,5.95,0.8662-0.8941,0,5,886,FF_T_2404_Pig_Rerun_Sample_E_S1-A5_1_497.d,0,0,452,464,,,PEAKS DB
1,1,tr|F1RX36|F1RX36_PIG,E.DEADSEEGLDLKGGHVIK.R,Y,38.61,1910.9221,18,0.3,637.9786,3,16.53,0.8863-0.9142,0,5,5232,FF_T_2404_Pig_Rerun_Sample_E_S1-A5_1_497.d,0,0,661,678,,,PEAKS DB
1,1,tr|F1RX36|F1RX36_PIG,K.EFDGKTHPG.G,Y,38.58,986.4457,9,-3.1,494.2264,2,5.54,0.8124-0.8404,4.0283E3,5,649,FF_T_2404_Pig_Rerun_Sample_E_S1-A5_1_497.d,1,1,602,610,,,PEAKS DB
1,1,tr|F1RX36|F1RX36_PIG,G.FFHPDGPEYS.S,Y,38.58,1194.4982,10,0.4,598.2539,2,18.87,0.8829-0.9108,7.3111E2,5,6050,FF_T_2404_Pig_Rerun_Sample_E_S1-A5_1_497.d,1,1,619,628,,,PEAKS DB
1,1,tr|F1RX36|F1RX36_PIG,M.AEVQDKGEFL.A,Y,38.53,1134.5557,10,1.2,568.2832,2,39.10,0.8874-0.9153,3.0491E3,5,16072,FF_T_2404_Pig_Rerun_Sample_E_S1-A5_1_497.d,1,1,47,56,,,PEAKS DB
1,1,tr|F1RX36|F1RX36_PIG,P.GDTTPSNPDWGTF.K,Y,38.52,1393.5786,13,3.2,697.7957,2,30.24,0.9599-0.9878,1.3032E3,5,9108,FF_T_2404_Pig_Rerun_Sample_E_S1-A5_1_497.d,1,1,467,479,,,PEAKS DB
1,1,tr|F1RX36|F1RX36_PIG,F.FHPDGPEYSSSSKISS.H,Y,38.22,1723.7689,16,-0.9,575.5938,3,11.98,0.7754-0.8035,0,5,3412,FF_T_2404_Pig_Rerun_Sample_E_S1-A5_1_497.d,0,0,620,635,,,PEAKS DB
1,1,tr|F1RX36|F1RX36_PIG,K.TINREGGAVESK.S,Y,38.09,1259.6470,12,-8.6,420.8841,3,4.98,0.7036-0.7317,0,5,366,FF_T_2404_Pig_Rerun_Sample_E_S1-A5_1_497.d,0,0,644,655,,,PEAKS DB
1,1,tr|F1RX36|F1RX36_PIG,P.GSVPGTGSPGGLKPGSYGPGGP.G,Y,38.05,1881.9220,22,1.9,941.9658,2,19.24,1.1189-1.1466,4.0422E2,5,6152,FF_T_2404_Pig_Rerun_Sample_E_S1-A5_1_497.d,1,1,308,329,,,PEAKS DB
1,1,tr|F1RX36|F1RX36_PIG,A.GFFHPDGPEYS.S,Y,38.03,1251.5197,11,0.3,626.7645,2,22.43,0.9175-0.9454,5.2316E2,5,7281,FF_T_2404_Pig_Rerun_Sample_E_S1-A5_1_497.d,1,1,618,628,,,PEAKS DB
1,1,tr|F1RX36|F1RX36_PIG,G.STGTWDSGRPDPG.S,Y,37.99,1331.5742,13,0.6,666.7918,2,11.62,0.9265-0.9544,0,5,3269,FF_T_2404_Pig_Rerun_Sample_E_S1-A5_1_497.d,0,0,393,405,,,PEAKS DB
1,1,tr|F1RX36|F1RX36_PIG,Q.DKGEFLAEGGG.V,Y,37.87,1078.4930,11,0.3,540.2515,2,16.02,0.8382-0.8662,4.7245E3,5,4948,FF_T_2404_Pig_Rerun_Sample_E_S1-A5_1_497.d,1,1,51,61,,,PEAKS DB
1,1,tr|F1RX36|F1RX36_PIG,L.KEFDGKTHPGGP.G,Y,37.81,1268.6149,12,-13.5,423.8713,3,5.51,0.7103-0.7384,0,5,686,FF_T_2404_Pig_Rerun_Sample_E_S1-A5_1_497.d,0,0,601,612,,,PEAKS DB
1,1,tr|F1RX36|F1RX36_PIG,K.EVSGSVSPGTKSEVHTSKL.V,Y,37.79,1927.9851,19,3.9,643.6686,3,9.65,0.9187-0.9466,0,5,2449,FF_T_2404_Pig_Rerun_Sample_E_S1-A5_1_497.d,0,0,481,499,,,PEAKS DB
1,1,tr|F1RX36|F1RX36_PIG,E.FDGKTHPG.G,Y,37.59,857.4031,8,-7.8,429.7036,2,4.71,0.7609-0.7889,0,5,221,FF_T_2404_Pig_Rerun_Sample_E_S1-A5_1_497.d,0,0,603,610,,,PEAKS DB
1,1,tr|F1RX36|F1RX36_PIG,G.FFHPDGPEYSSSS.K,Y,37.52,1455.5942,13,10.6,728.8088,2,17.84,0.9800-1.0078,2.4257E2,5,5774,FF_T_2404_Pig_Rerun_Sample_E_S1-A5_1_497.d,1,1,619,631,,,PEAKS DB
1,1,tr|F1RX36|F1RX36_PIG,M.AEVQDKGEF.L,Y,37.50,1021.4716,9,-0.5,511.7405,2,10.58,0.8169-0.8449,9.8869E2,5,2787,FF_T_2404_Pig_Rerun_Sample_E_S1-A5_1_497.d,1,1,47,55,,,PEAKS DB
1,1,tr|F1RX36|F1RX36_PIG,L.AGFFHPDGPEYS.S,Y,37.20,1322.5568,12,4.1,662.2854,2,23.08,0.9365-0.9644,1.2766E2,5,7450,FF_T_2404_Pig_Rerun_Sample_E_S1-A5_1_497.d,1,1,617,628,,,PEAKS DB
1,1,tr|F1RX36|F1RX36_PIG,T.INREGGAVES.K,Y,37.02,1030.5043,10,2.0,516.2581,2,5.49,0.8113-0.8393,4.0906E3,5,636,FF_T_2404_Pig_Rerun_Sample_E_S1-A5_1_497.d,1,1,645,654,,,PEAKS DB
1,1,tr|F1RX36|F1RX36_PIG,A.HM(+15.99)LPGKGSLD.E,Y,36.84,1069.5226,10,7.8,535.7703,2,8.46,0.8359-0.8639,1.156E2,5,1945,FF_T_2404_Pig_Rerun_Sample_E_S1-A5_1_497.d,1,1,566,575,Oxidation (M),M2:Oxidation (M):1000.00,PEAKS DB
1,1,tr|F1RX36|F1RX36_PIG,E.DEADSEEGLDLKGGHV.I,Y,36.74,1669.7430,16,-0.3,557.5856,3,17.55,0.8628-0.8907,0,5,5618,FF_T_2404_Pig_Rerun_Sample_E_S1-A5_1_497.d,0,0,661,676,,,PEAKS DB
1,1,tr|F1RX36|F1RX36_PIG,K.TINREGGAVESKS.Y,Y,36.69,1346.6790,13,-4.6,449.8961,3,5.10,0.7103-0.7384,0,5,436,FF_T_2404_Pig_Rerun_Sample_E_S1-A5_1_497.d,0,0,644,656,,,PEAKS DB
1,1,tr|F1RX36|F1RX36_PIG,V.QDKGEFLAEGGG.V,Y,36.66,1206.5516,12,3.3,604.2823,2,14.71,0.8963-0.9242,0,5,4296,FF_T_2404_Pig_Rerun_Sample_E_S1-A5_1_497.d,0,0,50,61,,,PEAKS DB
1,1,tr|F1RX36|F1RX36_PIG,K.EVSGSVSPGTKSEVHT.S,Y,36.65,1599.7740,16,-1.4,534.2621,3,8.20,0.7833-0.8113,8.3795E2,5,1871,FF_T_2404_Pig_Rerun_Sample_E_S1-A5_1_497.d,1,1,481,496,,,PEAKS DB
1,1,tr|F1RX36|F1RX36_PIG,K.EVSGSVSPGTKSEVHTSKLV.T,Y,36.64,2027.0535,20,-3.7,676.6862,3,12.10,0.9521-0.9800,0,5,3456,FF_T_2404_Pig_Rerun_Sample_E_S1-A5_1_497.d,0,0,481,500,,,PEAKS DB
1,1,tr|F1RX36|F1RX36_PIG,G.TGSPGGLKPG.S,Y,36.55,869.4606,10,-3.0,435.7343,2,7.43,0.7474-0.7754,0,5,1604,FF_T_2404_Pig_Rerun_Sample_E_S1-A5_1_497.d,0,0,313,322,,,PEAKS DB
1,1,tr|F1RX36|F1RX36_PIG,K.DSSTLSRNIIEL.L,Y,36.28,1346.7041,12,-2.1,674.3549,2,31.94,0.9577-0.9856,0,5,9619,FF_T_2404_Pig_Rerun_Sample_E_S1-A5_1_497.d,0,0,129,140,,,PEAKS DB
1,1,tr|F1RX36|F1RX36_PIG,K.TQARETPPEWK.A,Y,36.15,1341.6677,11,-2.9,448.2265,3,10.12,0.7306-0.7586,6.9715E2,5,2618,FF_T_2404_Pig_Rerun_Sample_E_S1-A5_1_497.d,1,1,267,277,,,PEAKS DB
1,1,tr|F1RX36|F1RX36_PIG,M.VLERVGGDE.R,Y,36.03,972.4876,9,-3.2,487.2473,2,9.48,0.7979-0.8259,1.0975E3,5,2358,FF_T_2404_Pig_Rerun_Sample_E_S1-A5_1_497.d,1,1,288,296,,,PEAKS DB
1,1,tr|F1RX36|F1RX36_PIG,D.TTPSNPDWGTFKEV.S,Y,36.02,1577.7362,14,2.2,789.8735,2,26.06,1.0279-1.0556,1.012E2,5,8088,FF_T_2404_Pig_Rerun_Sample_E_S1-A5_1_497.d,1,1,469,482,,,PEAKS DB
1,1,tr|F1RX36|F1RX36_PIG,K.EFDGKTHPGGP.G,Y,35.87,1140.5199,11,-2.8,571.2631,2,6.99,0.8662-0.8941,0,5,1389,FF_T_2404_Pig_Rerun_Sample_E_S1-A5_1_497.d,0,0,602,612,,,PEAKS DB
1,1,tr|F1RX36|F1RX36_PIG,H.SKQTITKTINREGGAVES.K,Y,35.69,1918.0120,18,6.4,640.3458,3,8.72,0.8292-0.8572,5.245E2,5,2030,FF_T_2404_Pig_Rerun_Sample_E_S1-A5_1_497.d,1,1,637,654,,,PEAKS DB
1,1,tr|F1RX36|F1RX36_PIG,G.SLRPDSSGPGDTTPSNPDWGT.F,Y,35.66,2142.9453,21,4.8,1072.4802,2,19.16,1.1654-1.1931,0,5,6142,FF_T_2404_Pig_Rerun_Sample_E_S1-A5_1_497.d,0,0,458,478,,,PEAKS DB
1,1,tr|F1RX36|F1RX36_PIG,F.FHPDGPEYS.S,Y,35.44,1047.4297,9,2.6,524.7211,2,11.62,0.8214-0.8494,2.4647E2,5,3257,FF_T_2404_Pig_Rerun_Sample_E_S1-A5_1_497.d,1,1,620,628,,,PEAKS DB
1,1,tr|F1RX36|F1RX36_PIG,T.VQMAEVQDKGEFLAEGGGV.R,Y,35.37,1962.9357,19,12.9,982.4833,2,37.04,1.1522-1.1798,0,5,13339,FF_T_2404_Pig_Rerun_Sample_E_S1-A5_1_497.d,0,0,44,62,,,PEAKS DB
1,1,tr|F1RX36|F1RX36_PIG,A.EVQDKGEFLAE.G,Y,35.21,1263.5983,11,2.0,632.8048,2,17.72,0.9376-0.9655,0,5,5743,FF_T_2404_Pig_Rerun_Sample_E_S1-A5_1_497.d,0,0,48,58,,,PEAKS DB
1,1,tr|F1RX36|F1RX36_PIG,V.SGSVSPGTKSEVH.T,Y,35.08,1270.6154,13,-13.5,424.5381,3,5.00,0.7440-0.7721,0,5,382,FF_T_2404_Pig_Rerun_Sample_E_S1-A5_1_497.d,0,0,483,495,,,PEAKS DB
1,1,tr|F1RX36|F1RX36_PIG,R.ETPPEWKALLET.R,Y,35.07,1412.7188,12,1.9,707.3648,2,33.06,0.9733-1.0011,4.3604E2,5,10157,FF_T_2404_Pig_Rerun_Sample_E_S1-A5_1_497.d,1,1,271,282,,,PEAKS DB
1,1,tr|F1RX36|F1RX36_PIG,V.SGSVSPGTKSEVHTSKLVTS.K,Y,35.04,1987.0222,20,0.5,663.3453,3,9.09,0.9276-0.9555,1.4755E2,5,2219,FF_T_2404_Pig_Rerun_Sample_E_S1-A5_1_497.d,1,1,483,502,,,PEAKS DB
1,1,tr|F1RX36|F1RX36_PIG,M.VLERVGGDER.T,Y,35.03,1128.5887,10,-10.8,377.1978,3,7.06,0.7047-0.7328,0,5,1413,FF_T_2404_Pig_Rerun_Sample_E_S1-A5_1_497.d,0,0,288,297,,,PEAKS DB
1,1,tr|F1RX36|F1RX36_PIG,K.TQARETPPEWKA.L,Y,35.02,1412.7048,12,-7.1,471.9034,3,11.88,0.7586-0.7867,0,5,3380,FF_T_2404_Pig_Rerun_Sample_E_S1-A5_1_497.d,0,0,267,278,,,PEAKS DB
1,1,tr|F1RX36|F1RX36_PIG,E.VQDKGEFL.A,Y,34.78,934.4760,8,-1.5,468.2425,2,17.66,0.8035-0.8315,2.833E3,5,5655,FF_T_2404_Pig_Rerun_Sample_E_S1-A5_1_497.d,2,2,49,56,,,PEAKS DB
1,1,tr|F1RX36|F1RX36_PIG,R.GGSISHGPGSVPG.T,Y,34.77,1107.5309,13,-0.9,554.7697,2,9.34,0.8516-0.8796,3.1042E2,5,2323,FF_T_2404_Pig_Rerun_Sample_E_S1-A5_1_497.d,1,1,300,312,,,PEAKS DB
1,1,tr|F1RX36|F1RX36_PIG,M.VLERVGGDERT.R,Y,34.75,1229.6364,11,-9.6,410.8803,3,7.73,0.7126-0.7407,2.3648E2,5,1698,FF_T_2404_Pig_Rerun_Sample_E_S1-A5_1_497.d,1,1,288,298,,,PEAKS DB
1,1,tr|F1RX36|F1RX36_PIG,A.EVQDKGEFL.A,Y,34.68,1063.5186,9,-3.3,532.7624,2,19.07,0.8225-0.8505,7.7012E3,5,6113,FF_T_2404_Pig_Rerun_Sample_E_S1-A5_1_497.d,1,1,48,56,,,PEAKS DB
1,1,tr|F1RX36|F1RX36_PIG,D.TTPSNPDWGTFKEVSG.S,Y,34.68,1721.7897,16,3.2,861.9009,2,24.34,1.0756-1.1034,0,5,7731,FF_T_2404_Pig_Rerun_Sample_E_S1-A5_1_497.d,0,0,469,484,,,PEAKS DB
1,1,tr|F1RX36|F1RX36_PIG,V.QMAEVQDKGEFLAEGGGV.R,Y,34.61,1863.8672,18,19.5,932.9548,2,22.13,1.1245-1.1522,1.5981E3,5,7099,FF_T_2404_Pig_Rerun_Sample_E_S1-A5_1_497.d,1,1,45,62,,,PEAKS DB
1,1,tr|F1RX36|F1RX36_PIG,K.DSSTLSRNIIE.L,Y,34.59,1233.6201,11,-0.9,617.8140,2,20.02,0.9164-0.9443,1.3264E2,5,6407,FF_T_2404_Pig_Rerun_Sample_E_S1-A5_1_497.d,1,1,129,139,,,PEAKS DB
1,1,tr|F1RX36|F1RX36_PIG,Y.SSSSKISSHSKQTIT.K,Y,34.34,1576.8057,15,-2.7,526.6053,3,5.00,0.7979-0.8259,0,5,378,FF_T_2404_Pig_Rerun_Sample_E_S1-A5_1_497.d,0,0,628,642,,,PEAKS DB
1,1,tr|F1RX36|F1RX36_PIG,K.TQARETPPEW.K,Y,34.25,1213.5728,10,6.9,607.7951,2,16.37,0.8896-0.9175,0,5,5185,FF_T_2404_Pig_Rerun_Sample_E_S1-A5_1_497.d,0,0,267,276,,,PEAKS DB
1,1,tr|F1RX36|F1RX36_PIG,K.EVSGSVSPGTKSE.V,Y,34.24,1262.5990,13,0.3,632.3041,2,6.44,0.8941-0.9220,0,5,1152,FF_T_2404_Pig_Rerun_Sample_E_S1-A5_1_497.d,0,0,481,493,,,PEAKS DB
1,1,tr|F1RX36|F1RX36_PIG,V.SGSVSPGTKSEV.H,Y,33.98,1133.5564,12,2.1,567.7841,2,7.26,0.8516-0.8796,9.3936E2,5,1467,FF_T_2404_Pig_Rerun_Sample_E_S1-A5_1_497.d,1,1,483,494,,,PEAKS DB
1,1,tr|F1RX36|F1RX36_PIG,Q.DKGEFLAEGG.G,Y,33.74,1021.4716,10,-2.3,511.7396,2,16.39,0.8348-0.8628,4.1247E3,5,5157,FF_T_2404_Pig_Rerun_Sample_E_S1-A5_1_497.d,2,2,51,60,,,PEAKS DB
1,1,tr|F1RX36|F1RX36_PIG,E.FLAEGGGVR.G,Y,33.74,904.4766,9,-4.1,453.2417,2,37.42,0.7878-0.8158,1.2717E4,5,13744,FF_T_2404_Pig_Rerun_Sample_E_S1-A5_1_497.d,2,2,55,63,,,PEAKS DB
1,1,tr|F1RX36|F1RX36_PIG,P.DITPADFK.T,Y,33.74,905.4494,8,-4.9,453.7277,2,19.82,0.7743-0.8023,1.8403E3,5,6314,FF_T_2404_Pig_Rerun_Sample_E_S1-A5_1_497.d,1,1,259,266,,,PEAKS DB
1,1,tr|F1RX36|F1RX36_PIG,K.M(+15.99)VLERVGGDE.R,Y,33.52,1119.5229,10,1.8,560.7672,2,11.52,0.8527-0.8807,0,5,3228,FF_T_2404_Pig_Rerun_Sample_E_S1-A5_1_497.d,0,0,287,296,Oxidation (M),M1:Oxidation (M):1000.00,PEAKS DB
1,1,tr|F1RX36|F1RX36_PIG,R.ETPPEWK.A,Y,33.43,885.4232,7,-1.9,443.7160,2,12.04,0.8035-0.8315,0,5,3436,FF_T_2404_Pig_Rerun_Sample_E_S1-A5_1_497.d,0,0,271,277,,,PEAKS DB
1,1,tr|F1RX36|F1RX36_PIG,G.SVPGTGSPGGLKPGSY.G,Y,33.40,1459.7307,16,5.3,730.8732,2,17.36,0.9700-0.9978,1.6838E2,5,5535,FF_T_2404_Pig_Rerun_Sample_E_S1-A5_1_497.d,1,1,309,324,,,PEAKS DB
1,1,tr|F1RX36|F1RX36_PIG,I.NREGGAVES.K,Y,33.36,917.4202,9,-5.0,459.7130,2,4.06,0.7631-0.7911,2.1422E3,5,97,FF_T_2404_Pig_Rerun_Sample_E_S1-A5_1_497.d,1,1,646,654,,,PEAKS DB
1,1,tr|F1RX36|F1RX36_PIG,K.TINREGGAVE.S,Y,33.26,1044.5200,10,1.9,523.2659,2,6.40,0.8192-0.8471,8.7601E2,5,1100,FF_T_2404_Pig_Rerun_Sample_E_S1-A5_1_497.d,1,1,644,653,,,PEAKS DB
1,1,tr|F1RX36|F1RX36_PIG,K.QTITKTINREGGAVES.K,Y,33.06,1702.8850,16,-0.4,568.6328,3,10.39,0.7732-0.8012,2.5318E3,5,2705,FF_T_2404_Pig_Rerun_Sample_E_S1-A5_1_497.d,1,1,639,654,,,PEAKS DB
1,1,tr|F1RX36|F1RX36_PIG,Q.DKGEFLAEG.G,Y,33.03,964.4501,9,0.4,483.2303,2,16.83,0.8023-0.8303,4.1131E2,5,5362,FF_T_2404_Pig_Rerun_Sample_E_S1-A5_1_497.d,1,1,51,59,,,PEAKS DB
1,1,tr|F1RX36|F1RX36_PIG,A.EVQDKGEFLAEG.G,Y,32.87,1320.6198,12,0.4,661.3145,2,17.55,0.9343-0.9622,5.1983E2,5,5599,FF_T_2404_Pig_Rerun_Sample_E_S1-A5_1_497.d,1,1,48,59,,,PEAKS DB
1,1,tr|F1RX36|F1RX36_PIG,R.TETIKEV.I,Y,32.83,818.4385,7,-9.2,410.2209,2,9.99,0.7440-0.7721,0,5,2607,FF_T_2404_Pig_Rerun_Sample_E_S1-A5_1_497.d,0,0,542,548,,,PEAKS DB
1,1,tr|F1RX36|F1RX36_PIG,F.LAEGGGVR.G,Y,32.81,757.4082,8,-7.9,379.7067,2,5.62,0.7373-0.7654,1.7278E3,5,766,FF_T_2404_Pig_Rerun_Sample_E_S1-A5_1_497.d,1,1,56,63,,,PEAKS DB
1,1,tr|F1RX36|F1RX36_PIG,R.ETPPEWKA.L,Y,32.54,956.4603,8,-5.6,479.2326,2,14.63,0.7878-0.8158,0,5,4228,FF_T_2404_Pig_Rerun_Sample_E_S1-A5_1_497.d,0,0,271,278,,,PEAKS DB
1,1,tr|F1RX36|F1RX36_PIG,K.TINREGGAV.E,Y,32.44,915.4774,9,-11.0,458.7388,2,6.69,0.7654-0.7934,0,5,1279,FF_T_2404_Pig_Rerun_Sample_E_S1-A5_1_497.d,0,0,644,652,,,PEAKS DB
1,1,tr|F1RX36|F1RX36_PIG,A.EVQDKGEFLA.E,Y,32.19,1134.5557,10,3.2,568.2844,2,17.57,0.8852-0.9131,0,5,5634,FF_T_2404_Pig_Rerun_Sample_E_S1-A5_1_497.d,0,0,48,57,,,PEAKS DB
1,1,tr|F1RX36|F1RX36_PIG,E.VSGSVSPGTK.S,Y,32.15,917.4818,10,-0.2,459.7460,2,5.18,0.7698-0.7979,0,5,497,FF_T_2404_Pig_Rerun_Sample_E_S1-A5_1_497.d,0,0,482,491,,,PEAKS DB
1,1,tr|F1RX36|F1RX36_PIG,S.GSVSPGTKSEV.H,Y,32.00,1046.5244,11,0.1,524.2672,2,7.20,0.8236-0.8516,0,5,1474,FF_T_2404_Pig_Rerun_Sample_E_S1-A5_1_497.d,0,0,484,494,,,PEAKS DB
1,1,tr|F1RX36|F1RX36_PIG,K.M(+15.99)VLERVGGDERT.R,Y,31.73,1376.6718,12,-6.4,459.8929,3,9.37,0.7238-0.7519,0,5,2346,FF_T_2404_Pig_Rerun_Sample_E_S1-A5_1_497.d,0,0,287,298,Oxidation (M),M1:Oxidation (M):1000.00,PEAKS DB
1,1,tr|F1RX36|F1RX36_PIG,A.DGRTETIKEV.I,Y,31.69,1146.5880,10,9.1,574.3039,2,9.53,0.8729-0.9008,0,5,2399,FF_T_2404_Pig_Rerun_Sample_E_S1-A5_1_497.d,0,0,539,548,,,PEAKS DB
1,1,tr|F1RX36|F1RX36_PIG,E.VSGSVSPGTKSEVHTS.K,Y,31.54,1557.7634,16,0.9,520.2599,3,6.36,0.7687-0.7967,0,5,1106,FF_T_2404_Pig_Rerun_Sample_E_S1-A5_1_497.d,0,0,482,497,,,PEAKS DB
1,1,tr|F1RX36|F1RX36_PIG,I.TKTINREGGAVESKS.Y,Y,31.35,1575.8217,15,-3.1,526.2772,3,4.80,0.7519-0.7799,0,5,269,FF_T_2404_Pig_Rerun_Sample_E_S1-A5_1_497.d,0,0,642,656,,,PEAKS DB
1,1,tr|F1RX36|F1RX36_PIG,D.TTPSNPDWGT.F,Y,31.29,1074.4618,10,0.6,538.2361,2,16.23,0.8180-0.8460,0,5,5113,FF_T_2404_Pig_Rerun_Sample_E_S1-A5_1_497.d,0,0,469,478,,,PEAKS DB
2,30,tr|F1RX37|F1RX37_PIG,E.EAPSLRPVAPPISAGGYQPRPA.K,Y,65.64,2230.1858,22,-2.0,744.3977,3,24.10,0.8907-0.9187,0,5,7692,FF_T_2404_Pig_Rerun_Sample_E_S1-A5_1_497.d,0,0,59,80,,,PEAKS DB
2,30,tr|F1RX37|F1RX37_PIG,R.EEAPSLRPVAPPISAGGYQPRPA.K,Y,63.33,2359.2283,23,2.8,787.4153,3,24.57,0.9387-0.9666,4.4024E2,5,7773,FF_T_2404_Pig_Rerun_Sample_E_S1-A5_1_497.d,1,1,58,80,,,PEAKS DB
2,30,tr|F1RX37|F1RX37_PIG,I.DYDEDEDGRPKV.H,Y,61.47,1436.6055,12,1.6,719.3079,2,9.80,0.9711-0.9989,1.0659E3,5,2519,FF_T_2404_Pig_Rerun_Sample_E_S1-A5_1_497.d,2,2,32,43,,,PEAKS DB
2,30,tr|F1RX37|F1RX37_PIG,V.APPISAGGYQPRPA.K,Y,59.60,1380.7150,14,2.4,691.3633,2,15.89,0.9566-0.9844,1.433E4,5,4853,FF_T_2404_Pig_Rerun_Sample_E_S1-A5_1_497.d,1,1,67,80,,,PEAKS DB
2,30,tr|F1RX37|F1RX37_PIG,D.YDEDEDGRPK.V,Y,56.86,1222.5101,10,1.7,612.2606,2,5.23,0.8930-0.9209,2.6999E3,5,537,FF_T_2404_Pig_Rerun_Sample_E_S1-A5_1_497.d,4,4,33,42,,,PEAKS DB
2,30,tr|F1RX37|F1RX37_PIG,I.DYDEDEDGRPK.V,Y,56.84,1337.5371,11,2.0,669.7742,2,5.55,0.9332-0.9610,6.7262E3,5,672,FF_T_2404_Pig_Rerun_Sample_E_S1-A5_1_497.d,3,3,32,42,,,PEAKS DB
2,30,tr|F1RX37|F1RX37_PIG,A.AIDYDEDEDGRPKVHVDA.R,Y,54.23,2042.9181,18,1.1,681.9777,3,14.74,0.9030-0.9309,1.5685E5,5,4237,FF_T_2404_Pig_Rerun_Sample_E_S1-A5_1_497.d,10,10,30,47,,,PEAKS DB
2,30,tr|F1RX37|F1RX37_PIG,A.AIDYDEDEDGRPK.V,Y,54.09,1521.6582,13,3.5,761.8356,2,8.81,1.0279-1.0556,6.5359E3,5,2088,FF_T_2404_Pig_Rerun_Sample_E_S1-A5_1_497.d,2,2,30,42,,,PEAKS DB
2,30,tr|F1RX37|F1RX37_PIG,E.EAPSLRPVAPPISAGGYQPRP.A,Y,53.83,2159.1487,21,2.2,720.7219,3,24.56,0.8829-0.9108,7.7912E2,5,7761,FF_T_2404_Pig_Rerun_Sample_E_S1-A5_1_497.d,1,1,59,79,,,PEAKS DB
2,30,tr|F1RX37|F1RX37_PIG,Y.DEDEDGRPKVHVDA.R,Y,53.76,1580.7067,14,9.8,791.3648,2,41.83,1.0301-1.0579,1.4776E5,5,21976,FF_T_2404_Pig_Rerun_Sample_E_S1-A5_1_497.d,6,6,34,47,,,PEAKS DB
2,30,tr|F1RX37|F1RX37_PIG,P.SLRPVAPPISAGGYQPRP.A,Y,53.65,1862.0162,18,1.3,621.6774,3,21.93,0.8012-0.8292,0,5,7037,FF_T_2404_Pig_Rerun_Sample_E_S1-A5_1_497.d,0,0,62,79,,,PEAKS DB
2,30,tr|F1RX37|F1RX37_PIG,R.EEAPSLRPVAPPISAGGYQPRP.A,Y,53.38,2288.1912,22,2.3,763.7360,3,41.78,0.9231-0.9510,4.0652E3,5,21749,FF_T_2404_Pig_Rerun_Sample_E_S1-A5_1_497.d,2,2,58,79,,,PEAKS DB
2,30,tr|F1RX37|F1RX37_PIG,A.IDYDEDEDGRP.K,Y,52.29,1322.5262,11,3.2,662.2695,2,12.80,0.9399-0.9677,0,5,3671,FF_T_2404_Pig_Rerun_Sample_E_S1-A5_1_497.d,0,0,31,41,,,PEAKS DB
2,30,tr|F1RX37|F1RX37_PIG,A.IDYDEDEDGRPK.V,Y,52.23,1450.6211,12,-2.7,484.5441,3,8.05,0.7631-0.7911,4.5772E3,5,1828,FF_T_2404_Pig_Rerun_Sample_E_S1-A5_1_497.d,2,2,31,42,,,PEAKS DB
2,30,tr|F1RX37|F1RX37_PIG,D.YDEDEDGRPKVHVDA.R,Y,51.25,1743.7699,15,1.6,582.2622,3,41.69,0.8449-0.8729,5.1916E4,5,21310,FF_T_2404_Pig_Rerun_Sample_E_S1-A5_1_497.d,8,8,33,47,,,PEAKS DB
2,30,tr|F1RX37|F1RX37_PIG,R.EEAPSLRPVAPPISAG.G,Y,50.76,1589.8413,16,3.5,795.9271,2,25.08,1.0579-1.0856,1.5167E2,5,7871,FF_T_2404_Pig_Rerun_Sample_E_S1-A5_1_497.d,1,1,58,73,,,PEAKS DB
2,30,tr|F1RX37|F1RX37_PIG,A.AIDYDEDEDGRPKV.H,Y,50.28,1620.7267,14,-4.7,541.2445,3,13.52,0.7945-0.8225,9.991E2,5,3861,FF_T_2404_Pig_Rerun_Sample_E_S1-A5_1_497.d,2,2,30,43,,,PEAKS DB
2,30,tr|F1RX37|F1RX37_PIG,D.YDEDEDGRP.K,Y,50.00,1094.4152,9,-0.3,548.2122,2,6.26,0.8259-0.8538,1.8103E3,5,1028,FF_T_2404_Pig_Rerun_Sample_E_S1-A5_1_497.d,1,1,33,41,,,PEAKS DB
2,30,tr|F1RX37|F1RX37_PIG,Y.DEDEDGRPKV.H,Y,49.75,1158.5153,10,3.4,580.2643,2,6.16,0.8617-0.8896,2.2576E4,5,982,FF_T_2404_Pig_Rerun_Sample_E_S1-A5_1_497.d,4,4,34,43,,,PEAKS DB
2,30,tr|F1RX37|F1RX37_PIG,R.EEAPSLRPVAPPISA.G,Y,49.09,1532.8198,15,2.5,767.4156,2,26.30,1.0056-1.0334,4.401E3,5,8115,FF_T_2404_Pig_Rerun_Sample_E_S1-A5_1_497.d,1,1,58,72,,,PEAKS DB
2,30,tr|F1RX37|F1RX37_PIG,A.AIDYDEDEDGRP.K,Y,48.77,1393.5634,12,5.5,697.7897,2,13.81,0.9722-1.0000,1.6986E2,5,3962,FF_T_2404_Pig_Rerun_Sample_E_S1-A5_1_497.d,1,1,30,41,,,PEAKS DB
2,30,tr|F1RX37|F1RX37_PIG,D.YDEDEDGRPKV.H,Y,47.82,1321.5786,11,0.8,661.7941,2,8.11,0.9432-0.9711,7.7451E2,5,1839,FF_T_2404_Pig_Rerun_Sample_E_S1-A5_1_497.d,2,2,33,43,,,PEAKS DB
2,30,tr|F1RX37|F1RX37_PIG,R.REEAPSLRPVAPPISAGGYQPRP.A,Y,47.79,2444.2922,23,5.7,612.0811,4,22.35,0.9365-0.9644,9.1379E2,5,7255,FF_T_2404_Pig_Rerun_Sample_E_S1-A5_1_497.d,1,1,57,79,,,PEAKS DB
2,30,tr|F1RX37|F1RX37_PIG,Y.DEDEDGRPK.V,Y,47.64,1059.4468,9,0.5,530.7285,2,3.43,0.8192-0.8471,1.0186E3,5,72,FF_T_2404_Pig_Rerun_Sample_E_S1-A5_1_497.d,3,3,34,42,,,PEAKS DB
2,30,tr|F1RX37|F1RX37_PIG,I.DYDEDEDGRPKVHVD.A,Y,47.51,1787.7598,15,-0.7,596.9241,3,10.08,0.8359-0.8639,0,5,2625,FF_T_2404_Pig_Rerun_Sample_E_S1-A5_1_497.d,0,0,32,46,,,PEAKS DB
2,30,tr|F1RX37|F1RX37_PIG,Y.DEDEDGRPKVH.V,Y,47.40,1295.5742,11,6.7,648.7958,2,4.67,0.9064-0.9343,6.0217E3,5,193,FF_T_2404_Pig_Rerun_Sample_E_S1-A5_1_497.d,2,2,34,44,,,PEAKS DB
2,30,tr|F1RX37|F1RX37_PIG,I.DYDEDEDGRPKVH.V,Y,46.63,1573.6644,13,-2.4,525.5585,3,6.51,0.7811-0.8091,2.5476E3,5,1161,FF_T_2404_Pig_Rerun_Sample_E_S1-A5_1_497.d,2,2,32,44,,,PEAKS DB
2,30,tr|F1RX37|F1RX37_PIG,R.EEAPSLRPVAPPISAGGYQP.R,Y,46.58,2035.0374,20,4.0,1018.5254,2,28.57,1.1898-1.2174,1.9487E2,5,8670,FF_T_2404_Pig_Rerun_Sample_E_S1-A5_1_497.d,1,1,58,77,,,PEAKS DB
2,30,tr|F1RX37|F1RX37_PIG,I.DYDEDEDGRPKVHVDA.R,Y,46.24,1858.7969,16,-0.6,620.6031,3,11.41,0.8650-0.8930,1.2376E4,5,3144,FF_T_2404_Pig_Rerun_Sample_E_S1-A5_1_497.d,1,1,32,47,,,PEAKS DB
2,30,tr|F1RX37|F1RX37_PIG,P.SLRPVAPPISAGGYQPRPA.K,Y,45.26,1933.0533,19,6.4,645.3596,3,21.43,0.8102-0.8382,0,5,6894,FF_T_2404_Pig_Rerun_Sample_E_S1-A5_1_497.d,0,0,62,80,,,PEAKS DB
2,30,tr|F1RX37|F1RX37_PIG,D.YDEDEDGRPKVH.V,Y,44.63,1458.6375,12,-0.4,487.2174,3,6.16,0.7597-0.7878,4.7711E3,5,962,FF_T_2404_Pig_Rerun_Sample_E_S1-A5_1_497.d,2,2,33,44,,,PEAKS DB
2,30,tr|F1RX37|F1RX37_PIG,R.EEAPSLRPV.A,Y,44.61,996.5240,9,-1.8,499.2661,2,16.71,0.8046-0.8326,4.2202E3,5,5325,FF_T_2404_Pig_Rerun_Sample_E_S1-A5_1_497.d,1,1,58,66,,,PEAKS DB
2,30,tr|F1RX37|F1RX37_PIG,A.AIDYDEDEDGRPKVHVDAR.G,Y,44.44,2199.0190,19,-1.7,550.7586,4,11.96,0.8382-0.8662,0,5,3407,FF_T_2404_Pig_Rerun_Sample_E_S1-A5_1_497.d,0,0,30,48,,,PEAKS DB
2,30,tr|F1RX37|F1RX37_PIG,R.EEAPSLRPVAPPIS.A,Y,44.33,1461.7827,14,6.5,731.9001,2,24.77,0.9878-1.0156,1.8425E2,5,7808,FF_T_2404_Pig_Rerun_Sample_E_S1-A5_1_497.d,1,1,58,71,,,PEAKS DB
2,30,tr|F1RX37|F1RX37_PIG,I.DYDEDEDGRP.K,Y,44.03,1209.4421,10,-1.2,605.7249,2,7.97,0.8740-0.9019,2.7992E2,5,1777,FF_T_2404_Pig_Rerun_Sample_E_S1-A5_1_497.d,1,1,32,41,,,PEAKS DB
2,30,tr|F1RX37|F1RX37_PIG,A.IDYDEDEDGRPKVHVDA.R,Y,43.89,1971.8810,17,4.1,658.3007,3,13.76,0.8863-0.9142,8.6643E3,5,3945,FF_T_2404_Pig_Rerun_Sample_E_S1-A5_1_497.d,2,2,31,47,,,PEAKS DB
2,30,tr|F1RX37|F1RX37_PIG,A.AIDYDEDEDGRPKVHVD.A,Y,42.38,1971.8810,17,1.9,658.2992,3,13.59,0.8952-0.9231,0,5,3889,FF_T_2404_Pig_Rerun_Sample_E_S1-A5_1_497.d,0,0,30,46,,,PEAKS DB
2,30,tr|F1RX37|F1RX37_PIG,A.IDYDEDEDGRPKV.H,Y,42.28,1549.6896,13,5.0,517.5707,3,12.66,0.8001-0.8281,1.9373E2,5,3616,FF_T_2404_Pig_Rerun_Sample_E_S1-A5_1_497.d,1,1,31,43,,,PEAKS DB
2,30,tr|F1RX37|F1RX37_PIG,E.DEDGRPKV.H,Y,42.28,914.4457,8,-3.5,458.2265,2,5.60,0.7788-0.8068,2.8002E4,5,654,FF_T_2404_Pig_Rerun_Sample_E_S1-A5_1_497.d,3,3,36,43,,,PEAKS DB
2,30,tr|F1RX37|F1RX37_PIG,D.EDEDGRPKV.H,Y,41.91,1043.4883,9,-0.2,522.7490,2,5.59,0.8281-0.8561,1.2414E3,5,716,FF_T_2404_Pig_Rerun_Sample_E_S1-A5_1_497.d,1,1,35,43,,,PEAKS DB
2,30,tr|F1RX37|F1RX37_PIG,A.AIDYDEDEDGRPKVH.V,Y,41.37,1757.7856,15,-1.9,586.9321,3,9.63,0.8393-0.8673,1.6144E3,5,2445,FF_T_2404_Pig_Rerun_Sample_E_S1-A5_1_497.d,1,1,30,44,,,PEAKS DB
2,30,tr|F1RX37|F1RX37_PIG,A.IDYDEDEDGRPKVH.V,Y,40.52,1686.7485,14,0.0,563.2543,3,8.95,0.8236-0.8516,6.1113E2,5,2184,FF_T_2404_Pig_Rerun_Sample_E_S1-A5_1_497.d,1,1,31,44,,,PEAKS DB
2,30,tr|F1RX37|F1RX37_PIG,Y.DEDEDGRP.K,Y,40.34,931.3519,8,-3.3,466.6796,2,4.61,0.7676-0.7956,0,5,189,FF_T_2404_Pig_Rerun_Sample_E_S1-A5_1_497.d,0,0,34,41,,,PEAKS DB
2,30,tr|F1RX37|F1RX37_PIG,E.EAPSLRPVAPPISA.G,Y,39.42,1403.7772,14,1.6,702.8939,2,25.58,0.9622-0.9900,1.8862E2,5,7982,FF_T_2404_Pig_Rerun_Sample_E_S1-A5_1_497.d,1,1,59,72,,,PEAKS DB
2,30,tr|F1RX37|F1RX37_PIG,Y.DEDEDGRPKVHVD.A,Y,39.18,1509.6696,13,0.2,504.2283,3,7.28,0.7799-0.8080,8.1791E2,5,1494,FF_T_2404_Pig_Rerun_Sample_E_S1-A5_1_497.d,1,1,34,46,,,PEAKS DB
2,30,tr|F1RX37|F1RX37_PIG,V.APPISAGGYQPRP.A,Y,39.08,1309.6779,13,1.6,655.8443,2,16.57,0.9376-0.9655,0,5,5246,FF_T_2404_Pig_Rerun_Sample_E_S1-A5_1_497.d,0,0,67,79,,,PEAKS DB
2,30,tr|F1RX37|F1RX37_PIG,E.DEDGRPKVHVDA.R,Y,38.82,1336.6371,12,-0.1,669.3228,2,7.81,0.9376-0.9655,8.3607E3,5,1736,FF_T_2404_Pig_Rerun_Sample_E_S1-A5_1_497.d,2,2,36,47,,,PEAKS DB
2,30,tr|F1RX37|F1RX37_PIG,A.GGYQPRPA.K,Y,38.23,844.4191,8,-5.5,423.2126,2,6.31,0.7530-0.7811,1.105E3,5,1022,FF_T_2404_Pig_Rerun_Sample_E_S1-A5_1_497.d,1,1,73,80,,,PEAKS DB
2,30,tr|F1RX37|F1RX37_PIG,D.EDEDGRPKVHVDA.R,Y,37.15,1465.6797,13,0.1,733.8439,2,7.78,0.9688-0.9967,1.1785E4,5,1726,FF_T_2404_Pig_Rerun_Sample_E_S1-A5_1_497.d,2,2,35,47,,,PEAKS DB
2,30,tr|F1RX37|F1RX37_PIG,K.RREEAPSLRPVAPPISAGGYQPRP.A,Y,36.59,2600.3936,24,3.1,651.1047,4,20.25,0.9142-0.9421,0,5,6488,FF_T_2404_Pig_Rerun_Sample_E_S1-A5_1_497.d,0,0,56,79,,,PEAKS DB
2,30,tr|F1RX37|F1RX37_PIG,R.REEAPSLRPVAPPISA.G,Y,35.59,1688.9209,16,-3.4,563.9764,3,22.47,0.8169-0.8449,7.3344E2,5,7300,FF_T_2404_Pig_Rerun_Sample_E_S1-A5_1_497.d,2,2,57,72,,,PEAKS DB
2,30,tr|F1RX37|F1RX37_PIG,E.EAPSLRPV.A,Y,34.47,867.4814,8,-3.7,434.7444,2,15.05,0.7687-0.7967,0,5,4416,FF_T_2404_Pig_Rerun_Sample_E_S1-A5_1_497.d,0,0,59,66,,,PEAKS DB
2,30,tr|F1RX37|F1RX37_PIG,D.EDGRPKVHVDA.R,Y,33.57,1221.6101,11,1.6,611.8105,2,6.85,0.8963-0.9242,0,5,1343,FF_T_2404_Pig_Rerun_Sample_E_S1-A5_1_497.d,0,0,37,47,,,PEAKS DB
2,30,tr|F1RX37|F1RX37_PIG,V.APPISAGGYQP.R,Y,33.53,1056.5239,11,-1.4,529.2661,2,19.87,0.8303-0.8583,2.125E2,5,6357,FF_T_2404_Pig_Rerun_Sample_E_S1-A5_1_497.d,1,1,67,77,,,PEAKS DB
2,30,tr|F1RX37|F1RX37_PIG,D.GRPKVHVDA.R,Y,32.59,977.5406,9,-12.0,326.8488,3,5.51,0.6687-0.6968,0,5,692,FF_T_2404_Pig_Rerun_Sample_E_S1-A5_1_497.d,0,0,39,47,,,PEAKS DB
2,30,tr|F1RX37|F1RX37_PIG,D.EDEDGRPKVH.V,Y,31.35,1180.5472,10,0.6,394.5215,3,4.22,0.7013-0.7294,0,5,121,FF_T_2404_Pig_Rerun_Sample_E_S1-A5_1_497.d,0,0,35,44,,,PEAKS DB
3,9,P27917|APOC3_PIG,T.RTAQDALTSVKESEVAQQA.R,Y,60.40,2031.0232,19,4.0,678.0146,3,17.35,0.8516-0.8796,1.4205E4,5,5536,FF_T_2404_Pig_Rerun_Sample_E_S1-A5_1_497.d,3,3,41,59,,,PEAKS DB
3,9,P27917|APOC3_PIG,A.EDTSLLDKM(+15.99)QDYVKQAT.R,Y,58.75,1999.9408,17,3.1,667.6533,3,41.70,0.8773-0.9053,2.7646E4,5,21408,FF_T_2404_Pig_Rerun_Sample_E_S1-A5_1_497.d,5,5,24,40,Oxidation (M),M9:Oxidation (M):1000.00,PEAKS DB
3,9,P27917|APOC3_PIG,A.EDTSLLDKM(+15.99)QDY.V,Y,58.32,1472.6340,12,2.8,737.3231,2,18.81,0.9911-1.0190,4.7112E3,5,6019,FF_T_2404_Pig_Rerun_Sample_E_S1-A5_1_497.d,1,1,24,35,Oxidation (M),M9:Oxidation (M):1000.00,PEAKS DB
3,9,P27917|APOC3_PIG,R.TAQDALTSVKESEVAQQA.R,Y,57.65,1874.9221,18,5.3,938.4691,2,19.53,1.1344-1.1621,3.3539E4,5,6220,FF_T_2404_Pig_Rerun_Sample_E_S1-A5_1_497.d,3,3,42,59,,,PEAKS DB
3,9,P27917|APOC3_PIG,R.TAQDALTSVKESEV.A,Y,55.57,1476.7307,14,4.4,739.3726,2,19.18,1.0089-1.0367,1.6313E3,5,6129,FF_T_2404_Pig_Rerun_Sample_E_S1-A5_1_497.d,1,1,42,55,,,PEAKS DB
3,9,P27917|APOC3_PIG,A.QDALTSVKESEVAQQA.R,Y,55.14,1702.8373,16,4.5,852.4259,2,18.10,1.0989-1.1267,4.574E3,5,5845,FF_T_2404_Pig_Rerun_Sample_E_S1-A5_1_497.d,2,2,44,59,,,PEAKS DB
3,9,P27917|APOC3_PIG,A.EDTSLLDKM(+15.99)QD.Y,Y,53.57,1309.5708,11,7.0,655.7943,2,13.30,0.9622-0.9900,2.5334E3,5,3800,FF_T_2404_Pig_Rerun_Sample_E_S1-A5_1_497.d,2,2,24,34,Oxidation (M),M9:Oxidation (M):1000.00,PEAKS DB
3,9,P27917|APOC3_PIG,T.AQDALTSVKESEVAQQA.R,Y,53.53,1773.8744,17,5.7,887.9456,2,18.19,1.1100-1.1378,3.8256E3,5,5855,FF_T_2404_Pig_Rerun_Sample_E_S1-A5_1_497.d,2,2,43,59,,,PEAKS DB
3,9,P27917|APOC3_PIG,A.EDTSLLDKM(+15.99)QDYV.K,Y,52.24,1571.7025,13,5.4,786.8593,2,23.46,1.0523-1.0801,4.4171E3,5,7516,FF_T_2404_Pig_Rerun_Sample_E_S1-A5_1_497.d,2,2,24,36,Oxidation (M),M9:Oxidation (M):1000.00,PEAKS DB
3,9,P27917|APOC3_PIG,K.FTDFWDYTPKPEPS.S,Y,51.65,1728.7671,14,6.6,865.3926,2,33.21,1.1045-1.1322,7.0104E1,5,10268,FF_T_2404_Pig_Rerun_Sample_E_S1-A5_1_497.d,1,1,81,94,,,PEAKS DB
3,9,P27917|APOC3_PIG,A.LTSVKESEVAQQA.R,Y,51.07,1388.7147,13,2.5,695.3632,2,11.55,0.9466-0.9744,1.4473E3,5,3219,FF_T_2404_Pig_Rerun_Sample_E_S1-A5_1_497.d,1,1,47,59,,,PEAKS DB
3,9,P27917|APOC3_PIG,Q.DALTSVKESEVAQQA.R,Y,51.06,1574.7787,15,5.0,788.3970,2,18.88,1.0579-1.0856,6.3572E3,5,6037,FF_T_2404_Pig_Rerun_Sample_E_S1-A5_1_497.d,1,1,45,59,,,PEAKS DB
3,9,P27917|APOC3_PIG,E.DTSLLDKM(+15.99)QDYV.K,Y,50.52,1442.6599,12,4.6,722.3373,2,24.42,0.9922-1.0201,2.2709E3,5,7727,FF_T_2404_Pig_Rerun_Sample_E_S1-A5_1_497.d,1,1,25,36,Oxidation (M),M8:Oxidation (M):1000.00,PEAKS DB
3,9,P27917|APOC3_PIG,R.TAQDALTSVKESEVA.Q,Y,50.35,1547.7678,15,1.7,774.8890,2,18.87,1.0334-1.0612,6.4683E2,5,6053,FF_T_2404_Pig_Rerun_Sample_E_S1-A5_1_497.d,1,1,42,56,,,PEAKS DB
3,9,P27917|APOC3_PIG,K.FTDFWDYTPKPEPSSS,Y,50.33,1902.8312,16,0.0,952.4186,2,32.78,1.1389-1.1666,2.3304E2,5,10011,FF_T_2404_Pig_Rerun_Sample_E_S1-A5_1_497.d,1,1,81,96,,,PEAKS DB
3,9,P27917|APOC3_PIG,A.TRTAQDALTSVKESEVAQQA.R,Y,48.39,2132.0708,20,1.2,711.6952,3,17.90,0.8840-0.9120,4.9698E3,5,5777,FF_T_2404_Pig_Rerun_Sample_E_S1-A5_1_497.d,2,2,40,59,,,PEAKS DB
3,9,P27917|APOC3_PIG,A.QDALTSVKESEVAQ.Q,Y,48.25,1503.7416,14,2.5,752.8765,2,16.23,1.0245-1.0523,1.1419E2,5,5095,FF_T_2404_Pig_Rerun_Sample_E_S1-A5_1_497.d,1,1,44,57,,,PEAKS DB
3,9,P27917|APOC3_PIG,A.IEAEDTSLLDKM(+15.99)QD.Y,Y,48.20,1622.7345,14,3.5,812.3737,2,18.67,1.0412-1.0690,0,5,6010,FF_T_2404_Pig_Rerun_Sample_E_S1-A5_1_497.d,0,0,21,34,Oxidation (M),M12:Oxidation (M):1000.00,PEAKS DB
3,9,P27917|APOC3_PIG,R.TAQDALTSVKESEVAQQ.A,Y,47.82,1803.8850,17,6.2,902.9513,2,17.69,1.1056-1.1333,2.5332E2,5,5677,FF_T_2404_Pig_Rerun_Sample_E_S1-A5_1_497.d,1,1,42,58,,,PEAKS DB
3,9,P27917|APOC3_PIG,W.DYTPKPEPSSS,Y,47.16,1206.5404,11,0.9,604.2753,2,8.87,0.8773-0.9053,3.6266E3,5,2078,FF_T_2404_Pig_Rerun_Sample_E_S1-A5_1_497.d,1,1,86,96,,,PEAKS DB
3,9,P27917|APOC3_PIG,E.DTSLLDKM(+15.99)QDY.V,Y,46.33,1343.5914,11,0.7,672.8004,2,19.53,0.9242-0.9521,1.556E3,5,6243,FF_T_2404_Pig_Rerun_Sample_E_S1-A5_1_497.d,1,1,25,35,Oxidation (M),M8:Oxidation (M):1000.00,PEAKS DB
3,9,P27917|APOC3_PIG,D.YTPKPEPSSS,Y,46.23,1091.5134,10,0.4,546.7617,2,6.37,0.8259-0.8538,4.306E3,5,1212,FF_T_2404_Pig_Rerun_Sample_E_S1-A5_1_497.d,1,1,87,96,,,PEAKS DB
3,9,P27917|APOC3_PIG,T.AQDALTSVKESEVAQ.Q,Y,46.16,1574.7787,15,7.3,788.3988,2,16.35,1.0512-1.0790,0,5,5175,FF_T_2404_Pig_Rerun_Sample_E_S1-A5_1_497.d,0,0,43,57,,,PEAKS DB
3,9,P27917|APOC3_PIG,A.EDTSLLDKM(+15.99)QDYVKQA.T,Y,45.67,1898.8931,16,3.2,633.9708,3,18.84,0.8169-0.8449,1.3105E3,5,6043,FF_T_2404_Pig_Rerun_Sample_E_S1-A5_1_497.d,1,1,24,39,Oxidation (M),M9:Oxidation (M):1000.00,PEAKS DB
3,9,P27917|APOC3_PIG,R.TAQDALTSVKESEVAQQAR.G,Y,45.60,2031.0232,19,-3.0,678.0099,3,16.80,0.9421-0.9700,0,5,5367,FF_T_2404_Pig_Rerun_Sample_E_S1-A5_1_497.d,0,0,42,60,,,PEAKS DB
3,9,P27917|APOC3_PIG,R.TAQDALTSVKE.S,Y,44.64,1161.5876,11,0.4,581.7987,2,13.32,0.8919-0.9198,0,5,3808,FF_T_2404_Pig_Rerun_Sample_E_S1-A5_1_497.d,0,0,42,52,,,PEAKS DB
3,9,P27917|APOC3_PIG,F.WDYTPKPEPSSS,Y,44.12,1392.6198,12,6.4,697.3185,2,16.42,0.9532-0.9811,1.4833E2,5,5187,FF_T_2404_Pig_Rerun_Sample_E_S1-A5_1_497.d,1,1,85,96,,,PEAKS DB
3,9,P27917|APOC3_PIG,A.IEAEDTSLLDKM(+15.99)QDYVKQAT.R,Y,44.11,2313.1045,20,8.3,772.0450,3,22.69,0.9108-0.9387,1.8673E2,5,7336,FF_T_2404_Pig_Rerun_Sample_E_S1-A5_1_497.d,1,1,21,40,Oxidation (M),M12:Oxidation (M):1000.00,PEAKS DB
3,9,P27917|APOC3_PIG,T.AQDALTSVKESEVA.Q,Y,43.77,1446.7202,14,5.5,724.3681,2,17.43,1.0212-1.0490,0,5,5576,FF_T_2404_Pig_Rerun_Sample_E_S1-A5_1_497.d,0,0,43,56,,,PEAKS DB
3,9,P27917|APOC3_PIG,R.TAQDALTSVKESEVAQ.Q,Y,43.65,1675.8264,16,3.2,838.9194,2,17.80,1.0923-1.1200,9.9982E2,5,5747,FF_T_2404_Pig_Rerun_Sample_E_S1-A5_1_497.d,1,1,42,57,,,PEAKS DB
3,9,P27917|APOC3_PIG,K.QATRTAQDALTSVKESEVAQQA.R,Y,43.19,2331.1665,22,2.6,778.0613,3,18.69,0.9309-0.9588,0,5,6018,FF_T_2404_Pig_Rerun_Sample_E_S1-A5_1_497.d,0,0,38,59,,,PEAKS DB
3,9,P27917|APOC3_PIG,E.SEVAQQARGWVTD.S,Y,43.09,1445.6899,13,0.5,723.8494,2,18.47,0.9711-0.9989,0,5,5959,FF_T_2404_Pig_Rerun_Sample_E_S1-A5_1_497.d,0,0,53,65,,,PEAKS DB
3,9,P27917|APOC3_PIG,D.ALTSVKESEVAQQA.R,Y,42.66,1459.7518,14,0.3,730.8801,2,13.83,1.0000-1.0279,1.434E3,5,3958,FF_T_2404_Pig_Rerun_Sample_E_S1-A5_1_497.d,1,1,46,59,,,PEAKS DB
3,9,P27917|APOC3_PIG,E.DTSLLDKM(+15.99)QDYVKQAT.R,Y,42.45,1870.8982,16,1.7,624.6382,3,20.94,0.7900-0.8180,1.4394E3,5,6746,FF_T_2404_Pig_Rerun_Sample_E_S1-A5_1_497.d,2,2,25,40,Oxidation (M),M8:Oxidation (M):1000.00,PEAKS DB
3,9,P27917|APOC3_PIG,A.EDTSLLDKM(+15.99)QDYVK.Q,Y,42.41,1699.7975,14,2.4,567.6052,3,17.61,0.8136-0.8415,2.642E3,5,5581,FF_T_2404_Pig_Rerun_Sample_E_S1-A5_1_497.d,1,1,24,37,Oxidation (M),M9:Oxidation (M):1000.00,PEAKS DB
3,9,P27917|APOC3_PIG,D.ALTSVKESEVAQ.Q,Y,42.37,1260.6561,12,-0.8,631.3320,2,11.99,0.9421-0.9700,1.9583E2,5,3401,FF_T_2404_Pig_Rerun_Sample_E_S1-A5_1_497.d,1,1,46,57,,,PEAKS DB
3,9,P27917|APOC3_PIG,Y.TPKPEPSSS,Y,42.20,928.4501,9,-0.7,465.2299,2,4.74,0.7575-0.7855,9.2392E2,5,214,FF_T_2404_Pig_Rerun_Sample_E_S1-A5_1_497.d,1,1,88,96,,,PEAKS DB
3,9,P27917|APOC3_PIG,T.DFWDYTPKPEPS.S,Y,42.09,1480.6510,12,3.5,741.3320,2,30.42,0.9856-1.0134,0,5,9172,FF_T_2404_Pig_Rerun_Sample_E_S1-A5_1_497.d,0,0,83,94,,,PEAKS DB
3,9,P27917|APOC3_PIG,T.RTAQDALTSVKESEV.A,Y,41.97,1632.8318,15,0.6,545.2824,3,16.73,0.7732-0.8012,0,5,5329,FF_T_2404_Pig_Rerun_Sample_E_S1-A5_1_497.d,0,0,41,55,,,PEAKS DB
3,9,P27917|APOC3_PIG,A.EDTSLLDKM(+15.99)QDYVKQ.A,Y,41.70,1827.8560,15,-1.6,610.2889,3,17.21,0.8158-0.8438,1.6445E3,5,5465,FF_T_2404_Pig_Rerun_Sample_E_S1-A5_1_497.d,1,1,24,38,Oxidation (M),M9:Oxidation (M):1000.00,PEAKS DB
3,9,P27917|APOC3_PIG,R.TAQDALTSVK.E,Y,41.49,1032.5452,10,-0.2,517.2774,2,12.02,0.8259-0.8538,0,5,3427,FF_T_2404_Pig_Rerun_Sample_E_S1-A5_1_497.d,0,0,42,51,,,PEAKS DB
3,9,P27917|APOC3_PIG,A.QDALTSVKESEVAQQ.A,Y,41.45,1631.8002,15,5.6,816.9083,2,16.16,1.0523-1.0801,7.7379E1,5,5060,FF_T_2404_Pig_Rerun_Sample_E_S1-A5_1_497.d,1,1,44,58,,,PEAKS DB
3,9,P27917|APOC3_PIG,Q.DALTSVKESEVAQQ.A,Y,41.23,1503.7416,14,0.9,752.8754,2,16.82,1.0123-1.0401,8.5321E1,5,5363,FF_T_2404_Pig_Rerun_Sample_E_S1-A5_1_497.d,1,1,45,58,,,PEAKS DB
3,9,P27917|APOC3_PIG,T.SVKESEVAQQA.R,Y,41.15,1174.5830,11,-0.7,588.2957,2,7.13,0.8673-0.8952,1.467E3,5,1419,FF_T_2404_Pig_Rerun_Sample_E_S1-A5_1_497.d,1,1,49,59,,,PEAKS DB
3,9,P27917|APOC3_PIG,Q.DALTSVKESEVAQ.Q,Y,41.07,1375.6831,13,1.4,688.8467,2,16.92,0.9755-1.0034,4.0245E2,5,5387,FF_T_2404_Pig_Rerun_Sample_E_S1-A5_1_497.d,1,1,45,57,,,PEAKS DB
3,9,P27917|APOC3_PIG,A.TRTAQDALTSVKESEV.A,Y,41.02,1733.8795,16,2.9,578.9662,3,17.30,0.8203-0.8483,0,5,5531,FF_T_2404_Pig_Rerun_Sample_E_S1-A5_1_497.d,0,0,40,55,,,PEAKS DB
3,9,P27917|APOC3_PIG,A.EDTSLLDKM(+15.99)Q.D,Y,40.88,1194.5438,10,13.6,598.2846,2,12.90,0.9075-0.9354,0,5,3702,FF_T_2404_Pig_Rerun_Sample_E_S1-A5_1_497.d,0,0,24,33,Oxidation (M),M9:Oxidation (M):1000.00,PEAKS DB
3,9,P27917|APOC3_PIG,E.DTSLLDKM(+15.99)QD.Y,Y,40.88,1180.5282,10,2.7,591.2703,2,13.61,0.8907-0.9187,0,5,3901,FF_T_2404_Pig_Rerun_Sample_E_S1-A5_1_497.d,0,0,25,34,Oxidation (M),M8:Oxidation (M):1000.00,PEAKS DB
3,9,P27917|APOC3_PIG,D.TSLLDKM(+15.99)QDY.V,Y,40.07,1228.5646,10,3.7,615.2891,2,17.24,0.9064-0.9343,0,5,5513,FF_T_2404_Pig_Rerun_Sample_E_S1-A5_1_497.d,0,0,26,35,Oxidation (M),M7:Oxidation (M):1000.00,PEAKS DB
3,9,P27917|APOC3_PIG,Q.DALTSVKESEVA.Q,Y,39.87,1247.6245,12,-3.9,624.8143,2,18.11,0.9633-0.9911,1.7051E2,5,5852,FF_T_2404_Pig_Rerun_Sample_E_S1-A5_1_497.d,1,1,45,56,,,PEAKS DB
3,9,P27917|APOC3_PIG,W.DYTPKPEPS.S,Y,39.68,1032.4763,9,0.0,517.2431,2,9.06,0.8102-0.8382,8.3716E2,5,2210,FF_T_2404_Pig_Rerun_Sample_E_S1-A5_1_497.d,2,2,86,94,,,PEAKS DB
3,9,P27917|APOC3_PIG,L.TSVKESEVAQQA.R,Y,39.47,1275.6306,12,1.9,638.8209,2,8.05,0.9075-0.9354,2.7157E3,5,1799,FF_T_2404_Pig_Rerun_Sample_E_S1-A5_1_497.d,1,1,48,59,,,PEAKS DB
3,9,P27917|APOC3_PIG,F.TDFWDYTPKPEPSSS,Y,39.18,1755.7627,15,8.2,878.8918,2,29.32,1.0834-1.1112,0,5,8911,FF_T_2404_Pig_Rerun_Sample_E_S1-A5_1_497.d,0,0,82,96,,,PEAKS DB
3,9,P27917|APOC3_PIG,A.EDTSLLDKM(+15.99).Q,Y,39.15,1066.4852,9,-3.7,534.2455,2,13.62,0.8427-0.8706,2.3169E2,5,3892,FF_T_2404_Pig_Rerun_Sample_E_S1-A5_1_497.d,1,1,24,32,Oxidation (M),M9:Oxidation (M):1000.00,PEAKS DB
3,9,P27917|APOC3_PIG,A.QDALTSVKESEVA.Q,Y,39.08,1375.6831,13,0.6,688.8461,2,17.35,0.9700-0.9978,6.1983E1,5,5543,FF_T_2404_Pig_Rerun_Sample_E_S1-A5_1_497.d,1,1,44,56,,,PEAKS DB
3,9,P27917|APOC3_PIG,F.TDFWDYTPKPEPS.S,Y,38.51,1581.6987,13,-0.8,791.8524,2,29.86,1.0212-1.0490,1.3041E2,5,9030,FF_T_2404_Pig_Rerun_Sample_E_S1-A5_1_497.d,1,1,82,94,,,PEAKS DB
3,9,P27917|APOC3_PIG,S.VKESEVAQQA.R,Y,38.06,1087.5509,10,-0.8,544.7798,2,6.53,0.8471-0.8751,2.6176E2,5,1185,FF_T_2404_Pig_Rerun_Sample_E_S1-A5_1_497.d,1,1,50,59,,,PEAKS DB
3,9,P27917|APOC3_PIG,A.LTSVKESEVAQ.Q,Y,38.03,1189.6190,11,-2.3,595.8127,2,9.65,0.8919-0.9198,2.4918E2,5,2433,FF_T_2404_Pig_Rerun_Sample_E_S1-A5_1_497.d,1,1,47,57,,,PEAKS DB
3,9,P27917|APOC3_PIG,D.YTPKPEPS.S,Y,37.33,917.4494,8,-1.8,459.7291,2,6.38,0.7844-0.8124,0,5,1112,FF_T_2404_Pig_Rerun_Sample_E_S1-A5_1_497.d,0,0,87,94,,,PEAKS DB
3,9,P27917|APOC3_PIG,T.RTAQDALTSVKESEVAQQ.A,Y,36.81,1959.9861,18,-1.0,654.3323,3,15.67,0.8359-0.8639,0,5,4812,FF_T_2404_Pig_Rerun_Sample_E_S1-A5_1_497.d,0,0,41,58,,,PEAKS DB
3,9,P27917|APOC3_PIG,A.TRTAQDALTSVKESEVAQQ.A,Y,36.77,2061.0337,19,1.1,688.0162,3,16.29,0.8695-0.8974,0,5,5149,FF_T_2404_Pig_Rerun_Sample_E_S1-A5_1_497.d,0,0,40,58,,,PEAKS DB
3,9,P27917|APOC3_PIG,A.EDTSLLDK.M,Y,36.08,919.4498,8,-3.8,460.7284,2,13.06,0.7911-0.8192,0,5,3740,FF_T_2404_Pig_Rerun_Sample_E_S1-A5_1_497.d,0,0,24,31,,,PEAKS DB
3,9,P27917|APOC3_PIG,Q.DALTSVKESEV.A,Y,35.65,1176.5874,11,0.9,589.2988,2,18.44,0.8863-0.9142,1.5302E2,5,5942,FF_T_2404_Pig_Rerun_Sample_E_S1-A5_1_497.d,1,1,45,55,,,PEAKS DB
3,9,P27917|APOC3_PIG,E.DTSLLDKM(+15.99)QDYVK.Q,Y,35.53,1570.7549,13,4.0,524.5920,3,17.99,0.8001-0.8281,0,5,5829,FF_T_2404_Pig_Rerun_Sample_E_S1-A5_1_497.d,0,0,25,37,Oxidation (M),M8:Oxidation (M):1000.00,PEAKS DB
3,9,P27917|APOC3_PIG,F.WDYTPKPEPS.S,Y,35.12,1218.5557,10,4.1,610.2849,2,17.00,0.8874-0.9153,0,5,5441,FF_T_2404_Pig_Rerun_Sample_E_S1-A5_1_497.d,0,0,85,94,,,PEAKS DB
3,9,P27917|APOC3_PIG,L.TSVKESEVAQ.Q,Y,34.57,1076.5349,10,-3.1,539.2706,2,6.21,0.8415-0.8695,3.5626E2,5,991,FF_T_2404_Pig_Rerun_Sample_E_S1-A5_1_497.d,1,1,48,57,,,PEAKS DB
3,9,P27917|APOC3_PIG,A.TRTAQDALTSVKESEVAQ.Q,Y,34.21,1932.9752,18,4.4,645.3323,3,16.29,0.8214-0.8494,0,5,5150,FF_T_2404_Pig_Rerun_Sample_E_S1-A5_1_497.d,0,0,40,57,,,PEAKS DB
3,9,P27917|APOC3_PIG,T.SVKESEVAQ.Q,Y,34.06,975.4872,9,-1.8,488.7478,2,5.41,0.7923-0.8203,0,5,638,FF_T_2404_Pig_Rerun_Sample_E_S1-A5_1_497.d,0,0,49,57,,,PEAKS DB
3,9,P27917|APOC3_PIG,E.DTSLLDKM(+15.99)QDYVKQA.T,Y,33.76,1769.8506,15,8.7,590.9600,3,19.37,0.8023-0.8303,0,5,6197,FF_T_2404_Pig_Rerun_Sample_E_S1-A5_1_497.d,0,0,25,39,Oxidation (M),M8:Oxidation (M):1000.00,PEAKS DB
3,9,P27917|APOC3_PIG,A.EDTSLLDKM(+15.99)QDYVKQATR.T,Y,33.34,2156.0420,18,6.5,719.6894,3,18.75,0.9488-0.9766,0,5,6035,FF_T_2404_Pig_Rerun_Sample_E_S1-A5_1_497.d,0,0,24,41,Oxidation (M),M9:Oxidation (M):1000.00,PEAKS DB
3,9,P27917|APOC3_PIG,R.TAQDALTSVKESEVAQQARG.W,Y,33.19,2088.0447,20,-4.3,697.0161,3,17.31,0.8796-0.9075,0,5,5541,FF_T_2404_Pig_Rerun_Sample_E_S1-A5_1_497.d,0,0,42,61,,,PEAKS DB
3,9,P27917|APOC3_PIG,Q.DALTSVKE.S,Y,32.93,861.4443,8,-11.1,431.7227,2,11.73,0.7575-0.7855,0,5,3314,FF_T_2404_Pig_Rerun_Sample_E_S1-A5_1_497.d,0,0,45,52,,,PEAKS DB
3,9,P27917|APOC3_PIG,T.RTAQDALTSVKESEVAQ.Q,Y,32.51,1831.9275,17,0.2,611.6472,3,15.71,0.8147-0.8427,0,5,4826,FF_T_2404_Pig_Rerun_Sample_E_S1-A5_1_497.d,0,0,41,57,,,PEAKS DB
3,9,P27917|APOC3_PIG,A.QDALTSVKESEV.A,Y,31.60,1304.6460,12,0.6,653.3277,2,17.63,0.9466-0.9744,0,5,5669,FF_T_2404_Pig_Rerun_Sample_E_S1-A5_1_497.d,0,0,44,55,,,PEAKS DB
3,9,P27917|APOC3_PIG,T.RTAQDALTSVKESEVA.Q,Y,31.52,1703.8689,16,11.2,568.9673,3,16.57,0.7900-0.8180,0,5,5252,FF_T_2404_Pig_Rerun_Sample_E_S1-A5_1_497.d,0,0,41,56,,,PEAKS DB
4,2,P01965|HBA_PIG,K.VGGQAGAHGAEALE.R,Y,54.40,1265.6000,14,0.6,633.8048,2,10.14,0.9164-0.9443,6.3963E3,5,2605,FF_T_2404_Pig_Rerun_Sample_E_S1-A5_1_497.d,1,1,17,30,,,PEAKS DB
4,2,P01965|HBA_PIG,VLSAADKANVKAA.W,Y,50.67,1256.7087,13,1.9,629.3600,2,8.79,0.9231-0.9510,8.6625E3,5,2050,FF_T_2404_Pig_Rerun_Sample_E_S1-A5_1_497.d,2,2,1,13,,,PEAKS DB
4,2,P01965|HBA_PIG,K.VGGQAGAHGAEAL.E,Y,50.54,1136.5574,13,-0.2,569.2833,2,10.34,0.8695-0.8974,4.4687E3,5,2674,FF_T_2404_Pig_Rerun_Sample_E_S1-A5_1_497.d,1,1,17,29,,,PEAKS DB
4,2,P01965|HBA_PIG,P.HFNLSHGSDQV.K,Y,48.37,1239.5632,11,5.1,620.7892,2,12.58,0.9164-0.9443,0,5,3591,FF_T_2404_Pig_Rerun_Sample_E_S1-A5_1_497.d,0,0,45,55,,,PEAKS DB
4,2,P01965|HBA_PIG,P.DDFNPSVHA.S,Y,48.17,1000.4250,9,-1.1,501.2169,2,15.43,0.8113-0.8393,3.0085E3,5,4557,FF_T_2404_Pig_Rerun_Sample_E_S1-A5_1_497.d,1,1,115,123,,,PEAKS DB
4,2,P01965|HBA_PIG,H.HPDDFNPSVHA.S,Y,47.85,1234.5366,11,6.1,618.2766,2,12.32,0.9399-0.9677,0,5,3521,FF_T_2404_Pig_Rerun_Sample_E_S1-A5_1_497.d,0,0,113,123,,,PEAKS DB
4,2,P01965|HBA_PIG,V.TLAAHHPDDFNPSVHA.S,Y,47.84,1727.8015,16,-2.1,576.9373,3,13.73,0.8147-0.8427,3.9907E2,5,3941,FF_T_2404_Pig_Rerun_Sample_E_S1-A5_1_497.d,1,1,108,123,,,PEAKS DB
4,2,P01965|HBA_PIG,VLSAADKANVK.A,Y,47.82,1114.6345,11,-0.9,558.3215,2,6.91,0.8829-0.9108,4.6997E3,5,1349,FF_T_2404_Pig_Rerun_Sample_E_S1-A5_1_497.d,2,2,1,11,,,PEAKS DB
4,2,P01965|HBA_PIG,P.DDFNPSVH.A,Y,47.77,929.3879,8,-1.0,465.6986,2,12.46,0.7934-0.8214,0,5,3560,FF_T_2404_Pig_Rerun_Sample_E_S1-A5_1_497.d,0,0,115,122,,,PEAKS DB
4,2,P01965|HBA_PIG,K.VGGQAGAHGAEALERM(+15.99)F.L,Y,47.72,1715.8049,17,-0.7,572.9393,3,19.05,0.8505-0.8784,5.3621E2,5,6097,FF_T_2404_Pig_Rerun_Sample_E_S1-A5_1_497.d,1,1,17,33,Oxidation (M),M16:Oxidation (M):1000.00,PEAKS DB
4,2,P01965|HBA_PIG,V.GGQAGAHGAEAL.E,Y,46.01,1037.4890,12,-2.6,519.7481,2,8.31,0.8136-0.8415,1.2286E3,5,1893,FF_T_2404_Pig_Rerun_Sample_E_S1-A5_1_497.d,1,1,18,29,,,PEAKS DB
4,2,P01965|HBA_PIG,V.GGQAGAHGAEALE.R,Y,45.35,1166.5316,13,0.4,584.2707,2,8.25,0.8315-0.8594,1.8709E3,5,1882,FF_T_2404_Pig_Rerun_Sample_E_S1-A5_1_497.d,1,1,18,30,,,PEAKS DB
4,2,P01965|HBA_PIG,K.VGGQAGAHGAEALER.M,Y,44.97,1421.7010,15,-3.4,474.9039,3,7.95,0.7710-0.7990,3.5499E2,5,1781,FF_T_2404_Pig_Rerun_Sample_E_S1-A5_1_497.d,2,2,17,31,,,PEAKS DB
4,2,P01965|HBA_PIG,K.VGGQAGAHGAEALERM(+15.99).F,Y,43.88,1568.7365,16,-1.5,523.9163,3,8.80,0.8124-0.8404,1.1157E3,5,2082,FF_T_2404_Pig_Rerun_Sample_E_S1-A5_1_497.d,1,1,17,32,Oxidation (M),M16:Oxidation (M):1000.00,PEAKS DB
4,2,P01965|HBA_PIG,W.GKVGGQAGAHGAEALER.M,Y,43.38,1606.8175,17,-3.9,536.6086,3,6.70,0.7911-0.8192,2.4461E2,5,1270,FF_T_2404_Pig_Rerun_Sample_E_S1-A5_1_497.d,1,1,15,31,,,PEAKS DB
4,2,P01965|HBA_PIG,VLSAADKANVKA.A,Y,43.09,1185.6716,12,1.1,593.8411,2,8.78,0.9120-0.9399,2.1776E3,5,2061,FF_T_2404_Pig_Rerun_Sample_E_S1-A5_1_497.d,2,2,1,12,,,PEAKS DB
4,2,P01965|HBA_PIG,K.AVGHLDDLPGALSA.L,Y,42.30,1334.6830,14,-3.2,668.3436,2,28.49,0.9555-0.9833,0,5,8661,FF_T_2404_Pig_Rerun_Sample_E_S1-A5_1_497.d,0,0,69,82,,,PEAKS DB
4,2,P01965|HBA_PIG,V.TLAAHHPDDFNPSVH.A,Y,42.17,1656.7644,15,2.7,553.2610,3,12.02,0.8617-0.8896,0,5,3430,FF_T_2404_Pig_Rerun_Sample_E_S1-A5_1_497.d,0,0,108,122,,,PEAKS DB
4,2,P01965|HBA_PIG,VLSAADKANV.K,Y,41.81,986.5396,10,-2.3,494.2737,2,11.35,0.8113-0.8393,7.9348E3,5,3043,FF_T_2404_Pig_Rerun_Sample_E_S1-A5_1_497.d,1,1,1,10,,,PEAKS DB
4,2,P01965|HBA_PIG,K.VGGQAGAHGAEA.L,Y,41.41,1023.4733,12,0.6,512.7419,2,4.79,0.8080-0.8359,0,5,259,FF_T_2404_Pig_Rerun_Sample_E_S1-A5_1_497.d,0,0,17,28,,,PEAKS DB
4,2,P01965|HBA_PIG,VLSAADKANVKAAWGK.V,Y,40.52,1627.9045,16,1.6,543.6406,3,13.86,0.8662-0.8941,0,5,3985,FF_T_2404_Pig_Rerun_Sample_E_S1-A5_1_497.d,0,0,1,16,,,PEAKS DB
4,2,P01965|HBA_PIG,K.AAWGKVGGQAGAHGAEALE.R,Y,39.91,1778.8699,19,2.1,593.9625,3,16.66,0.8046-0.8326,1.3693E2,5,5281,FF_T_2404_Pig_Rerun_Sample_E_S1-A5_1_497.d,1,1,12,30,,,PEAKS DB
4,2,P01965|HBA_PIG,K.VADALTKAV.G,Y,39.69,886.5123,9,-6.9,444.2584,2,16.94,0.7687-0.7967,0,5,5419,FF_T_2404_Pig_Rerun_Sample_E_S1-A5_1_497.d,0,0,62,70,,,PEAKS DB
4,2,P01965|HBA_PIG,V.LSAADKANVK.A,Y,39.35,1015.5662,10,1.8,508.7890,2,5.43,0.8281-0.8561,0,5,653,FF_T_2404_Pig_Rerun_Sample_E_S1-A5_1_497.d,0,0,2,11,,,PEAKS DB
4,2,P01965|HBA_PIG,VLSAADKANVKAAWGKVGGQAGA.H,Y,39.20,2168.1702,23,0.3,723.7276,3,18.88,0.9566-0.9844,0,5,6071,FF_T_2404_Pig_Rerun_Sample_E_S1-A5_1_497.d,0,0,1,23,,,PEAKS DB
4,2,P01965|HBA_PIG,A.VGHLDDLPGAL.S,Y,38.95,1105.5768,11,2.5,553.7946,2,28.48,0.8684-0.8963,2.122E2,5,8636,FF_T_2404_Pig_Rerun_Sample_E_S1-A5_1_497.d,1,1,70,80,,,PEAKS DB
4,2,P01965|HBA_PIG,V.GGQAGAHGAEALERM(+15.99).F,Y,38.74,1469.6681,15,1.5,490.8952,3,7.22,0.7844-0.8124,0,5,1484,FF_T_2404_Pig_Rerun_Sample_E_S1-A5_1_497.d,0,0,18,32,Oxidation (M),M15:Oxidation (M):1000.00,PEAKS DB
4,2,P01965|HBA_PIG,V.TLAAHHPDDFNPSVHAS.L,Y,38.57,1814.8336,17,-1.7,605.9481,3,12.38,0.8248-0.8527,0,5,3534,FF_T_2404_Pig_Rerun_Sample_E_S1-A5_1_497.d,0,0,108,124,,,PEAKS DB
4,2,P01965|HBA_PIG,L.SAADKANVKAA.W,Y,38.30,1044.5563,11,6.9,523.2867,2,4.77,0.8080-0.8359,0,5,246,FF_T_2404_Pig_Rerun_Sample_E_S1-A5_1_497.d,0,0,3,13,,,PEAKS DB
4,2,P01965|HBA_PIG,N.VSTVLTSKYR,Y,38.25,1152.6503,10,1.6,577.3307,2,11.56,0.9242-0.9521,0,5,3250,FF_T_2404_Pig_Rerun_Sample_E_S1-A5_1_497.d,0,0,132,141,,,PEAKS DB
4,2,P01965|HBA_PIG,L.SAADKANVKA.A,Y,37.86,973.5192,10,-8.4,487.7606,2,4.69,0.7900-0.8180,0,5,218,FF_T_2404_Pig_Rerun_Sample_E_S1-A5_1_497.d,0,0,3,12,,,PEAKS DB
4,2,P01965|HBA_PIG,A.VGHLDDLPGALSA.L,Y,37.62,1263.6459,13,0.9,632.8279,2,27.74,0.9220-0.9499,1.0771E4,5,8465,FF_T_2404_Pig_Rerun_Sample_E_S1-A5_1_497.d,3,3,70,82,,,PEAKS DB
4,2,P01965|HBA_PIG,V.GGQAGAHGAEALER.M,Y,37.52,1322.6327,14,-0.8,441.8825,3,6.46,0.7407-0.7687,0,5,1165,FF_T_2404_Pig_Rerun_Sample_E_S1-A5_1_497.d,0,0,18,31,,,PEAKS DB
4,2,P01965|HBA_PIG,L.SAADKANVKAAWGKVGGQAGA.H,Y,37.24,1956.0177,21,-0.2,653.0101,3,14.30,0.8717-0.8997,0,5,4133,FF_T_2404_Pig_Rerun_Sample_E_S1-A5_1_497.d,0,0,3,23,,,PEAKS DB
4,2,P01965|HBA_PIG,H.FNLSHGSDQV.K,Y,37.06,1102.5043,10,-1.0,552.2563,2,16.38,0.8706-0.8986,1.7416E2,5,5180,FF_T_2404_Pig_Rerun_Sample_E_S1-A5_1_497.d,1,1,46,55,,,PEAKS DB
4,2,P01965|HBA_PIG,P.DDFNPSVHASLD.K,Y,36.85,1315.5680,12,4.6,658.7913,2,21.37,0.9242-0.9521,2.2036E2,5,6860,FF_T_2404_Pig_Rerun_Sample_E_S1-A5_1_497.d,1,1,115,126,,,PEAKS DB
4,2,P01965|HBA_PIG,A.DKANVKAAWGKVGGQAGA.H,Y,36.50,1726.9114,18,-1.5,576.6409,3,13.08,0.7900-0.8180,0,5,3747,FF_T_2404_Pig_Rerun_Sample_E_S1-A5_1_497.d,0,0,6,23,,,PEAKS DB
4,2,P01965|HBA_PIG,W.GKVGGQAGAHGAEALERM(+15.99).F,Y,36.48,1753.8529,18,-8.4,585.6174,3,7.38,0.8494-0.8773,0,5,1576,FF_T_2404_Pig_Rerun_Sample_E_S1-A5_1_497.d,0,0,15,32,Oxidation (M),M18:Oxidation (M):1000.00,PEAKS DB
4,2,P01965|HBA_PIG,V.LSAADKANV.K,Y,35.61,887.4712,9,-0.5,444.7406,2,8.63,0.7609-0.7889,0,5,2014,FF_T_2404_Pig_Rerun_Sample_E_S1-A5_1_497.d,0,0,2,10,,,PEAKS DB
4,2,P01965|HBA_PIG,V.GGQAGAHGAEALERM(+15.99)F.L,Y,35.40,1616.7365,16,-1.9,539.9160,3,17.74,0.8281-0.8561,0,5,5755,FF_T_2404_Pig_Rerun_Sample_E_S1-A5_1_497.d,0,0,18,33,Oxidation (M),M15:Oxidation (M):1000.00,PEAKS DB
4,2,P01965|HBA_PIG,VLSAADKAN.V,Y,35.36,887.4712,9,-5.1,444.7386,2,5.87,0.7586-0.7867,6.629E2,5,828,FF_T_2404_Pig_Rerun_Sample_E_S1-A5_1_497.d,1,1,1,9,,,PEAKS DB
4,2,P01965|HBA_PIG,H.LDDLPGALSA.L,Y,34.71,970.4971,10,-0.5,486.2534,2,29.62,0.8102-0.8382,0,5,8964,FF_T_2404_Pig_Rerun_Sample_E_S1-A5_1_497.d,0,0,73,82,,,PEAKS DB
4,2,P01965|HBA_PIG,G.GQAGAHGAEAL.E,Y,34.62,980.4675,11,-2.4,491.2376,2,8.15,0.7956-0.8236,0,5,1874,FF_T_2404_Pig_Rerun_Sample_E_S1-A5_1_497.d,0,0,19,29,,,PEAKS DB
4,2,P01965|HBA_PIG,L.SAADKANV.K,Y,34.25,774.3871,8,-7.9,388.1960,2,4.90,0.7249-0.7530,0,5,328,FF_T_2404_Pig_Rerun_Sample_E_S1-A5_1_497.d,0,0,3,10,,,PEAKS DB
4,2,P01965|HBA_PIG,V.STVLTSKYR,Y,33.24,1053.5818,9,7.2,527.7996,2,8.69,0.8762-0.9041,0,5,2047,FF_T_2404_Pig_Rerun_Sample_E_S1-A5_1_497.d,0,0,133,141,,,PEAKS DB
4,2,P01965|HBA_PIG,G.HLDDLPGALSA.L,Y,33.06,1107.5560,11,-8.1,554.7783,2,25.20,0.8662-0.8941,0,5,7915,FF_T_2404_Pig_Rerun_Sample_E_S1-A5_1_497.d,0,0,72,82,,,PEAKS DB
4,2,P01965|HBA_PIG,F.NLSHGSDQV.K,Y,32.03,955.4359,9,-2.1,478.7221,2,6.72,0.7967-0.8248,1.3803E3,5,1257,FF_T_2404_Pig_Rerun_Sample_E_S1-A5_1_497.d,1,1,47,55,,,PEAKS DB
7,6,P02067|HBB_PIG,V.DEVGGEALGRLLV.V,Y,51.34,1326.7142,13,2.0,664.3627,2,34.97,0.9443-0.9722,0,5,11351,FF_T_2404_Pig_Rerun_Sample_E_S1-A5_1_497.d,0,0,22,34,,,PEAKS DB
7,6,P02067|HBB_PIG,W.TQRFFESFGDLSNADAV.M,Y,50.67,1902.8748,17,10.0,952.4498,2,41.73,1.1499-1.1776,0,5,21581,FF_T_2404_Pig_Rerun_Sample_E_S1-A5_1_497.d,0,0,39,55,,,PEAKS DB
7,6,P02067|HBB_PIG,F.FESFGDLSNADAV.M,Y,49.08,1370.5990,13,2.2,686.3052,2,32.44,0.9822-1.0101,4.5474E3,5,9809,FF_T_2404_Pig_Rerun_Sample_E_S1-A5_1_497.d,1,1,43,55,,,PEAKS DB
7,6,P02067|HBB_PIG,M.VHLSAEEKEAV.L,Y,48.36,1210.6194,11,-4.0,404.5436,3,10.86,0.7081-0.7362,2.296E3,5,2892,FF_T_2404_Pig_Rerun_Sample_E_S1-A5_1_497.d,3,3,2,12,,,PEAKS DB
7,6,P02067|HBB_PIG,V.HLSAEEKEAV.L,Y,48.26,1111.5509,10,1.2,556.7809,2,7.42,0.8583-0.8863,1.5247E4,5,1518,FF_T_2404_Pig_Rerun_Sample_E_S1-A5_1_497.d,2,2,3,12,,,PEAKS DB
7,6,P02067|HBB_PIG,V.NVDEVGGEALGRLLV.V,Y,45.29,1539.8257,15,5.1,770.9206,2,41.80,1.0556-1.0834,6.3739E2,5,21921,FF_T_2404_Pig_Rerun_Sample_E_S1-A5_1_497.d,1,1,20,34,,,PEAKS DB
7,6,P02067|HBB_PIG,K.VNVDEVGGEALGR.L,Y,44.53,1313.6575,13,2.8,657.8349,2,19.74,0.9521-0.9800,9.456E1,5,6330,FF_T_2404_Pig_Rerun_Sample_E_S1-A5_1_497.d,1,1,19,31,,,PEAKS DB
7,6,P02067|HBB_PIG,L.WGKVNVDEVGGEA.L,Y,44.23,1358.6466,13,-3.1,680.3254,2,20.06,0.9309-0.9588,1.2339E2,5,6422,FF_T_2404_Pig_Rerun_Sample_E_S1-A5_1_497.d,1,1,16,28,,,PEAKS DB
7,6,P02067|HBB_PIG,V.DEVGGEALGR.L,Y,41.37,1001.4777,10,4.6,501.7462,2,11.36,0.8203-0.8483,0,5,3145,FF_T_2404_Pig_Rerun_Sample_E_S1-A5_1_497.d,0,0,22,31,,,PEAKS DB
7,6,P02067|HBB_PIG,W.GKVNVDEVGGEALG.R,Y,41.35,1342.6729,14,4.4,672.3436,2,18.56,0.9365-0.9644,5.3792E2,5,5972,FF_T_2404_Pig_Rerun_Sample_E_S1-A5_1_497.d,1,1,17,30,,,PEAKS DB
7,6,P02067|HBB_PIG,F.ESFGDLSNADAV.M,Y,40.81,1223.5305,12,0.7,612.7702,2,27.47,0.9153-0.9432,1.9338E3,5,8409,FF_T_2404_Pig_Rerun_Sample_E_S1-A5_1_497.d,1,1,44,55,,,PEAKS DB
7,6,P02067|HBB_PIG,V.HLSAEEKEA.V,Y,40.76,1012.4825,9,-0.8,507.2458,2,4.86,0.8124-0.8404,0,5,306,FF_T_2404_Pig_Rerun_Sample_E_S1-A5_1_497.d,0,0,3,11,,,PEAKS DB
7,6,P02067|HBB_PIG,R.FFESFGDLSNADAV.M,Y,40.29,1517.6674,14,4.4,759.8409,2,37.17,1.0345-1.0623,4.0951E3,5,13387,FF_T_2404_Pig_Rerun_Sample_E_S1-A5_1_497.d,1,1,42,55,,,PEAKS DB
7,6,P02067|HBB_PIG,L.WGKVNVDEVGGEALG.R,Y,39.87,1528.7521,15,4.3,765.3831,2,25.85,0.9978-1.0256,0,5,8051,FF_T_2404_Pig_Rerun_Sample_E_S1-A5_1_497.d,0,0,16,30,,,PEAKS DB
7,6,P02067|HBB_PIG,V.HLSAEEKEAVLG.L,Y,39.61,1281.6565,12,-2.4,641.8311,2,12.52,0.9766-1.0045,0,5,3575,FF_T_2404_Pig_Rerun_Sample_E_S1-A5_1_497.d,0,0,3,14,,,PEAKS DB
7,6,P02067|HBB_PIG,G.DLSNADAVM(+15.99)GNPK.V,Y,37.92,1346.6136,13,3.8,674.3136,2,10.69,0.9354-0.9633,0,5,2848,FF_T_2404_Pig_Rerun_Sample_E_S1-A5_1_497.d,0,0,48,60,Oxidation (M),M9:Oxidation (M):1000.00,PEAKS DB
7,6,P02067|HBB_PIG,G.KVNVDEVGGEALG.R,Y,36.61,1285.6514,13,0.2,643.8302,2,18.49,0.9298-0.9577,0,5,5963,FF_T_2404_Pig_Rerun_Sample_E_S1-A5_1_497.d,0,0,18,30,,,PEAKS DB
7,6,P02067|HBB_PIG,V.NVDEVGGEALGR.L,Y,36.44,1214.5891,12,-0.3,608.2989,2,14.79,0.9008-0.9287,8.9311E2,5,4306,FF_T_2404_Pig_Rerun_Sample_E_S1-A5_1_497.d,1,1,20,31,,,PEAKS DB
7,6,P02067|HBB_PIG,V.DEVGGEALGRL.L,Y,35.41,1114.5618,11,1.3,558.2864,2,23.72,0.8561-0.8840,0,5,7621,FF_T_2404_Pig_Rerun_Sample_E_S1-A5_1_497.d,0,0,22,32,,,PEAKS DB
7,6,P02067|HBB_PIG,H.LSAEEKEAV.L,Y,35.34,974.4920,9,-1.0,488.2506,2,9.20,0.8001-0.8281,1.0961E3,5,2261,FF_T_2404_Pig_Rerun_Sample_E_S1-A5_1_497.d,1,1,4,12,,,PEAKS DB
7,6,P02067|HBB_PIG,V.HLSAEEKE.A,Y,34.89,941.4454,8,-1.6,471.7271,2,4.43,0.7855-0.8136,0,5,150,FF_T_2404_Pig_Rerun_Sample_E_S1-A5_1_497.d,0,0,3,10,,,PEAKS DB
7,6,P02067|HBB_PIG,M.VHLSAEEKEAVLG.L,Y,34.69,1380.7249,13,-13.8,461.2405,3,16.35,0.7485-0.7766,0,5,5179,FF_T_2404_Pig_Rerun_Sample_E_S1-A5_1_497.d,0,0,2,14,,,PEAKS DB
7,6,P02067|HBB_PIG,W.GKVNVDEVGGEA.L,Y,34.48,1172.5673,12,0.5,587.2886,2,11.56,0.8650-0.8930,1.1517E2,5,3224,FF_T_2404_Pig_Rerun_Sample_E_S1-A5_1_497.d,1,1,17,28,,,PEAKS DB
7,6,P02067|HBB_PIG,P.WTQRFFESFGDLSNADAV.M,Y,32.03,2088.9541,18,4.8,1045.4846,2,41.81,1.2020-1.2296,0,5,21882,FF_T_2404_Pig_Rerun_Sample_E_S1-A5_1_497.d,0,0,38,55,,,PEAKS DB
7,6,P02067|HBB_PIG,L.SAEEKEAV.L,Y,31.87,861.4080,8,-11.3,431.7044,2,5.04,0.7429-0.7710,0,5,402,FF_T_2404_Pig_Rerun_Sample_E_S1-A5_1_497.d,0,0,5,12,,,PEAKS DB
8,20,P29700|FETUA_PIG,F.SGVASVESASGEAFHVG.K,Y,55.50,1589.7322,17,5.0,795.8738,2,24.15,1.0401-1.0679,2.0465E2,5,7698,FF_T_2404_Pig_Rerun_Sample_E_S1-A5_1_497.d,1,1,314,330,,,PEAKS DB
8,20,P29700|FETUA_PIG,M.VVAVPPGIPPV.H,Y,49.45,1043.6378,11,3.9,522.8259,2,34.14,0.8248-0.8527,0,5,10797,FF_T_2404_Pig_Rerun_Sample_E_S1-A5_1_497.d,0,0,292,302,,,PEAKS DB
8,20,P29700|FETUA_PIG,M.VVAVPPGIPPVHR.S,Y,46.77,1336.7979,13,-11.6,446.5994,3,21.61,0.8035-0.8315,0,5,6938,FF_T_2404_Pig_Rerun_Sample_E_S1-A5_1_497.d,0,0,292,304,,,PEAKS DB
8,20,P29700|FETUA_PIG,V.VLQPQPAGADAGATPV.V,Y,45.62,1490.7728,16,3.3,746.3928,2,20.28,1.0178-1.0456,0,5,6498,FF_T_2404_Pig_Rerun_Sample_E_S1-A5_1_497.d,0,0,253,268,,,PEAKS DB
8,20,P29700|FETUA_PIG,P.M(+15.99)VVAVPPGIPPVH.R,Y,44.60,1327.7322,13,1.9,664.8716,2,28.04,0.9555-0.9833,3.2826E3,5,8536,FF_T_2404_Pig_Rerun_Sample_E_S1-A5_1_497.d,3,3,291,303,Oxidation (M),M1:Oxidation (M):1000.00,PEAKS DB
8,20,P29700|FETUA_PIG,A.VPPGIPPVH.R,Y,44.22,911.5228,9,-4.5,456.7646,2,18.04,0.7956-0.8236,4.1498E3,5,5862,FF_T_2404_Pig_Rerun_Sample_E_S1-A5_1_497.d,4,4,295,303,,,PEAKS DB
8,20,P29700|FETUA_PIG,F.SGVASVESASGEAFHVGKTPK.G,Y,42.79,2044.0225,21,-1.7,682.3439,3,17.63,0.9544-0.9822,9.1619E1,5,5652,FF_T_2404_Pig_Rerun_Sample_E_S1-A5_1_497.d,1,1,314,334,,,PEAKS DB
8,20,P29700|FETUA_PIG,A.DVPAASLVVGPM(+15.99)VV.A,Y,36.41,1368.7323,14,7.4,685.3754,2,36.28,0.9688-0.9967,2.0712E2,5,12451,FF_T_2404_Pig_Rerun_Sample_E_S1-A5_1_497.d,1,1,280,293,Oxidation (M),M12:Oxidation (M):1000.00,PEAKS DB
8,20,P29700|FETUA_PIG,M.VVAVPPGIPPVH.R,Y,35.16,1180.6968,12,1.8,591.3541,2,26.38,0.8986-0.9265,3.7792E3,5,8094,FF_T_2404_Pig_Rerun_Sample_E_S1-A5_1_497.d,1,1,292,303,,,PEAKS DB
8,20,P29700|FETUA_PIG,V.ESASGEAFHVGKTPK.G,Y,33.98,1543.7631,15,-6.7,515.5892,3,8.98,0.8136-0.8415,0,5,2191,FF_T_2404_Pig_Rerun_Sample_E_S1-A5_1_497.d,0,0,320,334,,,PEAKS DB
8,20,P29700|FETUA_PIG,P.M(+15.99)VVAVPPGIPPVHR.S,Y,33.59,1483.8333,14,-9.8,495.6113,3,23.01,0.8404-0.8684,0,5,7444,FF_T_2404_Pig_Rerun_Sample_E_S1-A5_1_497.d,0,0,291,304,Oxidation (M),M1:Oxidation (M):1000.00,PEAKS DB
8,20,P29700|FETUA_PIG,F.SGVASVESASGEAFHVGK.T,Y,33.12,1717.8270,18,-1.9,573.6126,3,19.97,0.8896-0.9175,0,5,6412,FF_T_2404_Pig_Rerun_Sample_E_S1-A5_1_497.d,0,0,314,331,,,PEAKS DB
8,20,P29700|FETUA_PIG,A.SVESASGEAFHVGKTPK.G,Y,32.80,1729.8634,17,3.5,577.6278,3,11.94,0.8673-0.8952,0,5,3397,FF_T_2404_Pig_Rerun_Sample_E_S1-A5_1_497.d,0,0,318,334,,,PEAKS DB
10,3,P18648|APOA1_PIG,L.DDFQNKWQEEM(+15.99)ET.Y,Y,55.21,1714.6781,13,3.5,858.3455,2,18.60,1.0423-1.0701,3.9544E2,5,5974,FF_T_2404_Pig_Rerun_Sample_E_S1-A5_1_497.d,1,1,125,137,Oxidation (M),M11:Oxidation (M):1000.00,PEAKS DB
10,3,P18648|APOA1_PIG,Y.LDDFQNKWQEEM(+15.99)ETY.R,Y,53.32,1990.8254,15,3.2,996.4187,2,25.06,1.1389-1.1666,6.3082E2,5,7859,FF_T_2404_Pig_Rerun_Sample_E_S1-A5_1_497.d,1,1,124,138,Oxidation (M),M12:Oxidation (M):1000.00,PEAKS DB
10,3,P18648|APOA1_PIG,L.AAIDEASKKLNAQ,Y,50.62,1357.7201,13,2.2,679.8658,2,10.79,0.9867-1.0145,0,5,2886,FF_T_2404_Pig_Rerun_Sample_E_S1-A5_1_497.d,0,0,253,265,,,PEAKS DB
10,3,P18648|APOA1_PIG,R.FEALKEGGGSLAEYQA.K,Y,43.13,1668.7994,16,1.0,835.4041,2,23.30,1.0690-1.0967,0,5,7511,FF_T_2404_Pig_Rerun_Sample_E_S1-A5_1_497.d,0,0,201,216,,,PEAKS DB
10,3,P18648|APOA1_PIG,Y.LDDFQNKWQEEM(+15.99)ET.Y,Y,42.63,1827.7621,14,6.5,914.8901,2,20.94,1.0867-1.1145,2.954E2,5,6732,FF_T_2404_Pig_Rerun_Sample_E_S1-A5_1_497.d,1,1,124,137,Oxidation (M),M12:Oxidation (M):1000.00,PEAKS DB
10,3,P18648|APOA1_PIG,Q.DDPQSPWDRVKD.F,Y,40.15,1456.6582,12,-9.5,486.5532,3,17.22,0.7126-0.7407,0,5,5507,FF_T_2404_Pig_Rerun_Sample_E_S1-A5_1_497.d,0,0,25,36,,,PEAKS DB
10,3,P18648|APOA1_PIG,A.AIDEASKKLN.A,Y,39.48,1087.5873,10,-2.7,544.7970,2,6.44,0.8784-0.9064,0,5,1155,FF_T_2404_Pig_Rerun_Sample_E_S1-A5_1_497.d,0,0,254,263,,,PEAKS DB
10,3,P18648|APOA1_PIG,L.DDFQNKWQEEM(+15.99)ETY.R,Y,36.94,1877.7413,14,2.1,939.8757,2,23.67,1.0978-1.1256,0,5,7608,FF_T_2404_Pig_Rerun_Sample_E_S1-A5_1_497.d,0,0,125,138,Oxidation (M),M11:Oxidation (M):1000.00,PEAKS DB
10,3,P18648|APOA1_PIG,A.IDEASKKLN.A,Y,36.42,1016.5502,9,0.2,509.2802,2,5.31,0.8359-0.8639,0,5,595,FF_T_2404_Pig_Rerun_Sample_E_S1-A5_1_497.d,0,0,255,263,,,PEAKS DB
10,3,P18648|APOA1_PIG,Q.DDPQSPWDRV.K,Y,35.50,1213.5364,10,-1.0,607.7721,2,23.68,0.8706-0.8986,0,5,7614,FF_T_2404_Pig_Rerun_Sample_E_S1-A5_1_497.d,0,0,25,34,,,PEAKS DB
10,3,P18648|APOA1_PIG,Q.DDPQSPWDR.V,Y,33.94,1114.4679,9,13.8,558.2464,2,15.19,0.8382-0.8662,0,5,4472,FF_T_2404_Pig_Rerun_Sample_E_S1-A5_1_497.d,0,0,25,33,,,PEAKS DB
10,3,P18648|APOA1_PIG,Y.VDAIKDSGRDYVAQFEA.S,Y,31.30,1882.9060,17,4.1,628.6423,3,23.45,0.8270-0.8550,0,5,7549,FF_T_2404_Pig_Rerun_Sample_E_S1-A5_1_497.d,0,0,42,58,,,PEAKS DB
12,26,P19619|ANXA1_PIG,I.DNEEQEYIKTV.K,Y,63.02,1366.6252,11,1.5,684.3178,2,19.77,0.9532-0.9811,3.5364E3,5,6307,FF_T_2404_Pig_Rerun_Sample_E_S1-A5_1_497.d,1,1,15,25,,,PEAKS DB
12,26,P19619|ANXA1_PIG,I.DNEEQEYIKTVK.G,Y,59.38,1494.7202,12,11.8,748.3729,2,13.86,1.0345-1.0623,7.7597E1,5,3983,FF_T_2404_Pig_Rerun_Sample_E_S1-A5_1_497.d,1,1,15,26,,,PEAKS DB
12,26,P19619|ANXA1_PIG,I.DNEEQEYIKT.V,Y,54.79,1267.5568,10,1.1,634.7835,2,14.14,0.9075-0.9354,1.1535E3,5,4049,FF_T_2404_Pig_Rerun_Sample_E_S1-A5_1_497.d,1,1,15,24,,,PEAKS DB
12,26,P19619|ANXA1_PIG,W.FIDNEEQEYIKTV.K,Y,51.18,1626.7777,13,8.6,814.3995,2,25.31,1.0623-1.0901,0,5,7945,FF_T_2404_Pig_Rerun_Sample_E_S1-A5_1_497.d,0,0,13,25,,,PEAKS DB
12,26,P19619|ANXA1_PIG,W.FIDNEEQEYIKT.V,Y,50.46,1527.7092,12,7.1,764.8639,2,20.99,1.0178-1.0456,0,5,6761,FF_T_2404_Pig_Rerun_Sample_E_S1-A5_1_497.d,0,0,13,24,,,PEAKS DB
12,26,P19619|ANXA1_PIG,D.NEEQEYIKTV.K,Y,41.46,1251.5983,10,3.0,626.8055,2,16.96,0.9187-0.9466,0,5,5430,FF_T_2404_Pig_Rerun_Sample_E_S1-A5_1_497.d,0,0,16,25,,,PEAKS DB
12,26,P19619|ANXA1_PIG,D.NEEQEYIKT.V,Y,40.42,1152.5299,9,-2.5,577.2682,2,12.10,0.8673-0.8952,0,5,3454,FF_T_2404_Pig_Rerun_Sample_E_S1-A5_1_497.d,0,0,16,24,,,PEAKS DB
9,45,Q95274|TYB4_PIG,K.ETIEQEKQAGES,Y,50.71,1347.6154,12,4.0,674.8146,2,6.07,0.9309-0.9588,1.0194E3,5,920,FF_T_2404_Pig_Rerun_Sample_E_S1-A5_1_497.d,1,1,33,44,,,PEAKS DB
9,45,Q95274|TYB4_PIG,N.PLPSKETIEQEKQAGES,Y,45.11,1869.9319,17,0.8,624.3156,3,11.50,0.8102-0.8382,4.1882E3,5,3197,FF_T_2404_Pig_Rerun_Sample_E_S1-A5_1_497.d,1,1,28,44,,,PEAKS DB
9,45,Q95274|TYB4_PIG,K.TETQEKNPLPS.K,Y,38.27,1242.6091,11,-1.5,622.3081,2,10.54,0.8784-0.9064,2.3625E2,5,2773,FF_T_2404_Pig_Rerun_Sample_E_S1-A5_1_497.d,1,1,21,31,,,PEAKS DB
9,45,Q95274|TYB4_PIG,E.TIEQEKQAGES,Y,38.05,1218.5728,11,-1.9,610.2897,2,5.16,0.8997-0.9276,0,5,477,FF_T_2404_Pig_Rerun_Sample_E_S1-A5_1_497.d,0,0,34,44,,,PEAKS DB
9,45,Q95274|TYB4_PIG,K.TETQEKNPLPSKETIEQE.K,Y,37.70,2100.0222,18,-3.8,701.0089,3,13.59,0.8449-0.8729,0,5,3897,FF_T_2404_Pig_Rerun_Sample_E_S1-A5_1_497.d,0,0,21,38,,,PEAKS DB
9,45,Q95274|TYB4_PIG,S.KETIEQEKQAGES,Y,37.32,1475.7103,13,-4.8,492.9062,3,4.98,0.7081-0.7362,0,5,368,FF_T_2404_Pig_Rerun_Sample_E_S1-A5_1_497.d,0,0,32,44,,,PEAKS DB
9,45,Q95274|TYB4_PIG,K.TETQEKNPLPSKETIEQEK.Q,Y,37.31,2228.1172,19,-8.8,558.0292,4,11.19,0.8404-0.8684,0,5,3024,FF_T_2404_Pig_Rerun_Sample_E_S1-A5_1_497.d,0,0,21,39,,,PEAKS DB
9,45,Q95274|TYB4_PIG,K.TETQEKNPLPSKETIEQEKQAGES,Y,36.77,2700.3088,24,2.9,676.0834,4,11.77,0.8695-0.8974,0,5,3327,FF_T_2404_Pig_Rerun_Sample_E_S1-A5_1_497.d,0,0,21,44,,,PEAKS DB
9,45,Q95274|TYB4_PIG,T.QEKNPLPSKETIEQEKQAGES,Y,35.29,2369.1709,21,14.9,790.7391,3,11.19,0.9064-0.9343,0,5,3023,FF_T_2404_Pig_Rerun_Sample_E_S1-A5_1_497.d,0,0,24,44,,,PEAKS DB
9,45,Q95274|TYB4_PIG,P.SKETIEQEKQAGES,Y,34.40,1562.7423,14,-0.3,521.9189,3,5.12,0.7227-0.7508,0,5,451,FF_T_2404_Pig_Rerun_Sample_E_S1-A5_1_497.d,0,0,31,44,,,PEAKS DB
9,45,Q95274|TYB4_PIG,T.ETQEKNPLPS.K,Y,33.13,1141.5615,10,0.8,571.7859,2,10.18,0.8594-0.8874,0,5,2665,FF_T_2404_Pig_Rerun_Sample_E_S1-A5_1_497.d,0,0,22,31,,,PEAKS DB
9,45,Q95274|TYB4_PIG,T.ETQEKNPLPSKETIEQEKQAGES,Y,32.98,2599.2612,23,-2.9,650.8177,4,11.71,0.8930-0.9209,0,5,3307,FF_T_2404_Pig_Rerun_Sample_E_S1-A5_1_497.d,0,0,22,44,,,PEAKS DB
9,45,Q95274|TYB4_PIG,K.KTETQEKNPLPSKETIEQEKQAGES,Y,32.76,2828.4038,25,7.4,708.1103,4,10.20,0.9164-0.9443,1.1081E3,5,2634,FF_T_2404_Pig_Rerun_Sample_E_S1-A5_1_497.d,1,1,20,44,,,PEAKS DB
9,45,Q95274|TYB4_PIG,K.NPLPSKETIEQEKQAGES,Y,32.53,1983.9749,18,-1.3,662.3284,3,12.13,0.8303-0.8583,0,5,3464,FF_T_2404_Pig_Rerun_Sample_E_S1-A5_1_497.d,0,0,27,44,,,PEAKS DB
9,45,Q95274|TYB4_PIG,E.KNPLPSKETIEQEKQAGES,Y,32.21,2112.0698,19,4.7,705.0307,3,10.37,0.8572-0.8852,3.2234E2,5,2695,FF_T_2404_Pig_Rerun_Sample_E_S1-A5_1_497.d,1,1,26,44,,,PEAKS DB
6,50,Q95JC9|PRP_PIG,P.GARPPPGPPPPGPPPPGP.A,Y,44.53,1637.8677,18,3.4,819.9402,2,15.79,1.0256-1.0534,0,5,4846,FF_T_2404_Pig_Rerun_Sample_E_S1-A5_1_497.d,0,0,76,93,,,PEAKS DB
6,50,Q95JC9|PRP_PIG,P.PGARPPPGPPPPGPPPPGP.A,Y,44.13,1734.9204,19,4.1,579.3138,3,16.59,0.8963-0.9242,4.2423E2,5,5261,FF_T_2404_Pig_Rerun_Sample_E_S1-A5_1_497.d,1,1,75,93,,,PEAKS DB
6,50,Q95JC9|PRP_PIG,A.RPPPGPPPPGPPPPGP.A,Y,42.14,1509.8091,16,2.6,755.9103,2,15.51,1.0023-1.0301,1.0794E4,5,4453,FF_T_2404_Pig_Rerun_Sample_E_S1-A5_1_497.d,1,1,78,93,,,PEAKS DB
6,50,Q95JC9|PRP_PIG,A.RPPPPPPPPADEPQQGP.A,Y,42.05,1772.8845,17,6.3,887.4511,2,12.23,1.0645-1.0923,0,5,3489,FF_T_2404_Pig_Rerun_Sample_E_S1-A5_1_497.d,0,0,414,430,,,PEAKS DB
6,50,Q95JC9|PRP_PIG,A.RPPPGPPPPGPPPP.G,Y,42.01,1355.7349,14,1.3,678.8726,2,13.93,0.9922-1.0201,5.1376E3,5,4002,FF_T_2404_Pig_Rerun_Sample_E_S1-A5_1_497.d,2,2,78,91,,,PEAKS DB
6,50,Q95JC9|PRP_PIG,P.SPPRPPPGPPP.Q,Y,39.33,1094.5872,11,0.6,548.2987,2,10.65,0.8248-0.8527,0,5,2835,FF_T_2404_Pig_Rerun_Sample_E_S1-A5_1_497.d,0,0,665,675,,,PEAKS DB
6,50,Q95JC9|PRP_PIG,P.GARPPPPPPPPADEPQQGP.A,Y,39.04,1900.9431,19,4.9,634.6552,3,13.24,0.8315-0.8594,3.6127E2,5,3787,FF_T_2404_Pig_Rerun_Sample_E_S1-A5_1_497.d,1,1,412,430,,,PEAKS DB
6,50,Q95JC9|PRP_PIG,R.PPPGPPPPGPPPPGP.A,Y,39.01,1353.7080,15,2.1,677.8596,2,19.89,0.9555-0.9833,5.3951E3,5,6319,FF_T_2404_Pig_Rerun_Sample_E_S1-A5_1_497.d,1,1,79,93,,,PEAKS DB
6,50,Q95JC9|PRP_PIG,P.PGPPPPGPPPP.G,Y,37.26,1005.5283,11,-9.3,503.7645,2,15.24,0.8091-0.8371,0,5,4490,FF_T_2404_Pig_Rerun_Sample_E_S1-A5_1_497.d,0,0,81,91,,,PEAKS DB
6,50,Q95JC9|PRP_PIG,P.APPGARPPPPPPPPADEPQQGP.A,Y,35.78,2166.0857,22,1.5,723.0336,3,15.57,0.9041-0.9321,0,5,4772,FF_T_2404_Pig_Rerun_Sample_E_S1-A5_1_497.d,0,0,409,430,,,PEAKS DB
6,50,Q95JC9|PRP_PIG,P.PPGPAPPGARPPPGPPPPGPP.P,Y,35.61,1903.0104,21,0.9,635.3418,3,17.98,0.9298-0.9577,1.1315E4,5,5684,FF_T_2404_Pig_Rerun_Sample_E_S1-A5_1_497.d,2,2,90,110,,,PEAKS DB
6,50,Q95JC9|PRP_PIG,R.PPPGPPPPGPPPP.G,Y,35.45,1199.6338,13,0.8,600.8220,2,18.66,0.8583-0.8863,3.9728E3,5,5958,FF_T_2404_Pig_Rerun_Sample_E_S1-A5_1_497.d,2,2,79,91,,,PEAKS DB
6,50,Q95JC9|PRP_PIG,P.GPPPPGPPPP.G,Y,32.92,908.4755,10,-0.9,455.2426,2,13.19,0.7609-0.7889,0,5,3776,FF_T_2404_Pig_Rerun_Sample_E_S1-A5_1_497.d,0,0,82,91,,,PEAKS DB
6,50,Q95JC9|PRP_PIG,P.APPGARPPPGPPPPGPPPPGP.A,Y,32.84,1903.0104,21,0.9,635.3418,3,17.98,0.9666-0.9945,9.2547E3,5,5753,FF_T_2404_Pig_Rerun_Sample_E_S1-A5_1_497.d,1,1,73,93,,,PEAKS DB
6,50,Q95JC9|PRP_PIG,P.PGPAPPGARPPPGPPPPPPGP.S,Y,32.13,1903.0104,21,0.9,635.3418,3,17.98,0.9309-0.9588,9.2547E3,5,5947,FF_T_2404_Pig_Rerun_Sample_E_S1-A5_1_497.d,1,1,644,664,,,PEAKS DB
13,22,P18650|APOE_PIG,R.M(+15.99)QSAVSISSSTSAPSDNQ,Y,60.81,1811.7843,18,2.1,906.8972,2,14.20,1.0967-1.1245,1.5832E2,5,4086,FF_T_2404_Pig_Rerun_Sample_E_S1-A5_1_497.d,1,1,300,317,Oxidation (M),M1:Oxidation (M):1000.00,PEAKS DB
13,22,P18650|APOE_PIG,V.SISSSTSAPSDNQ,Y,49.19,1279.5527,13,1.1,640.7814,2,7.61,0.9097-0.9376,2.6886E3,5,1635,FF_T_2404_Pig_Rerun_Sample_E_S1-A5_1_497.d,1,1,305,317,,,PEAKS DB
13,22,P18650|APOE_PIG,E.RM(+15.99)QSAVSISSSTSAPSD.N,Y,47.93,1725.7839,17,3.6,863.8984,2,11.76,1.0712-1.0989,7.194E1,5,3311,FF_T_2404_Pig_Rerun_Sample_E_S1-A5_1_497.d,1,1,299,315,Oxidation (M),M2:Oxidation (M):1000.00,PEAKS DB
13,22,P18650|APOE_PIG,A.VSISSSTSAPSDNQ,Y,40.44,1378.6212,14,5.3,690.3184,2,11.73,0.9544-0.9822,0,5,3312,FF_T_2404_Pig_Rerun_Sample_E_S1-A5_1_497.d,0,0,304,317,,,PEAKS DB
13,22,P18650|APOE_PIG,S.AVSISSSTSAPSDNQ,Y,40.21,1449.6583,15,-0.7,725.8326,2,12.64,0.9844-1.0123,0,5,3618,FF_T_2404_Pig_Rerun_Sample_E_S1-A5_1_497.d,0,0,303,317,,,PEAKS DB
13,22,P18650|APOE_PIG,R.ERLGPLVEQG.R,Y,37.68,1096.5876,10,-6.0,549.2953,2,19.28,0.8538-0.8818,0,5,6175,FF_T_2404_Pig_Rerun_Sample_E_S1-A5_1_497.d,0,0,196,205,,,PEAKS DB
13,22,P18650|APOE_PIG,M.QSAVSISSSTSAPSDNQ,Y,36.58,1664.7489,17,3.3,833.3807,2,13.78,1.0534-1.0812,0,5,3957,FF_T_2404_Pig_Rerun_Sample_E_S1-A5_1_497.d,0,0,301,317,,,PEAKS DB
13,22,P18650|APOE_PIG,R.TKVEEQGSQL.R,Y,34.95,1117.5615,10,-0.5,559.7852,2,8.65,0.8460-0.8740,0,5,2022,FF_T_2404_Pig_Rerun_Sample_E_S1-A5_1_497.d,0,0,258,267,,,PEAKS DB
5,4,P51524|PF11_PIG,R.FPPPNFPGPRFPPPNFPGP.R,Y,49.51,2075.0417,19,6.7,1038.5304,2,41.77,1.2086-1.2362,1.4054E4,5,21707,FF_T_2404_Pig_Rerun_Sample_E_S1-A5_1_497.d,1,1,142,160,,,PEAKS DB
5,4,P51524|PF11_PIG,R.FPPPNFPGPRFPPPNFPGPR.F,Y,41.21,2231.1428,20,3.5,744.7208,3,41.85,0.9209-0.9488,3.0033E3,5,22056,FF_T_2404_Pig_Rerun_Sample_E_S1-A5_1_497.d,1,1,142,161,,,PEAKS DB
5,4,P51524|PF11_PIG,R.FPPPNFPGPR.F,Y,41.08,1124.5767,10,1.3,563.2938,2,39.74,0.8662-0.8941,2.4666E5,5,16404,FF_T_2404_Pig_Rerun_Sample_E_S1-A5_1_497.d,14,14,142,151,,,PEAKS DB
5,4,P51524|PF11_PIG,V.DRLNEQSSEANLY.R,N,38.30,1537.7008,13,6.6,769.8593,2,16.78,1.0067-1.0345,0,5,5360,FF_T_2404_Pig_Rerun_Sample_E_S1-A5_1_497.d,0,0,27,39,,,PEAKS DB
5,4,P51524|PF11_PIG,R.QAFPPPNVPGPR.F,Y,37.15,1275.6724,12,1.9,638.8418,2,27.76,0.9041-0.9321,1.7308E3,5,8470,FF_T_2404_Pig_Rerun_Sample_E_S1-A5_1_497.d,1,1,130,141,,,PEAKS DB
5,4,P51524|PF11_PIG,A.FPPPNVPGPR.F,Y,35.98,1076.5767,10,-0.8,539.2927,2,18.47,0.8337-0.8617,0,5,5961,FF_T_2404_Pig_Rerun_Sample_E_S1-A5_1_497.d,0,0,132,141,,,PEAKS DB
5,4,P51524|PF11_PIG,R.QAFPPPNVPGPRFPPPNFPGP.R,Y,35.87,2226.1375,21,12.2,1114.0846,2,39.44,1.2373-1.2649,6.9121E2,5,16986,FF_T_2404_Pig_Rerun_Sample_E_S1-A5_1_497.d,1,1,130,150,,,PEAKS DB
5,4,P51524|PF11_PIG,R.FPPPNFPGPRFPPPN.F,Y,34.83,1676.8463,15,6.6,839.4322,2,41.69,1.0801-1.1078,1.8018E3,5,21316,FF_T_2404_Pig_Rerun_Sample_E_S1-A5_1_497.d,1,1,142,156,,,PEAKS DB
5,4,P51524|PF11_PIG,F.PPPNFPGPR.F,Y,34.52,977.5082,9,-1.0,489.7587,2,15.26,0.8225-0.8505,2.0553E3,5,4438,FF_T_2404_Pig_Rerun_Sample_E_S1-A5_1_497.d,1,1,143,151,,,PEAKS DB
5,4,P51524|PF11_PIG,R.FPPPNFPGPRFPPPNFP.G,Y,34.32,1920.9674,17,9.7,961.4960,2,41.79,1.1488-1.1765,9.3072E2,5,21729,FF_T_2404_Pig_Rerun_Sample_E_S1-A5_1_497.d,1,1,142,158,,,PEAKS DB
5,4,P51524|PF11_PIG,F.PPPNVPGPR.F,Y,33.94,929.5082,9,-13.2,465.7532,2,10.38,0.7990-0.8270,0,5,2740,FF_T_2404_Pig_Rerun_Sample_E_S1-A5_1_497.d,0,0,133,141,,,PEAKS DB
5,4,P51524|PF11_PIG,R.FPPPNFP.G,Y,33.74,814.4013,7,-6.5,408.2035,2,31.66,0.7373-0.7654,3.4304E3,5,9544,FF_T_2404_Pig_Rerun_Sample_E_S1-A5_1_497.d,1,1,142,148,,,PEAKS DB
5,4,P51524|PF11_PIG,R.FPPPNFPGPRFPPP.N,Y,31.92,1562.8033,14,14.3,782.4166,2,41.75,1.0412-1.0690,0,5,21680,FF_T_2404_Pig_Rerun_Sample_E_S1-A5_1_497.d,0,0,142,155,,,PEAKS DB
5,4,P51524|PF11_PIG,L.ELDQPPKADEDPGTPKPV.S,N,31.72,1931.9475,18,4.0,644.9894,3,14.10,0.8270-0.8550,0,5,4061,FF_T_2404_Pig_Rerun_Sample_E_S1-A5_1_497.d,0,0,43,60,,,PEAKS DB
11,29,P01025|CO3_PIG,R.EEIPPADLSDQVPDTESETKILLQGTPVAQM(+15.99)VEDA.I,Y,48.48,3780.8137,35,3.7,1261.2775,3,41.57,1.1477-1.1754,5.1082E2,5,20934,FF_T_2404_Pig_Rerun_Sample_E_S1-A5_1_497.d,1,1,958,992,Oxidation (M),M31:Oxidation (M):1000.00,PEAKS DB
11,29,P01025|CO3_PIG,E.IPPADLSDQVPDTESET.K,Y,43.60,1812.8264,17,3.8,907.4199,2,24.34,1.1222-1.1499,4.6442E3,5,7741,FF_T_2404_Pig_Rerun_Sample_E_S1-A5_1_497.d,1,1,960,976,,,PEAKS DB
11,29,P01025|CO3_PIG,R.EEIPPADLSDQVPDTESETKILL.Q,Y,43.31,2538.2588,23,3.8,1270.1357,2,41.68,1.3498-1.3773,9.4018E2,5,21322,FF_T_2404_Pig_Rerun_Sample_E_S1-A5_1_497.d,1,1,958,980,,,PEAKS DB
11,29,P01025|CO3_PIG,R.TLDPEHKGQQGVQR.E,Y,42.24,1591.8066,14,-1.3,531.6064,3,5.55,0.7967-0.8248,2.8924E2,5,698,FF_T_2404_Pig_Rerun_Sample_E_S1-A5_1_497.d,1,1,944,957,,,PEAKS DB
11,29,P01025|CO3_PIG,R.EEIPPADLSDQVPDTESETKILLQGTPV.A,Y,40.28,3020.5076,28,6.2,1007.8448,3,41.63,1.0601-1.0879,0,5,21143,FF_T_2404_Pig_Rerun_Sample_E_S1-A5_1_497.d,0,0,958,985,,,PEAKS DB
11,29,P01025|CO3_PIG,R.EEIPPADLSDQVPDTESETKILLQGTPVA.Q,Y,39.03,3091.5447,29,8.6,1031.5264,3,41.61,1.0823-1.1100,0,5,21111,FF_T_2404_Pig_Rerun_Sample_E_S1-A5_1_497.d,0,0,958,986,,,PEAKS DB
11,29,P01025|CO3_PIG,T.LDPEHKGQQGVQR.E,Y,37.95,1490.7589,13,-5.1,497.9221,3,4.96,0.7710-0.7990,0,5,357,FF_T_2404_Pig_Rerun_Sample_E_S1-A5_1_497.d,0,0,945,957,,,PEAKS DB
11,29,P01025|CO3_PIG,R.TLDPEHKGQQGVQ.R,Y,34.97,1435.7056,13,-1.8,479.5728,3,6.54,0.7261-0.7541,2.5176E3,5,1197,FF_T_2404_Pig_Rerun_Sample_E_S1-A5_1_497.d,1,1,944,956,,,PEAKS DB
11,29,P01025|CO3_PIG,W.ESASLLR.S,Y,32.42,774.4235,7,1.3,388.2178,2,12.15,0.7440-0.7721,0,5,3473,FF_T_2404_Pig_Rerun_Sample_E_S1-A5_1_497.d,0,0,1312,1318,,,PEAKS DB
14,8,Q6QAQ1|ACTB_PIG,V.GM(+15.99)GQKDSYVGDEAQS.K,Y,49.02,1586.6519,15,2.1,794.3313,2,7.61,1.0045-1.0323,0,5,1659,FF_T_2404_Pig_Rerun_Sample_E_S1-A5_1_497.d,0,0,46,60,Oxidation (M),M2:Oxidation (M):1000.00,PEAKS DB
14,8,Q6QAQ1|ACTB_PIG,M.VGM(+15.99)GQKDSYVGDEAQS.K,Y,48.38,1685.7202,16,7.8,843.8702,2,8.79,1.0390-1.0668,6.3673E1,5,2098,FF_T_2404_Pig_Rerun_Sample_E_S1-A5_1_497.d,1,1,45,60,Oxidation (M),M3:Oxidation (M):1000.00,PEAKS DB
14,8,Q6QAQ1|ACTB_PIG,M.DSGDGVTHTVPIYEGY.A,Y,40.66,1708.7581,16,7.2,855.3886,2,26.69,1.0645-1.0923,1.0777E2,5,8254,FF_T_2404_Pig_Rerun_Sample_E_S1-A5_1_497.d,1,1,154,169,,,PEAKS DB
14,8,Q6QAQ1|ACTB_PIG,L.TEAPLNPK.A,Y,39.73,868.4654,8,-5.6,435.2356,2,8.08,0.7754-0.8035,0,5,1842,FF_T_2404_Pig_Rerun_Sample_E_S1-A5_1_497.d,0,0,106,113,,,PEAKS DB
14,8,Q6QAQ1|ACTB_PIG,V.LLTEAPLNPK.A,Y,34.96,1094.6335,10,-0.6,548.3212,2,19.45,0.9086-0.9365,0,5,6225,FF_T_2404_Pig_Rerun_Sample_E_S1-A5_1_497.d,0,0,104,113,,,PEAKS DB
14,8,Q6QAQ1|ACTB_PIG,Y.NELRVAPEEHPV.L,Y,32.49,1388.7048,12,6.8,695.3613,2,13.89,0.9811-1.0089,0,5,3998,FF_T_2404_Pig_Rerun_Sample_E_S1-A5_1_497.d,0,0,92,103,,,PEAKS DB
18,32,P80272|HMGN2_PIG,K.TDQAQKAEGAGDA.K,Y,60.46,1260.5582,13,2.4,631.2850,2,4.79,0.8852-0.9131,4.7869E2,5,231,FF_T_2404_Pig_Rerun_Sample_E_S1-A5_1_497.d,1,1,77,89,,,PEAKS DB
18,32,P80272|HMGN2_PIG,T.DQAQKAEGAGDA.K,Y,39.62,1159.5105,12,5.8,580.7632,2,4.65,0.8382-0.8662,0,5,203,FF_T_2404_Pig_Rerun_Sample_E_S1-A5_1_497.d,0,0,78,89,,,PEAKS DB
18,32,P80272|HMGN2_PIG,R.LSAKPAPPKPEPKPK.K,Y,35.23,1583.9398,15,-9.1,396.9868,4,5.79,0.7833-0.8113,0,5,811,FF_T_2404_Pig_Rerun_Sample_E_S1-A5_1_497.d,0,0,28,42,,,PEAKS DB
15,19,Q19AZ8|THRB_PIG,R.TTADDFQPFFNEKTF.G,Y,49.76,1806.8101,15,1.5,904.4096,2,34.86,1.1156-1.1433,1.491E2,5,11251,FF_T_2404_Pig_Rerun_Sample_E_S1-A5_1_497.d,1,1,316,330,,,PEAKS DB
15,19,Q19AZ8|THRB_PIG,R.TTADDFQPFFNEKT.F,Y,49.54,1659.7416,14,7.7,830.8807,2,30.06,1.0523-1.0801,1.8091E2,5,9083,FF_T_2404_Pig_Rerun_Sample_E_S1-A5_1_497.d,1,1,316,329,,,PEAKS DB
15,19,Q19AZ8|THRB_PIG,A.DDFQPFFNEKT.F,Y,32.02,1386.6091,11,-0.7,694.3082,2,29.98,0.9499-0.9778,0,5,9073,FF_T_2404_Pig_Rerun_Sample_E_S1-A5_1_497.d,0,0,319,329,,,PEAKS DB
16,653,P50447|A1AT_PIG,A.EGLQGHAVQETDVPR.H,Y,51.74,1634.8013,15,-1.1,545.9380,3,12.16,0.8091-0.8371,1.8135E3,5,3455,FF_T_2404_Pig_Rerun_Sample_E_S1-A5_1_497.d,1,1,25,39,,,PEAKS DB
16,653,P50447|A1AT_PIG,E.GLQGHAVQETDVPR.H,Y,51.35,1505.7587,14,-14.2,502.9174,3,10.75,0.7710-0.7990,0,5,2869,FF_T_2404_Pig_Rerun_Sample_E_S1-A5_1_497.d,0,0,26,39,,,PEAKS DB
21,7,P80054|PR39_PIG,V.DRLNEQSSEANLY.R,N,38.30,1537.7008,13,6.6,769.8593,2,16.78,1.0067-1.0345,0,5,5360,FF_T_2404_Pig_Rerun_Sample_E_S1-A5_1_497.d,0,0,43,55,,,PEAKS DB
21,7,P80054|PR39_PIG,L.ELDQPPKADEDPGTPKPV.S,N,31.72,1931.9475,18,4.0,644.9894,3,14.10,0.8270-0.8550,0,5,4061,FF_T_2404_Pig_Rerun_Sample_E_S1-A5_1_497.d,0,0,59,76,,,PEAKS DB
21,7,P80054|PR39_PIG,R.IPPGFPPRFPP.R,Y,31.69,1220.6705,11,-5.7,611.3363,2,41.84,0.9321-0.9599,7.116E2,5,21758,FF_T_2404_Pig_Rerun_Sample_E_S1-A5_1_497.d,1,1,156,166,,,PEAKS DB
19,1547,P14287|OSTP_PIG,V.SHELESASSEIN,Y,35.20,1301.5735,12,3.4,651.7933,2,11.36,0.9242-0.9521,0,5,3143,FF_T_2404_Pig_Rerun_Sample_E_S1-A5_1_497.d,0,0,292,303,,,PEAKS DB
19,1547,P14287|OSTP_PIG,S.HELESASSEIN,Y,34.60,1214.5415,11,5.4,608.2786,2,10.28,0.8874-0.9153,0,5,2688,FF_T_2404_Pig_Rerun_Sample_E_S1-A5_1_497.d,0,0,293,303,,,PEAKS DB
19,1547,P14287|OSTP_PIG,R.VSHELESASSEIN,Y,34.03,1400.6420,13,2.8,701.3270,2,13.18,0.9766-1.0045,0,5,3770,FF_T_2404_Pig_Rerun_Sample_E_S1-A5_1_497.d,0,0,291,303,,,PEAKS DB
23,88,P06867|PLMN_PIG,G.DSLDDYVNTQGAF.L,Y,43.29,1443.6154,13,6.8,722.8166,2,32.37,0.9889-1.0167,0,5,9832,FF_T_2404_Pig_Rerun_Sample_E_S1-A5_1_497.d,0,0,20,32,,,PEAKS DB
23,88,P06867|PLMN_PIG,G.DSLDDYVNTQGA.F,Y,39.89,1296.5470,12,3.1,649.2798,2,23.45,0.9287-0.9566,4.1269E2,5,7529,FF_T_2404_Pig_Rerun_Sample_E_S1-A5_1_497.d,1,1,20,31,,,PEAKS DB
43,743,Q29308|RS19_PIG,M.PGVTVKDVNQQEFV.R,Y,50.20,1558.7991,14,3.2,780.4058,2,22.81,1.0390-1.0668,0,5,7378,FF_T_2404_Pig_Rerun_Sample_E_S1-A5_1_497.d,0,0,2,15,,,PEAKS DB
24,96,P21753|TYB10_PIG,K.TETQEKNTLPTKETIEQEKQA.K,Y,32.31,2445.2234,21,-6.0,612.3067,4,10.81,0.8606-0.8885,0,5,2895,FF_T_2404_Pig_Rerun_Sample_E_S1-A5_1_497.d,0,0,21,41,,,PEAKS DB
24,96,P21753|TYB10_PIG,K.NTLPTKETIEQEKQA.K,Y,31.23,1728.8894,15,1.2,577.3018,3,11.52,0.7900-0.8180,0,5,3229,FF_T_2404_Pig_Rerun_Sample_E_S1-A5_1_497.d,0,0,27,41,,,PEAKS DB
41,11,P02543|VIME_PIG,R.DGQVINETSQHHDDLE,Y,43.83,1835.7922,16,-5.3,612.9320,3,11.98,0.8012-0.8292,1.1765E2,5,3402,FF_T_2404_Pig_Rerun_Sample_E_S1-A5_1_497.d,1,1,451,466,,,PEAKS DB
39,55,P50390|TTHY_PIG,Y.STTALVSSPKEGAL,Y,43.05,1359.7245,14,4.0,680.8691,2,19.60,0.9778-1.0056,0,5,6282,FF_T_2404_Pig_Rerun_Sample_E_S1-A5_1_497.d,0,0,137,150,,,PEAKS DB
37,321,O97507|FA12_PIG,Y.LAWIQEHTTS,Y,40.66,1184.5825,10,1.8,593.2969,2,21.54,0.8818-0.9097,9.5753E2,5,6897,FF_T_2404_Pig_Rerun_Sample_E_S1-A5_1_497.d,1,1,607,616,,,PEAKS DB
32,28,P08835|ALBU_PIG,R.DTYKSEIAH.R,Y,40.31,1062.4982,9,-1.1,532.2534,2,7.00,0.8684-0.8963,0,5,1396,FF_T_2404_Pig_Rerun_Sample_E_S1-A5_1_497.d,0,0,25,33,,,PEAKS DB
36,449,P48819|VTNC_PIG,V.LLAKTEETPV.L,Y,36.95,1099.6124,10,8.2,550.8155,2,15.08,0.8594-0.8874,0,5,4434,FF_T_2404_Pig_Rerun_Sample_E_S1-A5_1_497.d,0,0,99,108,,,PEAKS DB
25,31,P62936|PPIA_PIG,F.DIAVDGEPLGRV.S,Y,35.91,1239.6459,12,2.6,620.8290,2,26.57,0.9075-0.9354,0,5,8224,FF_T_2404_Pig_Rerun_Sample_E_S1-A5_1_497.d,0,0,9,20,,,PEAKS DB
20,91,O19084|CDSN_PIG,K.DNPVKGSPGAPS.F,Y,35.28,1124.5461,12,-1.7,563.2769,2,7.96,0.8348-0.8628,1.558E3,5,1763,FF_T_2404_Pig_Rerun_Sample_E_S1-A5_1_497.d,1,1,47,58,,,PEAKS DB
28,313,O02773|MA1A1_PIG,G.GGLGGGLGGGLGGGGG.G,Y,35.26,1098.5417,16,10.2,550.2812,2,22.95,0.8572-0.8852,0,5,7416,FF_T_2404_Pig_Rerun_Sample_E_S1-A5_1_497.d,0,0,16,31,,,PEAKS DB
29,33,Q9GLP1|FA5_PIG,Q.DEGNSILK.K,Y,35.25,874.4396,8,-4.2,438.2232,2,12.36,0.7822-0.8102,0,5,3528,FF_T_2404_Pig_Rerun_Sample_E_S1-A5_1_497.d,0,0,996,1003,,,PEAKS DB
34,497,A0P8Z5|UIMC1_PIG,E.EPVSVSSGSWDQSS.Q,Y,34.80,1450.6212,14,5.8,726.3188,2,20.36,0.9231-0.9510,1.9474E2,5,6523,FF_T_2404_Pig_Rerun_Sample_E_S1-A5_1_497.d,1,1,192,205,,,PEAKS DB
27,43,C0HL13|LRP2_PIG,D.CSNGADEHQRCPPGRTCSSHHFTCTNGECIPVEYRCDH.S,Y,33.74,4245.7139,38,14.3,1062.4462,4,15.42,0.9688-0.9967,0,5,4598,FF_T_2404_Pig_Rerun_Sample_E_S1-A5_1_497.d,0,0,93,130,,,PEAKS DB
35,81,P79403|GANAB_PIG,V.HYPQDVTTFS.I,Y,33.62,1193.5353,10,-5.0,597.7692,2,9.71,0.8874-0.9153,0,5,2484,FF_T_2404_Pig_Rerun_Sample_E_S1-A5_1_497.d,0,0,732,741,,,PEAKS DB
26,2140,C5HGF3|TMCO1_PIG,G.GFLGPPPPSGKF.S,Y,33.54,1199.6338,12,1.3,600.8223,2,30.74,0.9108-0.9387,0,5,9270,FF_T_2404_Pig_Rerun_Sample_E_S1-A5_1_497.d,0,0,176,187,,,PEAKS DB
38,1897,P24854|IBP4_PIG,T.LM(+15.99)HGQGLCMELAEIEAI.Q,Y,33.43,1872.8784,17,0.6,625.2976,3,19.85,0.8460-0.8740,6.2071E2,5,6352,FF_T_2404_Pig_Rerun_Sample_E_S1-A5_1_497.d,1,1,94,110,Oxidation (M),M2:Oxidation (M):0.00,PEAKS DB
44,554,P02725|GLPA_PIG,E.LQDTEDPPLTSVEIETPAS,Y,32.69,2040.9739,19,1.3,1021.4909,2,31.29,1.1643-1.1920,0,5,9416,FF_T_2404_Pig_Rerun_Sample_E_S1-A5_1_497.d,0,0,115,133,,,PEAKS DB
31,51,Q29052|ITIH1_PIG,P.DRVTGVDTD.P,Y,32.39,976.4462,9,-1.8,489.2273,2,7.63,0.7945-0.8225,0,5,1676,FF_T_2404_Pig_Rerun_Sample_E_S1-A5_1_497.d,0,0,655,663,,,PEAKS DB
30,460,Q68Y56|TLR4_PIG,S.TYDAFVIYSSQDEDW.V,Y,31.76,1837.7682,15,-12.7,613.5861,3,38.60,0.8471-0.8751,1.0477E5,5,16744,FF_T_2404_Pig_Rerun_Sample_E_S1-A5_1_497.d,1,1,674,688,,,PEAKS DB
40,177,Q9GLP2|PROC_PIG,R.DTDQVDKKEDQIDPR.L,Y,31.33,1800.8489,15,1.8,601.2886,3,7.98,0.8471-0.8751,1.0092E3,5,1780,FF_T_2404_Pig_Rerun_Sample_E_S1-A5_1_497.d,1,1,199,213,,,PEAKS DB
